timestamp,segment,direction,average_speed_kmh,traffic_volume,traffic_density,segment_length_km,travel_time_minutes
2021-01-01 00:00:00,EDSA-North,NB,31.703,1421.0,29.481,1.5,2.66
2021-01-01 01:00:00,EDSA-South,NB,33.376,1520.0,32.376,1.0,1.612
2021-01-01 02:00:00,EDSA-Center,SB,35.816,1192.0,27.953,1.5,2.98
2021-01-01 03:00:00,EDSA-Center,SB,33.115,1035.0,28.543,2.0,3.655
2021-01-01 04:00:00,EDSA-Center,SB,34.165,1110.0,29.462,1.0,1.702
2021-01-01 05:00:00,EDSA-South,SB,36.324,1235.0,25.534,1.0,1.673
2021-01-01 06:00:00,EDSA-North,NB,20.954,1819.0,38.705,1.0,3.082
2021-01-01 07:00:00,EDSA-South,SB,22.678,1997.0,37.443,1.0,2.47
2021-01-01 08:00:00,EDSA-North,SB,26.778,2358.0,43.293,1.5,3.228
2021-01-01 09:00:00,EDSA-North,NB,21.484,1912.0,35.808,2.0,5.75
2021-01-01 10:00:00,EDSA-Center,SB,38.538,1015.0,27.417,1.0,1.178
2021-01-01 11:00:00,EDSA-South,NB,36.678,1152.0,33.355,1.5,2.701
2021-01-01 12:00:00,EDSA-South,SB,30.598,1201.0,29.065,2.0,3.52
2021-01-01 13:00:00,EDSA-South,SB,31.694,1037.0,26.012,1.5,2.778
2021-01-01 14:00:00,EDSA-South,SB,32.499,1164.0,27.92,1.0,1.446
2021-01-01 15:00:00,EDSA-South,SB,32.435,1259.0,26.545,1.0,1.586
2021-01-01 16:00:00,EDSA-Center,NB,21.729,2453.0,46.808,1.0,3.086
2021-01-01 17:00:00,EDSA-North,SB,23.844,2077.0,40.214,1.0,2.777
2021-01-01 18:00:00,EDSA-South,SB,25.765,2093.0,37.667,1.0,2.617
2021-01-01 19:00:00,EDSA-Center,SB,22.925,2375.0,40.979,1.5,3.564
2021-01-01 20:00:00,EDSA-Center,SB,20.663,2001.0,38.744,1.5,4.093
2021-01-01 21:00:00,EDSA-Center,NB,28.753,912.0,27.348,2.0,4.258
2021-01-01 22:00:00,EDSA-North,SB,35.212,1195.0,26.441,2.0,3.587
2021-01-01 23:00:00,EDSA-South,NB,35.077,1344.0,32.68,1.0,1.511
2021-01-02 00:00:00,EDSA-South,SB,33.549,965.0,25.914,1.5,2.538
2021-01-02 01:00:00,EDSA-Center,NB,39.319,883.0,23.289,2.0,2.769
2021-01-02 02:00:00,EDSA-Center,NB,36.722,639.0,21.416,1.0,2.048
2021-01-02 03:00:00,EDSA-South,NB,35.355,889.0,28.726,2.0,3.275
2021-01-02 04:00:00,EDSA-Center,SB,30.114,1122.0,25.126,1.0,2.0
2021-01-02 05:00:00,EDSA-Center,NB,31.461,678.0,21.332,1.5,2.882
2021-01-02 06:00:00,EDSA-Center,NB,19.715,1806.0,38.374,2.0,6.363
2021-01-02 07:00:00,EDSA-North,SB,17.674,1780.0,36.606,1.5,4.854
2021-01-02 08:00:00,EDSA-North,NB,21.501,1724.0,33.948,1.5,4.478
2021-01-02 09:00:00,EDSA-Center,NB,21.071,1895.0,39.418,1.5,3.952
2021-01-02 10:00:00,EDSA-South,NB,29.735,980.0,28.292,1.5,3.318
2021-01-02 11:00:00,EDSA-North,NB,36.59,978.0,26.909,2.0,2.851
2021-01-02 12:00:00,EDSA-South,SB,33.307,724.0,22.103,2.0,3.577
2021-01-02 13:00:00,EDSA-South,SB,27.813,604.0,21.026,1.0,2.564
2021-01-02 14:00:00,EDSA-North,SB,32.846,947.0,26.462,1.5,2.914
2021-01-02 15:00:00,EDSA-Center,NB,33.844,809.0,21.679,2.0,3.651
2021-01-02 16:00:00,EDSA-North,NB,22.918,2181.0,43.436,1.5,3.665
2021-01-02 17:00:00,EDSA-South,NB,18.988,2189.0,44.276,1.5,4.556
2021-01-02 18:00:00,EDSA-South,NB,22.484,2208.0,40.624,2.0,5.673
2021-01-02 19:00:00,EDSA-Center,SB,20.561,1681.0,35.741,2.0,5.954
2021-01-02 20:00:00,EDSA-North,SB,16.055,1952.0,40.525,1.0,3.96
2021-01-02 21:00:00,EDSA-South,NB,28.754,1057.0,31.064,2.0,4.192
2021-01-02 22:00:00,EDSA-Center,SB,36.368,1037.0,30.034,2.0,3.229
2021-01-02 23:00:00,EDSA-South,SB,36.588,836.0,21.145,1.0,1.832
2021-01-03 00:00:00,EDSA-South,NB,33.969,1130.0,27.367,2.0,3.597
2021-01-03 01:00:00,EDSA-South,SB,37.487,900.0,26.352,1.5,2.358
2021-01-03 02:00:00,EDSA-South,NB,36.17,923.0,24.627,1.0,1.305
2021-01-03 03:00:00,EDSA-North,NB,35.051,623.0,25.732,1.5,2.806
2021-01-03 04:00:00,EDSA-Center,SB,30.266,1016.0,29.943,1.5,3.084
2021-01-03 05:00:00,EDSA-Center,SB,38.194,853.0,23.179,1.5,2.205
2021-01-03 06:00:00,EDSA-Center,NB,21.609,1934.0,37.612,1.0,3.071
2021-01-03 07:00:00,EDSA-North,SB,18.842,1892.0,35.963,2.0,6.43
2021-01-03 08:00:00,EDSA-Center,SB,17.995,1883.0,36.959,1.5,5.067
2021-01-03 09:00:00,EDSA-North,SB,20.77,1842.0,36.43,1.0,3.11
2021-01-03 10:00:00,EDSA-South,NB,27.987,1042.0,28.887,1.5,3.383
2021-01-03 11:00:00,EDSA-South,SB,35.099,864.0,23.161,1.5,2.638
2021-01-03 12:00:00,EDSA-South,SB,30.139,638.0,17.104,1.0,1.944
2021-01-03 13:00:00,EDSA-South,SB,34.112,1002.0,23.319,2.0,4.014
2021-01-03 14:00:00,EDSA-Center,SB,31.435,754.0,21.619,1.5,2.68
2021-01-03 15:00:00,EDSA-South,SB,32.207,662.0,21.297,2.0,3.912
2021-01-03 16:00:00,EDSA-Center,SB,17.729,1666.0,35.233,2.0,6.748
2021-01-03 17:00:00,EDSA-North,SB,19.516,1901.0,35.402,1.0,3.188
2021-01-03 18:00:00,EDSA-South,SB,25.668,1833.0,34.353,1.0,2.646
2021-01-03 19:00:00,EDSA-Center,NB,24.155,1466.0,30.701,2.0,4.89
2021-01-03 20:00:00,EDSA-North,NB,21.063,1781.0,33.95,1.5,4.423
2021-01-03 21:00:00,EDSA-Center,SB,32.924,1110.0,26.661,1.0,1.889
2021-01-03 22:00:00,EDSA-South,SB,35.533,819.0,23.221,1.0,1.528
2021-01-03 23:00:00,EDSA-North,SB,36.39,870.0,26.386,1.5,2.788
2021-01-04 00:00:00,EDSA-Center,NB,32.511,1338.0,28.405,1.5,2.946
2021-01-04 01:00:00,EDSA-North,SB,34.768,1293.0,29.156,1.0,1.617
2021-01-04 02:00:00,EDSA-South,NB,29.534,1334.0,29.25,1.0,2.307
2021-01-04 03:00:00,EDSA-Center,NB,38.369,651.0,24.104,1.5,2.138
2021-01-04 04:00:00,EDSA-North,NB,41.195,1462.0,31.505,1.5,2.177
2021-01-04 05:00:00,EDSA-North,NB,35.24,1265.0,31.644,1.0,1.595
2021-01-04 06:00:00,EDSA-Center,SB,15.625,2543.0,42.641,1.0,4.028
2021-01-04 07:00:00,EDSA-South,SB,23.827,1959.0,38.132,1.0,2.398
2021-01-04 08:00:00,EDSA-South,NB,19.288,1783.0,35.048,1.5,4.856
2021-01-04 09:00:00,EDSA-Center,SB,20.01,2101.0,37.413,1.0,3.147
2021-01-04 10:00:00,EDSA-North,NB,36.88,1100.0,27.52,1.0,1.533
2021-01-04 11:00:00,EDSA-South,NB,35.764,1268.0,33.044,2.0,3.813
2021-01-04 12:00:00,EDSA-Center,SB,33.536,1343.0,28.744,2.0,3.392
2021-01-04 13:00:00,EDSA-South,NB,33.051,1134.0,27.789,1.5,2.371
2021-01-04 14:00:00,EDSA-North,SB,35.378,1107.0,25.102,1.0,1.91
2021-01-04 15:00:00,EDSA-North,NB,33.772,1244.0,26.389,2.0,3.016
2021-01-04 16:00:00,EDSA-South,NB,18.672,2054.0,37.745,2.0,6.8
2021-01-04 17:00:00,EDSA-South,SB,21.002,2039.0,38.246,2.0,5.739
2021-01-04 18:00:00,EDSA-Center,SB,23.019,2287.0,41.186,1.0,2.25
2021-01-04 19:00:00,EDSA-South,NB,21.466,2327.0,42.006,1.5,3.956
2021-01-04 20:00:00,EDSA-South,NB,17.759,2295.0,38.797,2.0,6.348
2021-01-04 21:00:00,EDSA-Center,SB,37.967,1120.0,26.625,1.0,1.676
2021-01-04 22:00:00,EDSA-South,NB,26.784,765.0,24.799,1.0,1.908
2021-01-04 23:00:00,EDSA-North,NB,33.661,1123.0,25.202,1.0,1.908
2021-01-05 00:00:00,EDSA-North,SB,33.139,1014.0,25.946,1.5,2.64
2021-01-05 01:00:00,EDSA-South,NB,35.445,1127.0,28.542,1.5,2.42
2021-01-05 02:00:00,EDSA-Center,SB,36.685,1029.0,25.271,1.0,1.763
2021-01-05 03:00:00,EDSA-North,NB,38.38,1146.0,28.865,2.0,3.282
2021-01-05 04:00:00,EDSA-South,SB,32.863,963.0,23.031,1.5,3.025
2021-01-05 05:00:00,EDSA-North,SB,36.76,919.0,27.351,1.0,1.474
2021-01-05 06:00:00,EDSA-South,NB,22.587,2320.0,43.113,2.0,5.305
2021-01-05 07:00:00,EDSA-North,NB,16.865,1925.0,37.954,2.0,6.956
2021-01-05 08:00:00,EDSA-South,NB,27.702,2100.0,42.1,1.0,2.207
2021-01-05 09:00:00,EDSA-South,SB,17.684,2272.0,41.167,2.0,6.591
2021-01-05 10:00:00,EDSA-South,SB,36.258,1315.0,28.882,1.0,1.549
2021-01-05 11:00:00,EDSA-Center,SB,36.17,1293.0,32.615,2.0,3.213
2021-01-05 12:00:00,EDSA-Center,NB,35.827,1205.0,32.533,1.5,2.585
2021-01-05 13:00:00,EDSA-South,NB,33.516,1280.0,28.337,1.0,1.791
2021-01-05 14:00:00,EDSA-North,SB,37.482,1397.0,30.84,1.0,1.727
2021-01-05 15:00:00,EDSA-South,SB,30.319,1227.0,31.195,2.0,3.931
2021-01-05 16:00:00,EDSA-Center,SB,21.803,1769.0,35.891,1.5,3.983
2021-01-05 17:00:00,EDSA-Center,NB,20.308,2005.0,39.945,1.5,4.479
2021-01-05 18:00:00,EDSA-Center,NB,19.968,2225.0,42.852,2.0,5.78
2021-01-05 19:00:00,EDSA-Center,NB,23.286,1987.0,37.427,1.5,4.007
2021-01-05 20:00:00,EDSA-North,NB,25.232,2392.0,44.042,1.0,2.307
2021-01-05 21:00:00,EDSA-North,NB,33.97,1139.0,28.082,2.0,3.584
2021-01-05 22:00:00,EDSA-North,SB,37.342,1165.0,25.968,1.5,2.465
2021-01-05 23:00:00,EDSA-North,NB,35.149,1352.0,28.574,1.0,2.107
2021-01-06 00:00:00,EDSA-Center,SB,32.322,1117.0,26.542,2.0,3.808
2021-01-06 01:00:00,EDSA-South,SB,34.226,1182.0,30.447,2.0,3.524
2021-01-06 02:00:00,EDSA-Center,SB,34.102,1312.0,32.009,1.0,1.586
2021-01-06 03:00:00,EDSA-Center,SB,32.91,885.0,26.677,1.5,2.935
2021-01-06 04:00:00,EDSA-South,NB,36.285,1099.0,28.515,2.0,3.24
2021-01-06 05:00:00,EDSA-Center,SB,35.704,1299.0,30.767,2.0,2.98
2021-01-06 06:00:00,EDSA-North,NB,17.228,2112.0,40.541,1.0,3.434
2021-01-06 07:00:00,EDSA-South,SB,17.045,2364.0,43.703,2.0,7.088
2021-01-06 08:00:00,EDSA-Center,SB,23.274,1816.0,37.539,1.0,2.373
2021-01-06 09:00:00,EDSA-Center,SB,19.554,1796.0,33.543,1.5,4.573
2021-01-06 10:00:00,EDSA-Center,NB,35.906,1289.0,28.238,1.5,2.489
2021-01-06 11:00:00,EDSA-Center,NB,37.343,1306.0,27.959,1.0,1.593
2021-01-06 12:00:00,EDSA-North,NB,31.187,1115.0,30.039,2.0,4.156
2021-01-06 13:00:00,EDSA-Center,NB,30.765,1222.0,32.362,1.0,1.622
2021-01-06 14:00:00,EDSA-South,SB,40.023,1284.0,25.429,2.0,3.507
2021-01-06 15:00:00,EDSA-North,NB,36.055,1004.0,29.67,2.0,3.32
2021-01-06 16:00:00,EDSA-Center,NB,20.742,1973.0,38.56,1.5,4.484
2021-01-06 17:00:00,EDSA-North,SB,19.198,2134.0,42.268,1.5,4.72
2021-01-06 18:00:00,EDSA-Center,NB,20.469,2263.0,42.734,1.0,2.5
2021-01-06 19:00:00,EDSA-Center,SB,18.428,1890.0,40.317,2.0,6.248
2021-01-06 20:00:00,EDSA-South,NB,24.65,2064.0,39.86,2.0,4.737
2021-01-06 21:00:00,EDSA-North,NB,32.67,1106.0,24.993,1.5,3.003
2021-01-06 22:00:00,EDSA-North,SB,38.281,1225.0,28.879,1.0,1.221
2021-01-06 23:00:00,EDSA-Center,SB,33.798,1148.0,29.238,1.5,2.449
2021-01-07 00:00:00,EDSA-South,SB,31.87,1052.0,26.663,2.0,3.807
2021-01-07 01:00:00,EDSA-South,SB,33.721,1375.0,32.125,2.0,3.677
2021-01-07 02:00:00,EDSA-North,NB,27.127,1053.0,26.977,1.0,2.322
2021-01-07 03:00:00,EDSA-North,SB,34.638,1097.0,26.429,2.0,3.218
2021-01-07 04:00:00,EDSA-South,NB,34.49,864.0,22.759,1.0,1.34
2021-01-07 05:00:00,EDSA-North,SB,37.474,1022.0,25.964,1.5,2.536
2021-01-07 06:00:00,EDSA-South,NB,16.341,2193.0,41.327,1.5,5.866
2021-01-07 07:00:00,EDSA-North,SB,25.486,2158.0,36.595,1.0,2.268
2021-01-07 08:00:00,EDSA-South,NB,24.462,2208.0,39.531,1.0,2.167
2021-01-07 09:00:00,EDSA-North,SB,25.756,2199.0,36.997,2.0,4.552
2021-01-07 10:00:00,EDSA-Center,SB,34.842,1526.0,31.312,1.5,2.682
2021-01-07 11:00:00,EDSA-Center,SB,38.042,1015.0,29.072,2.0,3.096
2021-01-07 12:00:00,EDSA-North,SB,30.586,859.0,22.501,1.5,3.294
2021-01-07 13:00:00,EDSA-Center,NB,37.139,961.0,27.457,1.5,2.655
2021-01-07 14:00:00,EDSA-Center,NB,32.687,1023.0,32.466,1.0,1.882
2021-01-07 15:00:00,EDSA-South,SB,30.046,975.0,29.115,1.5,2.507
2021-01-07 16:00:00,EDSA-South,NB,18.628,2117.0,40.311,2.0,6.269
2021-01-07 17:00:00,EDSA-Center,NB,22.017,2325.0,44.16,1.0,2.588
2021-01-07 18:00:00,EDSA-Center,NB,19.527,2377.0,40.298,1.5,4.422
2021-01-07 19:00:00,EDSA-Center,SB,23.128,2191.0,37.747,1.5,3.939
2021-01-07 20:00:00,EDSA-Center,NB,16.575,2485.0,44.34,2.0,7.293
2021-01-07 21:00:00,EDSA-South,NB,28.619,1086.0,28.285,1.0,1.678
2021-01-07 22:00:00,EDSA-North,SB,39.117,856.0,27.034,1.0,1.735
2021-01-07 23:00:00,EDSA-North,NB,37.711,1340.0,29.268,1.0,1.595
2021-01-08 00:00:00,EDSA-Center,NB,31.852,819.0,24.806,1.0,1.973
2021-01-08 01:00:00,EDSA-North,NB,34.991,1014.0,26.98,2.0,3.616
2021-01-08 02:00:00,EDSA-North,SB,38.059,1244.0,29.039,1.0,1.385
2021-01-08 03:00:00,EDSA-North,NB,36.258,1132.0,27.868,1.5,2.797
2021-01-08 04:00:00,EDSA-South,SB,35.445,1116.0,26.12,1.0,1.657
2021-01-08 05:00:00,EDSA-South,NB,38.285,937.0,26.34,2.0,3.512
2021-01-08 06:00:00,EDSA-South,NB,19.808,2098.0,40.218,1.5,4.32
2021-01-08 07:00:00,EDSA-Center,NB,22.094,2281.0,41.048,1.5,4.433
2021-01-08 08:00:00,EDSA-South,NB,21.946,2104.0,41.223,2.0,5.242
2021-01-08 09:00:00,EDSA-North,NB,21.182,1951.0,40.187,1.0,3.47
2021-01-08 10:00:00,EDSA-South,NB,33.831,925.0,26.997,2.0,3.309
2021-01-08 11:00:00,EDSA-Center,NB,35.219,1004.0,24.464,1.5,2.82
2021-01-08 12:00:00,EDSA-South,SB,35.103,1221.0,29.236,1.5,2.473
2021-01-08 13:00:00,EDSA-North,SB,31.855,1212.0,27.113,1.0,2.062
2021-01-08 14:00:00,EDSA-Center,SB,37.405,1006.0,26.761,1.0,1.594
2021-01-08 15:00:00,EDSA-South,SB,32.071,752.0,21.834,2.0,3.469
2021-01-08 16:00:00,EDSA-Center,SB,21.345,2176.0,43.274,2.0,4.923
2021-01-08 17:00:00,EDSA-Center,SB,21.114,1938.0,39.558,2.0,6.31
2021-01-08 18:00:00,EDSA-North,SB,23.074,2224.0,43.582,1.0,2.619
2021-01-08 19:00:00,EDSA-Center,NB,15.643,1964.0,40.388,2.0,6.935
2021-01-08 20:00:00,EDSA-North,SB,24.673,1922.0,37.264,1.0,2.507
2021-01-08 21:00:00,EDSA-North,NB,32.969,1178.0,27.691,2.0,3.812
2021-01-08 22:00:00,EDSA-South,SB,38.66,1574.0,36.589,1.5,2.149
2021-01-08 23:00:00,EDSA-Center,SB,33.566,1285.0,29.445,2.0,3.398
2021-01-09 00:00:00,EDSA-Center,NB,32.853,925.0,22.923,1.0,1.821
2021-01-09 01:00:00,EDSA-Center,NB,38.741,965.0,28.108,2.0,3.398
2021-01-09 02:00:00,EDSA-South,NB,32.168,585.0,22.013,1.5,2.823
2021-01-09 03:00:00,EDSA-North,NB,36.717,698.0,26.039,1.5,2.817
2021-01-09 04:00:00,EDSA-Center,SB,33.117,448.0,20.638,1.5,3.0
2021-01-09 05:00:00,EDSA-North,SB,34.246,1211.0,28.891,2.0,3.447
2021-01-09 06:00:00,EDSA-Center,SB,20.21,2125.0,43.189,1.5,4.061
2021-01-09 07:00:00,EDSA-South,SB,22.544,1921.0,34.711,1.5,3.936
2021-01-09 08:00:00,EDSA-Center,NB,17.943,1874.0,36.084,1.5,5.147
2021-01-09 09:00:00,EDSA-South,NB,17.048,1571.0,31.988,1.0,3.534
2021-01-09 10:00:00,EDSA-Center,SB,31.084,861.0,20.506,2.0,4.019
2021-01-09 11:00:00,EDSA-South,SB,33.299,1223.0,30.807,2.0,3.82
2021-01-09 12:00:00,EDSA-Center,SB,32.338,924.0,24.507,1.5,2.916
2021-01-09 13:00:00,EDSA-North,NB,35.131,798.0,25.992,2.0,3.347
2021-01-09 14:00:00,EDSA-South,SB,36.914,584.0,22.489,1.0,1.755
2021-01-09 15:00:00,EDSA-South,SB,30.072,1148.0,29.422,1.0,2.554
2021-01-09 16:00:00,EDSA-North,NB,17.798,1837.0,35.919,2.0,6.37
2021-01-09 17:00:00,EDSA-South,NB,15.691,1534.0,31.81,2.0,7.769
2021-01-09 18:00:00,EDSA-North,NB,26.091,1684.0,35.241,2.0,5.057
2021-01-09 19:00:00,EDSA-South,NB,20.914,1620.0,36.169,1.0,2.575
2021-01-09 20:00:00,EDSA-South,NB,21.439,1826.0,36.602,1.5,4.448
2021-01-09 21:00:00,EDSA-Center,SB,28.979,937.0,24.375,2.0,4.425
2021-01-09 22:00:00,EDSA-South,SB,32.996,809.0,21.91,1.0,1.449
2021-01-09 23:00:00,EDSA-North,NB,34.528,1040.0,27.367,2.0,3.654
2021-01-10 00:00:00,EDSA-North,SB,32.242,914.0,24.405,2.0,3.654
2021-01-10 01:00:00,EDSA-North,SB,36.227,1091.0,27.406,1.0,1.641
2021-01-10 02:00:00,EDSA-Center,NB,39.935,836.0,24.133,1.5,2.172
2021-01-10 03:00:00,EDSA-South,NB,30.159,1448.0,30.765,2.0,4.307
2021-01-10 04:00:00,EDSA-North,NB,29.934,798.0,24.769,2.0,3.981
2021-01-10 05:00:00,EDSA-Center,SB,30.367,737.0,24.589,2.0,3.836
2021-01-10 06:00:00,EDSA-South,SB,24.819,1665.0,38.781,2.0,4.723
2021-01-10 07:00:00,EDSA-North,SB,23.127,1812.0,38.054,2.0,5.103
2021-01-10 08:00:00,EDSA-South,SB,19.593,1540.0,36.603,2.0,5.855
2021-01-10 09:00:00,EDSA-North,NB,20.11,1903.0,35.948,2.0,5.849
2021-01-10 10:00:00,EDSA-South,NB,30.55,557.0,18.204,1.0,1.993
2021-01-10 11:00:00,EDSA-Center,SB,35.67,929.0,25.656,1.5,2.624
2021-01-10 12:00:00,EDSA-Center,NB,31.86,657.0,24.269,1.5,3.126
2021-01-10 13:00:00,EDSA-North,NB,32.22,831.0,25.963,1.5,2.854
2021-01-10 14:00:00,EDSA-Center,NB,34.826,1009.0,29.024,1.0,1.604
2021-01-10 15:00:00,EDSA-South,NB,32.436,1315.0,25.046,2.0,3.447
2021-01-10 16:00:00,EDSA-North,NB,19.295,1656.0,37.249,2.0,6.293
2021-01-10 17:00:00,EDSA-South,NB,20.032,1823.0,37.335,1.5,4.464
2021-01-10 18:00:00,EDSA-Center,NB,22.386,1720.0,32.389,2.0,5.339
2021-01-10 19:00:00,EDSA-South,SB,24.939,1693.0,36.621,1.0,2.471
2021-01-10 20:00:00,EDSA-Center,SB,21.756,1721.0,35.834,2.0,5.645
2021-01-10 21:00:00,EDSA-Center,SB,35.41,1048.0,27.818,1.0,1.762
2021-01-10 22:00:00,EDSA-North,SB,32.4,812.0,26.338,2.0,3.661
2021-01-10 23:00:00,EDSA-Center,SB,30.877,1305.0,30.867,1.5,2.714
2021-01-11 00:00:00,EDSA-North,NB,36.962,1225.0,26.14,1.5,2.282
2021-01-11 01:00:00,EDSA-Center,SB,35.514,968.0,25.848,2.0,3.591
2021-01-11 02:00:00,EDSA-North,SB,30.732,1084.0,24.231,1.0,1.846
2021-01-11 03:00:00,EDSA-Center,SB,34.016,1006.0,27.863,2.0,3.191
2021-01-11 04:00:00,EDSA-Center,NB,34.751,1294.0,32.677,1.5,2.88
2021-01-11 05:00:00,EDSA-North,NB,33.469,855.0,22.35,2.0,3.35
2021-01-11 06:00:00,EDSA-South,SB,26.445,1859.0,35.731,1.5,3.412
2021-01-11 07:00:00,EDSA-Center,SB,23.44,1994.0,36.861,1.0,2.683
2021-01-11 08:00:00,EDSA-South,SB,26.12,2223.0,40.356,1.5,3.447
2021-01-11 09:00:00,EDSA-North,SB,22.79,2322.0,43.227,1.5,3.33
2021-01-11 10:00:00,EDSA-North,NB,35.244,1398.0,30.197,2.0,3.502
2021-01-11 11:00:00,EDSA-Center,NB,32.19,1245.0,30.627,1.5,3.127
2021-01-11 12:00:00,EDSA-North,SB,35.036,1135.0,30.184,1.5,2.765
2021-01-11 13:00:00,EDSA-North,SB,35.039,1293.0,32.073,1.0,1.181
2021-01-11 14:00:00,EDSA-Center,NB,30.899,944.0,23.62,1.0,2.474
2021-01-11 15:00:00,EDSA-North,NB,33.381,818.0,27.178,1.5,2.365
2021-01-11 16:00:00,EDSA-South,NB,21.03,2179.0,43.686,1.5,4.01
2021-01-11 17:00:00,EDSA-North,NB,23.24,1919.0,40.874,1.5,4.068
2021-01-11 18:00:00,EDSA-North,SB,23.384,2088.0,39.399,1.0,2.679
2021-01-11 19:00:00,EDSA-Center,NB,20.256,2122.0,38.594,2.0,5.944
2021-01-11 20:00:00,EDSA-South,SB,23.407,2145.0,38.395,2.0,4.984
2021-01-11 21:00:00,EDSA-North,NB,34.454,1319.0,27.963,1.0,2.074
2021-01-11 22:00:00,EDSA-North,SB,26.391,1300.0,29.971,1.0,2.264
2021-01-11 23:00:00,EDSA-South,NB,33.546,1185.0,30.324,2.0,3.186
2021-01-12 00:00:00,EDSA-South,SB,38.237,1070.0,29.923,2.0,3.446
2021-01-12 01:00:00,EDSA-Center,SB,29.955,1169.0,27.477,2.0,4.061
2021-01-12 02:00:00,EDSA-Center,SB,35.338,1043.0,26.913,1.5,2.826
2021-01-12 03:00:00,EDSA-Center,SB,39.756,1115.0,27.61,2.0,3.162
2021-01-12 04:00:00,EDSA-Center,SB,32.718,1621.0,32.374,2.0,4.266
2021-01-12 05:00:00,EDSA-Center,SB,35.006,1183.0,30.074,1.0,1.636
2021-01-12 06:00:00,EDSA-North,NB,18.088,2181.0,41.508,1.5,4.98
2021-01-12 07:00:00,EDSA-North,NB,26.882,1973.0,38.673,1.0,2.412
2021-01-12 08:00:00,EDSA-North,NB,21.75,2284.0,42.678,2.0,5.441
2021-01-12 09:00:00,EDSA-South,NB,22.14,2237.0,42.655,2.0,5.621
2021-01-12 10:00:00,EDSA-Center,SB,39.063,1288.0,31.024,1.0,0.799
2021-01-12 11:00:00,EDSA-Center,NB,36.984,1189.0,26.993,1.0,1.604
2021-01-12 12:00:00,EDSA-Center,NB,32.373,1336.0,32.158,1.0,1.828
2021-01-12 13:00:00,EDSA-South,SB,33.058,1379.0,31.368,1.0,1.78
2021-01-12 14:00:00,EDSA-North,NB,36.485,1201.0,27.942,1.0,1.425
2021-01-12 15:00:00,EDSA-North,NB,33.128,1129.0,28.456,2.0,3.849
2021-01-12 16:00:00,EDSA-North,SB,15.648,2261.0,42.391,1.5,5.625
2021-01-12 17:00:00,EDSA-Center,SB,21.84,1937.0,40.142,2.0,5.545
2021-01-12 18:00:00,EDSA-South,SB,17.559,1971.0,36.272,1.5,5.116
2021-01-12 19:00:00,EDSA-Center,SB,26.849,2090.0,42.39,2.0,4.595
2021-01-12 20:00:00,EDSA-Center,SB,22.53,1787.0,36.292,2.0,5.684
2021-01-12 21:00:00,EDSA-South,SB,32.284,1299.0,28.926,1.0,1.907
2021-01-12 22:00:00,EDSA-North,NB,32.904,977.0,25.158,1.0,2.034
2021-01-12 23:00:00,EDSA-Center,SB,29.332,1065.0,25.246,1.5,3.105
2021-01-13 00:00:00,EDSA-Center,NB,31.702,1112.0,24.302,1.5,2.712
2021-01-13 01:00:00,EDSA-Center,NB,38.049,1157.0,29.661,2.0,3.118
2021-01-13 02:00:00,EDSA-South,SB,41.695,1088.0,31.475,1.0,1.368
2021-01-13 03:00:00,EDSA-North,SB,37.179,1138.0,24.85,1.0,1.756
2021-01-13 04:00:00,EDSA-South,NB,34.724,1139.0,26.201,1.5,2.619
2021-01-13 05:00:00,EDSA-North,SB,33.704,1070.0,28.803,1.0,1.582
2021-01-13 06:00:00,EDSA-Center,SB,19.131,1961.0,38.158,2.0,6.217
2021-01-13 07:00:00,EDSA-Center,SB,28.179,2295.0,43.757,1.0,1.748
2021-01-13 08:00:00,EDSA-South,NB,21.434,1721.0,35.29,2.0,5.552
2021-01-13 09:00:00,EDSA-Center,SB,28.347,2063.0,38.263,1.5,3.175
2021-01-13 10:00:00,EDSA-North,NB,39.181,1066.0,26.803,2.0,3.515
2021-01-13 11:00:00,EDSA-North,SB,29.778,1225.0,24.328,1.0,2.352
2021-01-13 12:00:00,EDSA-Center,NB,33.002,888.0,22.928,2.0,3.378
2021-01-13 13:00:00,EDSA-South,SB,32.993,1060.0,29.087,2.0,3.688
2021-01-13 14:00:00,EDSA-North,NB,34.76,1132.0,30.397,1.5,2.644
2021-01-13 15:00:00,EDSA-South,NB,34.819,1343.0,33.252,1.0,1.666
2021-01-13 16:00:00,EDSA-Center,NB,30.989,2160.0,41.419,1.0,1.895
2021-01-13 17:00:00,EDSA-North,SB,18.768,1887.0,32.888,1.0,3.108
2021-01-13 18:00:00,EDSA-North,NB,22.687,2012.0,37.571,1.5,4.435
2021-01-13 19:00:00,EDSA-Center,SB,23.85,2259.0,44.333,2.0,4.928
2021-01-13 20:00:00,EDSA-North,NB,21.995,1884.0,40.611,1.5,4.177
2021-01-13 21:00:00,EDSA-North,NB,35.331,1136.0,30.788,2.0,2.764
2021-01-13 22:00:00,EDSA-Center,SB,31.866,1148.0,27.734,2.0,3.972
2021-01-13 23:00:00,EDSA-South,SB,35.319,1081.0,24.813,2.0,3.694
2021-01-14 00:00:00,EDSA-North,NB,36.534,1635.0,33.724,2.0,3.022
2021-01-14 01:00:00,EDSA-North,NB,35.983,1076.0,27.4,2.0,3.207
2021-01-14 02:00:00,EDSA-North,NB,36.711,1231.0,32.287,2.0,3.382
2021-01-14 03:00:00,EDSA-Center,SB,39.238,1012.0,27.094,1.0,1.534
2021-01-14 04:00:00,EDSA-South,SB,37.811,1245.0,29.351,1.5,2.497
2021-01-14 05:00:00,EDSA-South,NB,35.214,1307.0,30.175,1.5,2.484
2021-01-14 06:00:00,EDSA-South,SB,18.485,1994.0,39.433,2.0,6.958
2021-01-14 07:00:00,EDSA-South,NB,20.2,2090.0,40.99,1.0,2.803
2021-01-14 08:00:00,EDSA-North,NB,21.341,1939.0,36.548,2.0,6.296
2021-01-14 09:00:00,EDSA-North,SB,22.757,1894.0,35.366,1.5,4.265
2021-01-14 10:00:00,EDSA-Center,SB,33.565,1337.0,33.112,2.0,3.783
2021-01-14 11:00:00,EDSA-South,NB,32.193,1050.0,23.796,2.0,3.467
2021-01-14 12:00:00,EDSA-South,SB,31.435,716.0,26.504,1.5,3.09
2021-01-14 13:00:00,EDSA-North,NB,30.046,1468.0,28.058,2.0,4.145
2021-01-14 14:00:00,EDSA-North,SB,34.295,1006.0,25.396,1.0,1.22
2021-01-14 15:00:00,EDSA-North,NB,30.591,1106.0,29.659,1.0,1.61
2021-01-14 16:00:00,EDSA-North,NB,18.998,2395.0,43.247,1.5,4.827
2021-01-14 17:00:00,EDSA-Center,NB,20.818,2074.0,36.924,1.5,4.29
2021-01-14 18:00:00,EDSA-Center,SB,17.992,2071.0,40.365,1.0,3.206
2021-01-14 19:00:00,EDSA-Center,SB,23.139,1879.0,37.442,2.0,5.456
2021-01-14 20:00:00,EDSA-North,NB,24.221,1806.0,36.034,1.0,2.256
2021-01-14 21:00:00,EDSA-South,SB,33.352,1120.0,26.633,1.5,2.585
2021-01-14 22:00:00,EDSA-Center,SB,33.689,1215.0,28.907,1.0,1.619
2021-01-14 23:00:00,EDSA-South,NB,36.612,1205.0,27.694,1.0,1.766
2021-01-15 00:00:00,EDSA-South,SB,32.858,1063.0,32.098,1.0,1.396
2021-01-15 01:00:00,EDSA-North,SB,32.652,1154.0,27.787,1.5,2.632
2021-01-15 02:00:00,EDSA-North,NB,38.589,819.0,23.674,2.0,2.679
2021-01-15 03:00:00,EDSA-South,NB,37.653,1233.0,28.094,1.0,1.515
2021-01-15 04:00:00,EDSA-Center,NB,36.805,1179.0,32.113,2.0,3.441
2021-01-15 05:00:00,EDSA-North,SB,37.777,1505.0,29.032,1.5,2.568
2021-01-15 06:00:00,EDSA-Center,SB,16.068,2101.0,40.584,2.0,7.286
2021-01-15 07:00:00,EDSA-Center,NB,26.062,1930.0,37.42,1.5,3.587
2021-01-15 08:00:00,EDSA-South,NB,23.176,2091.0,36.898,1.5,3.837
2021-01-15 09:00:00,EDSA-North,NB,25.032,2041.0,37.533,1.5,3.936
2021-01-15 10:00:00,EDSA-South,NB,36.161,1228.0,29.759,2.0,3.286
2021-01-15 11:00:00,EDSA-South,NB,35.147,1155.0,26.552,1.5,1.817
2021-01-15 12:00:00,EDSA-North,NB,34.174,923.0,26.136,2.0,3.735
2021-01-15 13:00:00,EDSA-North,SB,36.101,856.0,28.297,1.5,2.378
2021-01-15 14:00:00,EDSA-Center,NB,34.065,1197.0,29.11,1.0,1.693
2021-01-15 15:00:00,EDSA-North,SB,37.604,1399.0,28.181,1.0,1.68
2021-01-15 16:00:00,EDSA-North,NB,17.241,2114.0,38.321,1.5,4.864
2021-01-15 17:00:00,EDSA-Center,NB,20.375,2246.0,40.963,1.0,2.963
2021-01-15 18:00:00,EDSA-South,SB,28.134,2282.0,41.242,1.0,2.266
2021-01-15 19:00:00,EDSA-South,SB,20.122,2148.0,40.706,1.5,4.564
2021-01-15 20:00:00,EDSA-North,SB,21.284,1953.0,38.789,1.0,2.669
2021-01-15 21:00:00,EDSA-South,SB,32.352,1185.0,32.09,2.0,3.957
2021-01-15 22:00:00,EDSA-North,NB,36.008,1367.0,30.716,2.0,3.083
2021-01-15 23:00:00,EDSA-South,NB,32.791,1245.0,27.017,2.0,3.503
2021-01-16 00:00:00,EDSA-South,SB,32.443,1035.0,29.206,1.5,2.74
2021-01-16 01:00:00,EDSA-South,SB,35.547,817.0,26.919,1.0,1.762
2021-01-16 02:00:00,EDSA-North,SB,30.904,864.0,25.396,2.0,3.802
2021-01-16 03:00:00,EDSA-South,SB,35.366,879.0,24.611,1.5,2.852
2021-01-16 04:00:00,EDSA-North,NB,35.467,891.0,26.489,1.5,2.611
2021-01-16 05:00:00,EDSA-Center,NB,36.165,1110.0,27.346,1.5,2.508
2021-01-16 06:00:00,EDSA-Center,NB,20.422,1428.0,28.005,1.0,3.003
2021-01-16 07:00:00,EDSA-North,SB,29.724,1855.0,38.165,1.5,3.211
2021-01-16 08:00:00,EDSA-North,SB,23.164,1836.0,38.595,1.5,3.946
2021-01-16 09:00:00,EDSA-South,NB,20.975,1603.0,37.018,2.0,5.269
2021-01-16 10:00:00,EDSA-Center,SB,30.372,1021.0,25.279,1.5,3.236
2021-01-16 11:00:00,EDSA-Center,SB,32.709,770.0,24.303,2.0,3.699
2021-01-16 12:00:00,EDSA-Center,NB,37.279,836.0,25.107,2.0,3.39
2021-01-16 13:00:00,EDSA-Center,NB,38.129,1233.0,29.348,1.0,1.472
2021-01-16 14:00:00,EDSA-South,SB,37.435,1082.0,27.67,1.0,1.146
2021-01-16 15:00:00,EDSA-North,SB,35.356,1003.0,26.613,1.5,1.976
2021-01-16 16:00:00,EDSA-South,NB,16.233,1919.0,38.187,2.0,7.156
2021-01-16 17:00:00,EDSA-South,NB,21.461,1820.0,38.115,1.5,4.323
2021-01-16 18:00:00,EDSA-Center,NB,16.276,2210.0,43.554,1.0,4.011
2021-01-16 19:00:00,EDSA-North,SB,15.538,1994.0,37.123,1.5,5.868
2021-01-16 20:00:00,EDSA-North,NB,20.717,1715.0,35.079,2.0,5.529
2021-01-16 21:00:00,EDSA-South,SB,34.57,648.0,21.607,1.0,1.54
2021-01-16 22:00:00,EDSA-South,NB,35.71,1002.0,25.392,1.5,2.86
2021-01-16 23:00:00,EDSA-North,NB,34.491,890.0,22.002,1.5,2.282
2021-01-17 00:00:00,EDSA-North,NB,34.595,643.0,22.441,1.5,3.127
2021-01-17 01:00:00,EDSA-North,SB,30.046,977.0,27.196,1.0,2.466
2021-01-17 02:00:00,EDSA-North,NB,32.685,852.0,24.483,2.0,4.205
2021-01-17 03:00:00,EDSA-South,SB,28.479,996.0,26.431,2.0,4.309
2021-01-17 04:00:00,EDSA-South,NB,26.99,980.0,27.101,1.5,3.249
2021-01-17 05:00:00,EDSA-North,SB,35.222,791.0,26.913,1.5,2.644
2021-01-17 06:00:00,EDSA-South,NB,17.741,1964.0,37.445,1.5,5.3
2021-01-17 07:00:00,EDSA-North,NB,22.617,1760.0,33.601,1.0,2.49
2021-01-17 08:00:00,EDSA-Center,SB,23.325,1772.0,35.898,1.0,2.297
2021-01-17 09:00:00,EDSA-Center,SB,18.142,1754.0,39.64,2.0,6.543
2021-01-17 10:00:00,EDSA-South,SB,34.771,1104.0,25.369,1.0,1.533
2021-01-17 11:00:00,EDSA-South,NB,31.017,849.0,26.069,2.0,4.179
2021-01-17 12:00:00,EDSA-North,SB,27.462,1147.0,30.507,1.5,3.123
2021-01-17 13:00:00,EDSA-North,NB,33.37,1221.0,24.311,1.5,2.721
2021-01-17 14:00:00,EDSA-North,SB,31.587,767.0,24.641,1.0,2.145
2021-01-17 15:00:00,EDSA-North,SB,31.68,374.0,20.51,2.0,4.108
2021-01-17 16:00:00,EDSA-South,SB,25.926,2038.0,38.602,1.5,3.524
2021-01-17 17:00:00,EDSA-South,SB,15.422,1788.0,34.974,2.0,7.877
2021-01-17 18:00:00,EDSA-North,SB,21.149,1694.0,34.001,2.0,5.42
2021-01-17 19:00:00,EDSA-South,SB,17.016,1744.0,35.099,1.0,3.782
2021-01-17 20:00:00,EDSA-Center,NB,22.725,1775.0,35.512,2.0,5.596
2021-01-17 21:00:00,EDSA-Center,NB,33.895,1133.0,27.054,1.5,2.188
2021-01-17 22:00:00,EDSA-Center,SB,34.138,929.0,24.992,1.0,2.198
2021-01-17 23:00:00,EDSA-North,SB,30.165,1131.0,30.389,1.5,2.808
2021-01-18 00:00:00,EDSA-South,SB,32.703,1239.0,26.819,1.5,2.901
2021-01-18 01:00:00,EDSA-North,SB,37.782,1094.0,24.087,1.5,2.401
2021-01-18 02:00:00,EDSA-North,NB,40.312,1080.0,29.831,1.0,1.473
2021-01-18 03:00:00,EDSA-North,NB,36.441,1251.0,29.003,2.0,3.241
2021-01-18 04:00:00,EDSA-North,SB,32.308,1298.0,29.147,1.0,1.609
2021-01-18 05:00:00,EDSA-North,SB,36.017,1329.0,30.066,1.5,2.63
2021-01-18 06:00:00,EDSA-North,NB,29.282,2053.0,39.727,2.0,4.027
2021-01-18 07:00:00,EDSA-South,NB,22.307,2132.0,39.165,1.0,2.362
2021-01-18 08:00:00,EDSA-South,NB,26.386,2205.0,42.071,1.5,3.152
2021-01-18 09:00:00,EDSA-North,NB,19.779,2031.0,37.131,1.5,4.227
2021-01-18 10:00:00,EDSA-North,SB,34.874,946.0,25.272,2.0,3.31
2021-01-18 11:00:00,EDSA-Center,SB,36.859,1005.0,22.127,2.0,3.377
2021-01-18 12:00:00,EDSA-South,SB,36.192,1107.0,30.071,2.0,3.138
2021-01-18 13:00:00,EDSA-South,SB,32.701,1269.0,29.244,1.5,2.996
2021-01-18 14:00:00,EDSA-South,NB,32.571,1377.0,32.171,1.5,2.733
2021-01-18 15:00:00,EDSA-Center,NB,37.965,906.0,26.371,1.0,1.508
2021-01-18 16:00:00,EDSA-Center,NB,25.575,1992.0,39.713,2.0,4.696
2021-01-18 17:00:00,EDSA-North,NB,26.536,2036.0,39.094,1.0,2.61
2021-01-18 18:00:00,EDSA-South,SB,27.412,2243.0,42.272,1.5,2.94
2021-01-18 19:00:00,EDSA-South,NB,22.404,2005.0,36.834,2.0,5.77
2021-01-18 20:00:00,EDSA-North,NB,21.066,2023.0,36.618,2.0,5.936
2021-01-18 21:00:00,EDSA-South,SB,39.053,896.0,25.1,1.0,1.531
2021-01-18 22:00:00,EDSA-North,SB,37.139,1237.0,27.866,2.0,3.527
2021-01-18 23:00:00,EDSA-South,NB,32.053,1121.0,30.742,1.5,2.727
2021-01-19 00:00:00,EDSA-South,NB,31.899,1032.0,27.621,1.5,2.893
2021-01-19 01:00:00,EDSA-North,SB,36.476,1103.0,26.255,1.0,1.51
2021-01-19 02:00:00,EDSA-Center,SB,34.468,1353.0,30.015,2.0,3.723
2021-01-19 03:00:00,EDSA-North,SB,34.921,969.0,26.411,1.5,2.4
2021-01-19 04:00:00,EDSA-Center,NB,38.218,999.0,26.347,1.0,1.557
2021-01-19 05:00:00,EDSA-South,NB,37.277,1375.0,31.361,1.0,1.779
2021-01-19 06:00:00,EDSA-North,NB,25.99,2114.0,40.144,2.0,4.879
2021-01-19 07:00:00,EDSA-Center,SB,16.205,2221.0,38.455,1.0,3.497
2021-01-19 08:00:00,EDSA-South,SB,22.76,2172.0,36.38,1.5,4.143
2021-01-19 09:00:00,EDSA-North,SB,24.084,2094.0,39.03,2.0,4.737
2021-01-19 10:00:00,EDSA-North,SB,30.42,1087.0,28.625,2.0,3.407
2021-01-19 11:00:00,EDSA-Center,SB,33.035,1300.0,29.222,1.0,1.629
2021-01-19 12:00:00,EDSA-Center,NB,32.479,1359.0,33.104,1.0,2.056
2021-01-19 13:00:00,EDSA-Center,NB,35.065,1345.0,30.375,1.0,1.708
2021-01-19 14:00:00,EDSA-North,SB,39.884,937.0,28.485,2.0,2.875
2021-01-19 15:00:00,EDSA-South,NB,41.068,1385.0,33.23,1.5,2.205
2021-01-19 16:00:00,EDSA-Center,NB,19.557,2036.0,41.212,2.0,6.141
2021-01-19 17:00:00,EDSA-North,NB,23.58,1964.0,35.88,1.0,2.7
2021-01-19 18:00:00,EDSA-South,NB,23.676,2070.0,39.534,2.0,4.665
2021-01-19 19:00:00,EDSA-South,SB,23.163,2250.0,44.016,1.0,2.565
2021-01-19 20:00:00,EDSA-Center,SB,23.197,2197.0,41.513,1.0,2.618
2021-01-19 21:00:00,EDSA-North,SB,35.911,1104.0,28.805,1.5,2.165
2021-01-19 22:00:00,EDSA-Center,NB,40.063,1301.0,27.183,1.5,1.902
2021-01-19 23:00:00,EDSA-Center,NB,38.307,1175.0,32.352,1.5,2.258
2021-01-20 00:00:00,EDSA-North,NB,31.82,1047.0,25.456,1.0,1.888
2021-01-20 01:00:00,EDSA-Center,NB,37.387,1023.0,22.771,1.5,2.41
2021-01-20 02:00:00,EDSA-South,SB,37.677,1224.0,28.372,1.5,2.25
2021-01-20 03:00:00,EDSA-North,SB,35.945,1135.0,23.159,2.0,3.189
2021-01-20 04:00:00,EDSA-South,SB,38.394,902.0,23.207,2.0,3.027
2021-01-20 05:00:00,EDSA-North,NB,35.564,1302.0,35.096,1.5,2.605
2021-01-20 06:00:00,EDSA-South,SB,22.601,2014.0,38.096,2.0,5.621
2021-01-20 07:00:00,EDSA-Center,NB,22.364,2387.0,40.29,1.5,3.469
2021-01-20 08:00:00,EDSA-North,NB,15.945,1847.0,36.996,1.5,5.8
2021-01-20 09:00:00,EDSA-South,SB,21.759,2067.0,37.68,2.0,5.487
2021-01-20 10:00:00,EDSA-North,NB,32.995,1024.0,28.505,1.5,2.859
2021-01-20 11:00:00,EDSA-Center,NB,31.441,974.0,24.427,1.5,3.159
2021-01-20 12:00:00,EDSA-North,SB,39.302,1062.0,27.759,1.5,2.101
2021-01-20 13:00:00,EDSA-South,NB,36.513,1469.0,29.596,2.0,3.523
2021-01-20 14:00:00,EDSA-South,SB,34.911,1176.0,33.72,2.0,3.124
2021-01-20 15:00:00,EDSA-South,NB,33.306,1007.0,27.593,1.5,2.734
2021-01-20 16:00:00,EDSA-Center,SB,22.889,1771.0,35.774,1.0,2.561
2021-01-20 17:00:00,EDSA-Center,NB,24.974,1790.0,35.701,1.5,3.615
2021-01-20 18:00:00,EDSA-Center,NB,19.519,2003.0,37.632,1.5,4.364
2021-01-20 19:00:00,EDSA-South,SB,21.986,1986.0,37.016,2.0,5.567
2021-01-20 20:00:00,EDSA-South,NB,24.604,2060.0,37.809,2.0,5.274
2021-01-20 21:00:00,EDSA-North,SB,29.192,741.0,26.878,1.0,1.812
2021-01-20 22:00:00,EDSA-Center,NB,34.827,1133.0,26.93,2.0,3.493
2021-01-20 23:00:00,EDSA-North,SB,33.712,1335.0,26.094,2.0,3.774
2021-01-21 00:00:00,EDSA-North,SB,34.599,1442.0,29.252,2.0,3.394
2021-01-21 01:00:00,EDSA-South,NB,33.495,809.0,26.159,1.5,3.027
2021-01-21 02:00:00,EDSA-North,NB,35.413,1006.0,26.061,1.0,1.587
2021-01-21 03:00:00,EDSA-South,SB,40.771,996.0,26.189,1.5,2.178
2021-01-21 04:00:00,EDSA-Center,SB,34.028,1176.0,30.866,2.0,3.278
2021-01-21 05:00:00,EDSA-North,NB,35.875,930.0,24.146,1.5,2.54
2021-01-21 06:00:00,EDSA-Center,NB,27.984,2403.0,44.597,2.0,4.289
2021-01-21 07:00:00,EDSA-Center,SB,20.35,2108.0,38.604,1.0,3.107
2021-01-21 08:00:00,EDSA-South,SB,27.444,2078.0,40.747,2.0,4.213
2021-01-21 09:00:00,EDSA-Center,NB,22.016,2387.0,42.365,1.0,2.555
2021-01-21 10:00:00,EDSA-South,NB,40.346,1147.0,27.709,2.0,3.09
2021-01-21 11:00:00,EDSA-South,SB,37.251,1222.0,30.694,2.0,3.571
2021-01-21 12:00:00,EDSA-South,NB,35.921,1015.0,28.167,2.0,3.498
2021-01-21 13:00:00,EDSA-Center,NB,34.803,903.0,25.057,1.5,3.048
2021-01-21 14:00:00,EDSA-North,SB,33.128,1040.0,26.018,1.5,2.856
2021-01-21 15:00:00,EDSA-Center,NB,35.227,1544.0,35.95,2.0,3.536
2021-01-21 16:00:00,EDSA-North,SB,24.692,2214.0,42.339,1.0,2.6
2021-01-21 17:00:00,EDSA-Center,NB,21.961,2149.0,39.636,1.0,3.104
2021-01-21 18:00:00,EDSA-South,SB,21.05,1924.0,36.523,1.0,3.16
2021-01-21 19:00:00,EDSA-Center,NB,21.248,2264.0,43.786,1.0,2.553
2021-01-21 20:00:00,EDSA-North,SB,24.977,1856.0,37.27,1.5,3.803
2021-01-21 21:00:00,EDSA-Center,NB,38.675,868.0,24.654,1.5,2.393
2021-01-21 22:00:00,EDSA-South,NB,32.999,1049.0,27.298,1.5,2.679
2021-01-21 23:00:00,EDSA-South,SB,32.994,1502.0,32.946,1.0,1.375
2021-01-22 00:00:00,EDSA-North,SB,36.138,1492.0,32.04,1.5,2.105
2021-01-22 01:00:00,EDSA-Center,SB,39.583,1069.0,29.698,1.5,2.183
2021-01-22 02:00:00,EDSA-Center,NB,38.438,1029.0,29.348,1.0,1.195
2021-01-22 03:00:00,EDSA-North,NB,31.244,855.0,25.893,2.0,3.755
2021-01-22 04:00:00,EDSA-North,SB,34.208,1164.0,31.136,2.0,3.687
2021-01-22 05:00:00,EDSA-North,SB,32.208,1179.0,28.577,2.0,3.581
2021-01-22 06:00:00,EDSA-South,NB,21.197,2242.0,42.865,1.0,2.851
2021-01-22 07:00:00,EDSA-South,SB,26.813,2264.0,43.744,1.5,3.089
2021-01-22 08:00:00,EDSA-South,SB,17.732,2064.0,41.479,2.0,6.842
2021-01-22 09:00:00,EDSA-South,SB,17.143,2200.0,42.833,1.5,5.377
2021-01-22 10:00:00,EDSA-South,SB,32.514,1024.0,28.037,1.0,1.49
2021-01-22 11:00:00,EDSA-North,SB,35.862,1247.0,33.251,1.5,2.322
2021-01-22 12:00:00,EDSA-South,SB,36.862,1059.0,26.096,1.0,1.311
2021-01-22 13:00:00,EDSA-North,SB,36.312,1233.0,28.866,1.5,2.606
2021-01-22 14:00:00,EDSA-Center,SB,38.527,1218.0,28.579,1.5,2.377
2021-01-22 15:00:00,EDSA-Center,SB,29.711,1162.0,27.631,2.0,4.027
2021-01-22 16:00:00,EDSA-Center,NB,25.565,2243.0,37.517,2.0,4.662
2021-01-22 17:00:00,EDSA-North,SB,21.064,1817.0,39.349,1.5,4.353
2021-01-22 18:00:00,EDSA-North,SB,24.194,1908.0,35.594,1.5,3.806
2021-01-22 19:00:00,EDSA-South,SB,18.03,2051.0,39.631,1.0,3.204
2021-01-22 20:00:00,EDSA-North,SB,22.015,1840.0,34.019,2.0,5.292
2021-01-22 21:00:00,EDSA-North,NB,35.709,1077.0,28.624,1.0,1.666
2021-01-22 22:00:00,EDSA-South,SB,38.467,1083.0,25.879,2.0,3.072
2021-01-22 23:00:00,EDSA-North,NB,30.244,1386.0,28.664,2.0,4.483
2021-01-23 00:00:00,EDSA-South,NB,33.092,926.0,26.034,2.0,3.53
2021-01-23 01:00:00,EDSA-South,NB,29.744,1085.0,26.079,2.0,4.107
2021-01-23 02:00:00,EDSA-Center,SB,34.516,954.0,24.826,1.0,1.855
2021-01-23 03:00:00,EDSA-North,SB,35.332,804.0,24.585,2.0,3.747
2021-01-23 04:00:00,EDSA-North,SB,36.862,924.0,27.227,1.5,2.239
2021-01-23 05:00:00,EDSA-North,NB,31.395,1031.0,25.223,1.5,3.202
2021-01-23 06:00:00,EDSA-Center,NB,22.782,2065.0,37.463,2.0,5.231
2021-01-23 07:00:00,EDSA-North,SB,24.083,1826.0,36.748,1.5,4.362
2021-01-23 08:00:00,EDSA-Center,NB,15.07,1553.0,34.643,1.5,6.063
2021-01-23 09:00:00,EDSA-North,SB,21.837,1541.0,36.345,1.0,2.44
2021-01-23 10:00:00,EDSA-Center,SB,35.876,841.0,22.532,1.0,1.623
2021-01-23 11:00:00,EDSA-North,SB,32.224,479.0,19.875,2.0,4.058
2021-01-23 12:00:00,EDSA-South,NB,29.368,1223.0,31.417,1.5,3.085
2021-01-23 13:00:00,EDSA-North,NB,35.829,1007.0,30.532,1.0,1.66
2021-01-23 14:00:00,EDSA-North,NB,29.401,786.0,22.048,2.0,4.261
2021-01-23 15:00:00,EDSA-North,SB,32.465,700.0,21.575,2.0,3.61
2021-01-23 16:00:00,EDSA-South,NB,19.88,2035.0,39.865,1.0,2.965
2021-01-23 17:00:00,EDSA-North,SB,22.147,1650.0,33.514,1.0,2.473
2021-01-23 18:00:00,EDSA-Center,NB,18.12,1667.0,33.349,1.0,3.743
2021-01-23 19:00:00,EDSA-Center,NB,17.946,1712.0,35.878,1.0,3.038
2021-01-23 20:00:00,EDSA-Center,NB,20.297,1871.0,40.31,2.0,5.955
2021-01-23 21:00:00,EDSA-South,SB,36.019,1012.0,24.016,1.0,1.786
2021-01-23 22:00:00,EDSA-South,SB,39.862,1115.0,30.815,2.0,3.007
2021-01-23 23:00:00,EDSA-Center,NB,28.478,1088.0,26.364,1.5,2.847
2021-01-24 00:00:00,EDSA-South,SB,33.946,900.0,26.043,1.0,1.518
2021-01-24 01:00:00,EDSA-North,SB,29.74,1084.0,30.644,2.0,4.166
2021-01-24 02:00:00,EDSA-South,SB,36.056,779.0,24.612,1.0,1.469
2021-01-24 03:00:00,EDSA-Center,SB,30.184,572.0,20.986,2.0,3.458
2021-01-24 04:00:00,EDSA-South,NB,30.976,779.0,25.397,1.0,2.034
2021-01-24 05:00:00,EDSA-South,NB,31.232,755.0,23.335,1.5,2.664
2021-01-24 06:00:00,EDSA-South,SB,19.771,1736.0,36.709,1.0,3.192
2021-01-24 07:00:00,EDSA-South,NB,20.97,1677.0,34.58,1.5,4.242
2021-01-24 08:00:00,EDSA-Center,NB,21.451,1767.0,37.743,2.0,5.532
2021-01-24 09:00:00,EDSA-North,NB,19.983,1962.0,35.47,2.0,6.018
2021-01-24 10:00:00,EDSA-Center,SB,29.01,1209.0,26.874,1.0,1.784
2021-01-24 11:00:00,EDSA-North,NB,35.183,589.0,18.961,1.0,1.499
2021-01-24 12:00:00,EDSA-South,NB,32.841,668.0,22.572,1.0,1.762
2021-01-24 13:00:00,EDSA-North,SB,36.485,758.0,20.653,2.0,3.003
2021-01-24 14:00:00,EDSA-North,NB,30.877,1038.0,25.551,1.5,3.093
2021-01-24 15:00:00,EDSA-North,NB,28.193,863.0,22.711,2.0,4.18
2021-01-24 16:00:00,EDSA-Center,NB,19.898,1720.0,38.435,1.5,4.161
2021-01-24 17:00:00,EDSA-Center,NB,23.888,1979.0,36.477,1.5,3.628
2021-01-24 18:00:00,EDSA-South,SB,20.483,2022.0,36.382,1.0,2.955
2021-01-24 19:00:00,EDSA-Center,SB,19.401,1847.0,37.433,1.0,2.981
2021-01-24 20:00:00,EDSA-North,NB,17.389,1703.0,38.659,2.0,7.001
2021-01-24 21:00:00,EDSA-North,SB,38.273,949.0,25.677,1.0,1.711
2021-01-24 22:00:00,EDSA-North,SB,29.911,858.0,24.79,1.5,3.609
2021-01-24 23:00:00,EDSA-Center,SB,30.824,857.0,27.433,1.5,3.207
2021-01-25 00:00:00,EDSA-South,SB,36.71,1058.0,28.921,1.5,2.043
2021-01-25 01:00:00,EDSA-Center,SB,29.432,1316.0,30.991,2.0,3.987
2021-01-25 02:00:00,EDSA-South,NB,38.824,1195.0,27.578,2.0,3.024
2021-01-25 03:00:00,EDSA-North,NB,36.873,1336.0,31.281,1.5,2.585
2021-01-25 04:00:00,EDSA-North,SB,37.698,1391.0,28.27,2.0,2.95
2021-01-25 05:00:00,EDSA-South,SB,36.674,1233.0,27.928,1.5,2.321
2021-01-25 06:00:00,EDSA-North,SB,21.517,2009.0,41.665,1.0,2.477
2021-01-25 07:00:00,EDSA-North,NB,18.811,2287.0,44.607,1.5,4.634
2021-01-25 08:00:00,EDSA-Center,NB,21.58,2184.0,41.689,2.0,5.42
2021-01-25 09:00:00,EDSA-South,SB,19.074,2569.0,41.38,2.0,6.213
2021-01-25 10:00:00,EDSA-South,NB,36.458,1206.0,26.45,1.5,2.172
2021-01-25 11:00:00,EDSA-North,SB,37.42,1276.0,28.31,1.0,1.849
2021-01-25 12:00:00,EDSA-South,SB,39.43,1202.0,28.483,2.0,3.161
2021-01-25 13:00:00,EDSA-South,SB,36.115,1132.0,25.519,1.0,1.299
2021-01-25 14:00:00,EDSA-South,NB,37.774,1103.0,27.197,2.0,3.183
2021-01-25 15:00:00,EDSA-South,SB,34.109,1203.0,32.369,2.0,3.127
2021-01-25 16:00:00,EDSA-North,SB,20.565,2194.0,41.731,2.0,6.171
2021-01-25 17:00:00,EDSA-South,SB,23.421,2308.0,42.677,1.0,2.965
2021-01-25 18:00:00,EDSA-North,SB,20.841,2156.0,38.454,1.5,4.305
2021-01-25 19:00:00,EDSA-South,NB,22.808,2017.0,35.614,1.0,2.418
2021-01-25 20:00:00,EDSA-Center,SB,18.816,2041.0,36.717,1.0,3.023
2021-01-25 21:00:00,EDSA-South,SB,32.355,912.0,22.128,1.5,2.668
2021-01-25 22:00:00,EDSA-Center,SB,36.906,1449.0,31.814,2.0,3.225
2021-01-25 23:00:00,EDSA-Center,SB,37.66,1053.0,27.873,1.0,1.936
2021-01-26 00:00:00,EDSA-Center,NB,32.043,1324.0,28.297,1.0,2.111
2021-01-26 01:00:00,EDSA-South,SB,37.012,1200.0,29.093,2.0,3.485
2021-01-26 02:00:00,EDSA-South,NB,33.402,1205.0,31.792,2.0,3.635
2021-01-26 03:00:00,EDSA-North,NB,35.05,1129.0,31.897,2.0,3.135
2021-01-26 04:00:00,EDSA-South,SB,39.251,1008.0,28.135,2.0,2.865
2021-01-26 05:00:00,EDSA-Center,NB,37.422,976.0,25.87,2.0,3.222
2021-01-26 06:00:00,EDSA-North,NB,24.388,2411.0,44.904,2.0,4.62
2021-01-26 07:00:00,EDSA-Center,SB,27.726,2121.0,42.79,2.0,4.404
2021-01-26 08:00:00,EDSA-South,SB,19.888,2303.0,38.165,2.0,6.235
2021-01-26 09:00:00,EDSA-South,NB,19.042,2349.0,45.681,1.0,3.287
2021-01-26 10:00:00,EDSA-South,NB,32.834,1076.0,26.285,1.5,2.867
2021-01-26 11:00:00,EDSA-Center,NB,34.236,1226.0,28.032,1.5,2.162
2021-01-26 12:00:00,EDSA-South,SB,27.936,1158.0,27.608,1.5,3.555
2021-01-26 13:00:00,EDSA-Center,NB,34.378,942.0,26.47,2.0,3.099
2021-01-26 14:00:00,EDSA-South,SB,33.366,1117.0,25.619,1.0,1.76
2021-01-26 15:00:00,EDSA-Center,SB,37.351,1256.0,28.872,1.0,1.761
2021-01-26 16:00:00,EDSA-North,SB,23.057,2010.0,39.868,1.5,3.993
2021-01-26 17:00:00,EDSA-North,NB,20.198,2042.0,39.615,2.0,5.622
2021-01-26 18:00:00,EDSA-North,SB,23.77,2069.0,40.253,2.0,4.774
2021-01-26 19:00:00,EDSA-North,NB,24.17,2480.0,43.573,1.0,2.554
2021-01-26 20:00:00,EDSA-Center,NB,19.694,1770.0,37.441,1.5,4.698
2021-01-26 21:00:00,EDSA-Center,NB,33.521,1240.0,31.376,1.5,2.408
2021-01-26 22:00:00,EDSA-North,NB,28.324,1104.0,29.693,1.5,3.276
2021-01-26 23:00:00,EDSA-Center,SB,31.728,1035.0,27.754,2.0,3.403
2021-01-27 00:00:00,EDSA-Center,NB,32.773,1100.0,29.528,1.5,2.902
2021-01-27 01:00:00,EDSA-North,SB,35.222,1270.0,31.349,2.0,3.186
2021-01-27 02:00:00,EDSA-Center,NB,32.164,1280.0,35.078,2.0,3.751
2021-01-27 03:00:00,EDSA-Center,NB,33.46,1183.0,31.046,1.5,2.668
2021-01-27 04:00:00,EDSA-Center,NB,31.324,1347.0,30.309,1.5,3.163
2021-01-27 05:00:00,EDSA-Center,NB,35.513,1378.0,29.028,1.5,2.595
2021-01-27 06:00:00,EDSA-South,NB,23.277,2247.0,41.018,2.0,5.005
2021-01-27 07:00:00,EDSA-North,SB,23.207,2002.0,38.056,1.0,2.675
2021-01-27 08:00:00,EDSA-Center,SB,22.037,2189.0,41.896,2.0,5.981
2021-01-27 09:00:00,EDSA-Center,NB,17.377,2190.0,39.483,1.5,5.364
2021-01-27 10:00:00,EDSA-North,SB,33.14,1003.0,28.921,1.0,1.796
2021-01-27 11:00:00,EDSA-South,SB,33.778,868.0,22.197,2.0,3.344
2021-01-27 12:00:00,EDSA-North,NB,33.79,786.0,20.773,1.0,1.622
2021-01-27 13:00:00,EDSA-North,NB,35.225,1163.0,28.099,1.5,2.725
2021-01-27 14:00:00,EDSA-South,NB,39.277,1204.0,27.157,2.0,2.834
2021-01-27 15:00:00,EDSA-South,SB,37.436,937.0,23.262,2.0,3.206
2021-01-27 16:00:00,EDSA-South,SB,19.037,2288.0,40.741,2.0,6.663
2021-01-27 17:00:00,EDSA-South,NB,24.035,2127.0,38.642,1.0,2.534
2021-01-27 18:00:00,EDSA-South,SB,23.921,2343.0,42.664,2.0,4.747
2021-01-27 19:00:00,EDSA-Center,SB,19.582,2167.0,39.376,1.5,5.141
2021-01-27 20:00:00,EDSA-South,SB,24.547,1908.0,36.564,1.0,2.885
2021-01-27 21:00:00,EDSA-North,NB,34.519,1232.0,29.164,2.0,3.602
2021-01-27 22:00:00,EDSA-Center,SB,30.77,1271.0,31.641,1.0,2.269
2021-01-27 23:00:00,EDSA-Center,SB,36.366,1051.0,30.033,1.0,1.583
2021-01-28 00:00:00,EDSA-South,SB,35.651,890.0,25.535,1.0,1.864
2021-01-28 01:00:00,EDSA-South,SB,34.317,1168.0,28.884,1.5,2.517
2021-01-28 02:00:00,EDSA-Center,SB,34.888,970.0,25.787,2.0,3.101
2021-01-28 03:00:00,EDSA-Center,SB,32.843,1352.0,31.508,1.5,3.388
2021-01-28 04:00:00,EDSA-North,NB,36.83,1077.0,28.163,2.0,2.907
2021-01-28 05:00:00,EDSA-South,NB,34.87,1460.0,34.447,2.0,3.516
2021-01-28 06:00:00,EDSA-Center,NB,22.499,1718.0,31.676,2.0,5.405
2021-01-28 07:00:00,EDSA-Center,NB,23.071,2124.0,39.66,1.0,2.73
2021-01-28 08:00:00,EDSA-South,SB,18.536,2357.0,43.487,1.0,3.214
2021-01-28 09:00:00,EDSA-Center,SB,19.317,1940.0,37.955,1.0,3.086
2021-01-28 10:00:00,EDSA-North,SB,28.37,1121.0,26.017,1.5,3.207
2021-01-28 11:00:00,EDSA-North,SB,36.694,1077.0,24.792,2.0,3.39
2021-01-28 12:00:00,EDSA-North,NB,31.363,1027.0,28.422,1.0,1.913
2021-01-28 13:00:00,EDSA-South,NB,35.398,1194.0,27.218,1.5,2.525
2021-01-28 14:00:00,EDSA-North,SB,36.113,917.0,22.034,1.0,1.331
2021-01-28 15:00:00,EDSA-North,NB,36.807,1130.0,29.708,1.5,2.949
2021-01-28 16:00:00,EDSA-Center,SB,18.388,2193.0,41.836,2.0,6.66
2021-01-28 17:00:00,EDSA-South,NB,21.805,2061.0,39.173,1.5,4.18
2021-01-28 18:00:00,EDSA-Center,NB,27.011,1920.0,35.95,1.0,2.065
2021-01-28 19:00:00,EDSA-South,SB,27.143,2285.0,41.756,1.5,3.065
2021-01-28 20:00:00,EDSA-South,SB,24.962,2231.0,43.793,2.0,5.022
2021-01-28 21:00:00,EDSA-North,SB,36.012,963.0,22.84,2.0,3.292
2021-01-28 22:00:00,EDSA-South,NB,31.985,917.0,22.418,1.5,2.969
2021-01-28 23:00:00,EDSA-Center,SB,37.156,979.0,24.999,2.0,2.892
2021-01-29 00:00:00,EDSA-Center,SB,34.526,1248.0,29.3,1.5,2.993
2021-01-29 01:00:00,EDSA-North,SB,36.682,1200.0,27.803,2.0,3.497
2021-01-29 02:00:00,EDSA-Center,NB,33.101,1292.0,31.146,2.0,3.605
2021-01-29 03:00:00,EDSA-South,NB,34.481,1091.0,29.728,2.0,3.597
2021-01-29 04:00:00,EDSA-Center,SB,35.492,984.0,26.868,2.0,3.566
2021-01-29 05:00:00,EDSA-North,NB,35.739,1315.0,31.248,1.5,2.184
2021-01-29 06:00:00,EDSA-Center,SB,23.481,2000.0,39.249,2.0,5.53
2021-01-29 07:00:00,EDSA-South,NB,20.262,2134.0,40.255,1.5,4.563
2021-01-29 08:00:00,EDSA-South,NB,17.97,1821.0,34.055,1.5,4.832
2021-01-29 09:00:00,EDSA-North,SB,26.874,1997.0,36.615,1.5,3.075
2021-01-29 10:00:00,EDSA-South,NB,42.468,1332.0,27.613,1.0,1.66
2021-01-29 11:00:00,EDSA-South,NB,36.342,1021.0,26.445,2.0,3.355
2021-01-29 12:00:00,EDSA-North,SB,31.028,1297.0,30.376,1.5,3.021
2021-01-29 13:00:00,EDSA-South,NB,32.68,730.0,20.501,1.5,2.761
2021-01-29 14:00:00,EDSA-Center,SB,36.527,1049.0,27.212,2.0,3.035
2021-01-29 15:00:00,EDSA-Center,NB,39.023,1119.0,26.12,1.0,1.665
2021-01-29 16:00:00,EDSA-Center,SB,18.361,2414.0,41.319,1.0,3.218
2021-01-29 17:00:00,EDSA-South,NB,21.627,1890.0,36.179,2.0,5.543
2021-01-29 18:00:00,EDSA-South,NB,22.588,2221.0,38.998,1.5,4.579
2021-01-29 19:00:00,EDSA-South,SB,24.594,2290.0,43.251,1.5,3.877
2021-01-29 20:00:00,EDSA-South,SB,20.969,1970.0,38.021,1.5,4.524
2021-01-29 21:00:00,EDSA-South,NB,30.309,1083.0,29.082,2.0,4.639
2021-01-29 22:00:00,EDSA-North,SB,36.864,1175.0,27.631,1.5,2.538
2021-01-29 23:00:00,EDSA-North,NB,38.374,883.0,24.347,1.5,2.375
2021-01-30 00:00:00,EDSA-South,NB,32.752,818.0,28.155,1.0,1.662
2021-01-30 01:00:00,EDSA-Center,SB,34.216,1130.0,24.745,1.5,2.517
2021-01-30 02:00:00,EDSA-North,SB,31.577,994.0,29.001,1.5,2.338
2021-01-30 03:00:00,EDSA-North,NB,30.463,872.0,28.335,2.0,4.137
2021-01-30 04:00:00,EDSA-Center,SB,36.079,920.0,27.116,2.0,3.009
2021-01-30 05:00:00,EDSA-Center,NB,34.162,1005.0,25.892,2.0,3.738
2021-01-30 06:00:00,EDSA-North,NB,21.471,1989.0,41.428,1.5,4.181
2021-01-30 07:00:00,EDSA-North,NB,24.506,1750.0,35.18,1.0,2.48
2021-01-30 08:00:00,EDSA-North,NB,16.835,2126.0,38.74,1.0,3.553
2021-01-30 09:00:00,EDSA-Center,SB,18.344,2087.0,38.923,1.5,5.253
2021-01-30 10:00:00,EDSA-North,NB,33.474,1022.0,25.612,2.0,3.887
2021-01-30 11:00:00,EDSA-Center,NB,31.307,748.0,21.712,2.0,3.826
2021-01-30 12:00:00,EDSA-Center,SB,35.349,716.0,25.458,2.0,3.17
2021-01-30 13:00:00,EDSA-Center,SB,32.438,841.0,23.127,2.0,3.93
2021-01-30 14:00:00,EDSA-South,NB,30.022,911.0,25.416,1.0,1.755
2021-01-30 15:00:00,EDSA-Center,SB,33.197,582.0,18.802,1.0,1.419
2021-01-30 16:00:00,EDSA-South,NB,20.511,1939.0,38.061,1.5,4.512
2021-01-30 17:00:00,EDSA-South,SB,22.804,2082.0,37.328,1.0,2.936
2021-01-30 18:00:00,EDSA-South,SB,21.179,1954.0,35.807,2.0,5.565
2021-01-30 19:00:00,EDSA-South,NB,21.383,1728.0,35.357,1.5,4.31
2021-01-30 20:00:00,EDSA-Center,NB,20.961,1707.0,37.445,1.0,2.759
2021-01-30 21:00:00,EDSA-Center,SB,32.435,954.0,26.852,1.0,2.03
2021-01-30 22:00:00,EDSA-North,NB,30.851,872.0,26.051,1.5,3.191
2021-01-30 23:00:00,EDSA-Center,NB,33.867,980.0,26.007,1.0,1.706
2021-01-31 00:00:00,EDSA-North,SB,32.001,1008.0,25.924,1.0,1.618
2021-01-31 01:00:00,EDSA-South,NB,38.069,1097.0,29.192,1.5,2.0
2021-01-31 02:00:00,EDSA-South,SB,37.027,696.0,21.88,2.0,3.472
2021-01-31 03:00:00,EDSA-North,SB,34.899,940.0,27.478,1.5,2.295
2021-01-31 04:00:00,EDSA-South,NB,34.135,835.0,27.07,1.0,1.851
2021-01-31 05:00:00,EDSA-North,NB,32.736,882.0,23.463,1.5,2.944
2021-01-31 06:00:00,EDSA-South,SB,16.217,2006.0,37.375,2.0,7.274
2021-01-31 07:00:00,EDSA-North,NB,19.351,2025.0,37.898,1.5,4.609
2021-01-31 08:00:00,EDSA-Center,NB,20.304,2102.0,36.936,1.5,4.682
2021-01-31 09:00:00,EDSA-Center,NB,20.688,1927.0,36.917,2.0,5.598
2021-01-31 10:00:00,EDSA-South,SB,34.409,880.0,27.725,1.0,1.516
2021-01-31 11:00:00,EDSA-Center,NB,35.764,854.0,22.735,1.5,2.458
2021-01-31 12:00:00,EDSA-South,SB,30.924,588.0,24.409,1.5,3.23
2021-01-31 13:00:00,EDSA-South,NB,30.951,1141.0,27.256,2.0,4.28
2021-01-31 14:00:00,EDSA-North,SB,37.353,842.0,28.912,2.0,3.188
2021-01-31 15:00:00,EDSA-South,SB,35.313,991.0,25.034,1.0,1.521
2021-01-31 16:00:00,EDSA-South,NB,18.828,1972.0,38.093,1.5,5.046
2021-01-31 17:00:00,EDSA-Center,SB,19.678,1626.0,32.577,2.0,5.681
2021-01-31 18:00:00,EDSA-South,NB,19.692,1684.0,33.688,2.0,6.156
2021-01-31 19:00:00,EDSA-South,NB,20.095,2128.0,42.854,2.0,5.961
2021-01-31 20:00:00,EDSA-South,SB,21.418,1902.0,38.525,2.0,5.926
2021-01-31 21:00:00,EDSA-South,SB,40.605,795.0,26.206,1.0,1.826
2021-01-31 22:00:00,EDSA-Center,SB,33.569,877.0,22.457,1.5,2.445
2021-01-31 23:00:00,EDSA-North,NB,34.988,1096.0,28.908,1.5,2.614
2021-02-01 00:00:00,EDSA-South,NB,29.941,1318.0,28.216,1.0,1.861
2021-02-01 01:00:00,EDSA-Center,NB,33.545,886.0,22.516,2.0,3.504
2021-02-01 02:00:00,EDSA-Center,NB,38.686,1444.0,32.085,1.5,2.481
2021-02-01 03:00:00,EDSA-North,NB,36.207,1324.0,30.682,1.5,2.402
2021-02-01 04:00:00,EDSA-North,SB,21.833,1123.0,28.016,1.5,4.171
2021-02-01 05:00:00,EDSA-North,NB,37.022,935.0,27.193,2.0,3.481
2021-02-01 06:00:00,EDSA-South,SB,27.754,2290.0,43.779,1.5,3.622
2021-02-01 07:00:00,EDSA-North,NB,16.012,2186.0,43.776,1.0,3.819
2021-02-01 08:00:00,EDSA-North,NB,26.558,1838.0,34.452,1.5,3.418
2021-02-01 09:00:00,EDSA-South,NB,13.684,2058.0,42.374,1.5,6.3
2021-02-01 10:00:00,EDSA-Center,NB,37.814,1713.0,38.461,1.5,2.777
2021-02-01 11:00:00,EDSA-Center,NB,34.974,1153.0,27.527,2.0,3.555
2021-02-01 12:00:00,EDSA-South,NB,27.95,1016.0,23.352,1.5,3.254
2021-02-01 13:00:00,EDSA-Center,SB,36.338,968.0,23.37,1.0,1.672
2021-02-01 14:00:00,EDSA-North,SB,38.453,1469.0,30.97,2.0,3.211
2021-02-01 15:00:00,EDSA-South,NB,36.092,1303.0,34.008,1.0,1.855
2021-02-01 16:00:00,EDSA-North,NB,23.754,2353.0,42.798,2.0,5.276
2021-02-01 17:00:00,EDSA-Center,NB,20.765,2145.0,39.129,1.0,3.292
2021-02-01 18:00:00,EDSA-South,NB,16.416,2326.0,41.075,1.5,5.543
2021-02-01 19:00:00,EDSA-South,NB,24.076,1947.0,35.449,2.0,5.423
2021-02-01 20:00:00,EDSA-Center,NB,27.249,2129.0,41.936,1.0,2.466
2021-02-01 21:00:00,EDSA-South,SB,38.389,1202.0,28.635,1.0,1.548
2021-02-01 22:00:00,EDSA-Center,NB,29.036,1399.0,35.286,1.5,2.683
2021-02-01 23:00:00,EDSA-Center,NB,30.455,1207.0,30.141,1.0,1.991
2021-02-02 00:00:00,EDSA-North,NB,32.462,1037.0,28.59,1.0,2.238
2021-02-02 01:00:00,EDSA-Center,SB,30.221,1162.0,27.873,2.0,3.777
2021-02-02 02:00:00,EDSA-Center,NB,35.133,848.0,22.573,2.0,3.436
2021-02-02 03:00:00,EDSA-South,NB,36.18,732.0,21.673,2.0,3.358
2021-02-02 04:00:00,EDSA-North,NB,30.709,1300.0,27.207,2.0,4.143
2021-02-02 05:00:00,EDSA-South,NB,37.331,1083.0,29.27,1.5,2.314
2021-02-02 06:00:00,EDSA-South,NB,23.803,2053.0,38.539,1.5,3.564
2021-02-02 07:00:00,EDSA-South,SB,20.356,2250.0,43.475,2.0,6.038
2021-02-02 08:00:00,EDSA-Center,NB,21.482,2351.0,43.014,1.5,4.004
2021-02-02 09:00:00,EDSA-North,NB,16.151,2196.0,40.371,1.0,3.256
2021-02-02 10:00:00,EDSA-North,SB,34.003,1497.0,29.877,1.0,2.225
2021-02-02 11:00:00,EDSA-South,NB,35.022,1240.0,29.869,1.5,2.802
2021-02-02 12:00:00,EDSA-South,NB,35.506,1204.0,28.413,2.0,3.851
2021-02-02 13:00:00,EDSA-Center,NB,36.137,1193.0,30.527,1.5,2.709
2021-02-02 14:00:00,EDSA-North,SB,35.733,919.0,24.133,1.5,2.689
2021-02-02 15:00:00,EDSA-North,SB,34.207,1322.0,31.436,1.0,1.846
2021-02-02 16:00:00,EDSA-Center,SB,22.859,1660.0,38.07,2.0,5.203
2021-02-02 17:00:00,EDSA-Center,SB,25.006,1994.0,39.182,2.0,4.927
2021-02-02 18:00:00,EDSA-North,SB,21.714,2104.0,41.468,1.0,2.625
2021-02-02 19:00:00,EDSA-South,SB,22.953,1958.0,39.359,1.5,3.654
2021-02-02 20:00:00,EDSA-Center,SB,21.441,2019.0,42.711,1.5,4.114
2021-02-02 21:00:00,EDSA-North,SB,33.06,1481.0,32.776,1.0,2.138
2021-02-02 22:00:00,EDSA-North,SB,36.569,1349.0,31.91,1.5,2.153
2021-02-02 23:00:00,EDSA-Center,NB,33.334,1027.0,26.733,1.0,1.496
2021-02-03 00:00:00,EDSA-South,NB,36.158,1065.0,25.704,1.5,2.637
2021-02-03 01:00:00,EDSA-South,SB,35.085,920.0,23.165,1.0,1.606
2021-02-03 02:00:00,EDSA-Center,NB,34.088,1277.0,32.218,1.5,2.762
2021-02-03 03:00:00,EDSA-North,NB,34.016,1105.0,25.691,2.0,3.775
2021-02-03 04:00:00,EDSA-South,SB,33.476,796.0,25.646,1.0,1.908
2021-02-03 05:00:00,EDSA-Center,SB,30.063,1168.0,29.266,1.0,1.838
2021-02-03 06:00:00,EDSA-North,SB,23.149,2179.0,42.594,2.0,5.505
2021-02-03 07:00:00,EDSA-Center,NB,22.695,2273.0,40.814,2.0,5.473
2021-02-03 08:00:00,EDSA-North,NB,24.549,2087.0,38.117,2.0,4.895
2021-02-03 09:00:00,EDSA-North,NB,20.406,2033.0,39.835,1.0,2.935
2021-02-03 10:00:00,EDSA-Center,NB,40.686,1508.0,31.752,1.0,1.568
2021-02-03 11:00:00,EDSA-South,SB,33.861,1151.0,25.777,2.0,3.466
2021-02-03 12:00:00,EDSA-South,NB,32.375,1280.0,33.592,1.5,2.372
2021-02-03 13:00:00,EDSA-South,NB,32.019,1053.0,25.525,2.0,3.935
2021-02-03 14:00:00,EDSA-Center,NB,29.798,1274.0,27.666,1.0,2.186
2021-02-03 15:00:00,EDSA-North,SB,39.598,888.0,24.728,1.0,0.94
2021-02-03 16:00:00,EDSA-Center,NB,26.113,2017.0,41.399,1.0,2.425
2021-02-03 17:00:00,EDSA-South,NB,23.802,1883.0,33.015,1.0,2.96
2021-02-03 18:00:00,EDSA-North,SB,19.312,1991.0,40.937,2.0,5.932
2021-02-03 19:00:00,EDSA-South,SB,27.434,2325.0,40.616,2.0,4.356
2021-02-03 20:00:00,EDSA-South,NB,20.945,1990.0,39.112,1.5,4.252
2021-02-03 21:00:00,EDSA-North,SB,34.193,1279.0,28.36,1.0,2.17
2021-02-03 22:00:00,EDSA-South,SB,39.312,1423.0,35.35,1.0,1.806
2021-02-03 23:00:00,EDSA-South,NB,36.977,1145.0,28.417,1.0,1.403
2021-02-04 00:00:00,EDSA-North,NB,41.603,1329.0,28.866,2.0,2.97
2021-02-04 01:00:00,EDSA-North,SB,35.746,1246.0,28.722,2.0,3.933
2021-02-04 02:00:00,EDSA-Center,NB,33.809,1171.0,28.645,1.5,2.506
2021-02-04 03:00:00,EDSA-South,SB,33.165,1285.0,30.134,2.0,3.616
2021-02-04 04:00:00,EDSA-North,SB,29.459,1481.0,32.911,2.0,4.202
2021-02-04 05:00:00,EDSA-Center,SB,34.164,1035.0,26.903,2.0,3.36
2021-02-04 06:00:00,EDSA-North,SB,25.434,1927.0,35.11,1.0,2.8
2021-02-04 07:00:00,EDSA-Center,NB,23.797,1917.0,37.062,2.0,4.925
2021-02-04 08:00:00,EDSA-Center,SB,22.061,2279.0,43.122,2.0,5.092
2021-02-04 09:00:00,EDSA-North,SB,19.015,2303.0,40.848,1.5,4.602
2021-02-04 10:00:00,EDSA-South,NB,35.681,1053.0,28.459,1.5,2.686
2021-02-04 11:00:00,EDSA-South,SB,38.038,766.0,23.867,2.0,2.955
2021-02-04 12:00:00,EDSA-South,NB,36.292,1029.0,26.393,1.5,2.555
2021-02-04 13:00:00,EDSA-North,NB,35.5,1249.0,31.747,1.5,2.676
2021-02-04 14:00:00,EDSA-North,NB,32.609,1138.0,24.611,2.0,3.378
2021-02-04 15:00:00,EDSA-North,NB,37.602,1182.0,27.248,2.0,3.05
2021-02-04 16:00:00,EDSA-Center,SB,12.604,2006.0,41.232,1.0,4.848
2021-02-04 17:00:00,EDSA-North,NB,23.149,2283.0,45.609,2.0,5.36
2021-02-04 18:00:00,EDSA-South,NB,29.711,2162.0,45.132,1.0,1.885
2021-02-04 19:00:00,EDSA-South,SB,17.475,2206.0,41.165,1.5,5.188
2021-02-04 20:00:00,EDSA-South,SB,21.276,2129.0,41.095,1.0,2.749
2021-02-04 21:00:00,EDSA-North,NB,34.976,1244.0,30.945,2.0,3.613
2021-02-04 22:00:00,EDSA-North,NB,33.612,1233.0,31.724,2.0,3.7
2021-02-04 23:00:00,EDSA-South,SB,38.109,983.0,26.93,1.5,2.268
2021-02-05 00:00:00,EDSA-North,SB,36.417,1217.0,30.85,1.5,2.591
2021-02-05 01:00:00,EDSA-Center,SB,35.457,1292.0,30.783,1.5,2.435
2021-02-05 02:00:00,EDSA-South,SB,37.392,1358.0,31.661,1.0,1.719
2021-02-05 03:00:00,EDSA-North,NB,35.05,1225.0,27.25,1.5,2.686
2021-02-05 04:00:00,EDSA-North,SB,44.54,976.0,25.569,2.0,3.287
2021-02-05 05:00:00,EDSA-North,NB,35.454,1004.0,25.5,1.0,1.608
2021-02-05 06:00:00,EDSA-North,NB,22.586,2022.0,36.571,1.5,3.949
2021-02-05 07:00:00,EDSA-North,SB,16.869,2134.0,36.939,1.0,3.395
2021-02-05 08:00:00,EDSA-South,SB,20.37,2078.0,38.75,1.0,2.687
2021-02-05 09:00:00,EDSA-Center,NB,25.442,1898.0,36.996,2.0,4.602
2021-02-05 10:00:00,EDSA-South,NB,30.994,947.0,26.097,1.5,3.07
2021-02-05 11:00:00,EDSA-South,SB,28.527,772.0,24.993,1.5,3.339
2021-02-05 12:00:00,EDSA-South,NB,35.097,588.0,22.144,1.5,2.638
2021-02-05 13:00:00,EDSA-North,SB,39.112,1126.0,27.438,2.0,2.994
2021-02-05 14:00:00,EDSA-North,NB,35.127,1568.0,31.198,1.0,1.585
2021-02-05 15:00:00,EDSA-South,SB,33.992,1473.0,33.698,1.5,2.419
2021-02-05 16:00:00,EDSA-North,NB,16.425,1924.0,37.621,1.0,3.514
2021-02-05 17:00:00,EDSA-North,NB,23.357,2127.0,39.293,2.0,4.814
2021-02-05 18:00:00,EDSA-South,NB,23.984,1836.0,36.445,2.0,5.343
2021-02-05 19:00:00,EDSA-South,SB,16.655,1864.0,35.668,2.0,7.664
2021-02-05 20:00:00,EDSA-South,SB,25.404,1884.0,36.31,1.0,1.878
2021-02-05 21:00:00,EDSA-South,SB,37.297,1109.0,26.633,1.0,1.681
2021-02-05 22:00:00,EDSA-North,SB,38.397,1117.0,27.273,1.5,2.412
2021-02-05 23:00:00,EDSA-South,NB,36.751,1195.0,30.06,1.5,2.501
2021-02-06 00:00:00,EDSA-South,SB,34.961,1019.0,27.537,2.0,3.284
2021-02-06 01:00:00,EDSA-South,SB,34.562,839.0,27.746,2.0,3.728
2021-02-06 02:00:00,EDSA-South,SB,35.605,907.0,27.848,1.5,2.63
2021-02-06 03:00:00,EDSA-South,SB,27.544,703.0,26.999,1.0,2.437
2021-02-06 04:00:00,EDSA-Center,SB,28.497,658.0,23.685,1.0,1.921
2021-02-06 05:00:00,EDSA-North,SB,30.792,630.0,23.333,1.5,2.577
2021-02-06 06:00:00,EDSA-Center,SB,19.611,1967.0,37.344,1.0,3.168
2021-02-06 07:00:00,EDSA-North,NB,21.164,1789.0,37.928,1.0,2.594
2021-02-06 08:00:00,EDSA-North,SB,20.974,1513.0,31.79,1.0,3.124
2021-02-06 09:00:00,EDSA-North,NB,23.351,1839.0,33.903,1.0,2.038
2021-02-06 10:00:00,EDSA-South,SB,36.445,675.0,25.818,1.5,2.352
2021-02-06 11:00:00,EDSA-Center,NB,30.383,1199.0,26.289,2.0,3.796
2021-02-06 12:00:00,EDSA-Center,SB,33.716,796.0,25.03,2.0,3.476
2021-02-06 13:00:00,EDSA-South,NB,30.457,1023.0,25.0,2.0,4.005
2021-02-06 14:00:00,EDSA-Center,SB,32.435,1096.0,29.857,1.5,2.874
2021-02-06 15:00:00,EDSA-Center,NB,33.965,728.0,25.899,2.0,3.693
2021-02-06 16:00:00,EDSA-North,NB,9.774,1864.0,38.191,1.0,6.328
2021-02-06 17:00:00,EDSA-South,SB,27.234,1950.0,40.613,1.0,2.16
2021-02-06 18:00:00,EDSA-Center,SB,21.699,1871.0,37.229,2.0,6.057
2021-02-06 19:00:00,EDSA-North,NB,18.213,1915.0,42.191,2.0,6.936
2021-02-06 20:00:00,EDSA-South,NB,25.782,1611.0,35.715,2.0,4.576
2021-02-06 21:00:00,EDSA-South,SB,31.958,1000.0,24.696,1.5,2.782
2021-02-06 22:00:00,EDSA-North,SB,33.398,812.0,24.483,1.0,1.713
2021-02-06 23:00:00,EDSA-North,NB,31.539,963.0,25.768,2.0,3.896
2021-02-07 00:00:00,EDSA-North,SB,37.956,1066.0,26.754,1.0,1.338
2021-02-07 01:00:00,EDSA-North,NB,32.685,1020.0,23.42,1.0,1.638
2021-02-07 02:00:00,EDSA-North,SB,33.448,963.0,26.846,2.0,3.046
2021-02-07 03:00:00,EDSA-South,NB,36.611,1016.0,23.908,1.0,1.539
2021-02-07 04:00:00,EDSA-Center,NB,34.755,1024.0,21.724,1.0,1.993
2021-02-07 05:00:00,EDSA-South,NB,32.837,1169.0,27.758,2.0,3.616
2021-02-07 06:00:00,EDSA-South,SB,23.331,1844.0,35.393,2.0,5.119
2021-02-07 07:00:00,EDSA-Center,SB,27.615,1880.0,35.591,2.0,4.415
2021-02-07 08:00:00,EDSA-Center,NB,20.952,2018.0,32.698,1.0,2.613
2021-02-07 09:00:00,EDSA-North,SB,20.35,1762.0,34.258,1.0,2.955
2021-02-07 10:00:00,EDSA-North,SB,33.512,660.0,22.239,2.0,3.803
2021-02-07 11:00:00,EDSA-Center,SB,36.931,989.0,25.103,1.0,1.701
2021-02-07 12:00:00,EDSA-North,SB,31.202,863.0,25.698,1.0,2.167
2021-02-07 13:00:00,EDSA-North,NB,32.165,683.0,25.636,1.5,3.114
2021-02-07 14:00:00,EDSA-North,NB,28.388,990.0,27.419,1.5,3.336
2021-02-07 15:00:00,EDSA-South,SB,29.448,1158.0,30.365,2.0,3.897
2021-02-07 16:00:00,EDSA-Center,NB,18.447,1557.0,35.82,1.5,4.793
2021-02-07 17:00:00,EDSA-South,NB,19.832,2034.0,37.053,2.0,6.534
2021-02-07 18:00:00,EDSA-Center,NB,25.307,1393.0,32.601,1.5,3.635
2021-02-07 19:00:00,EDSA-North,SB,21.608,1778.0,38.137,2.0,5.599
2021-02-07 20:00:00,EDSA-Center,SB,17.264,2181.0,39.913,1.5,4.998
2021-02-07 21:00:00,EDSA-North,SB,30.816,841.0,23.089,2.0,3.871
2021-02-07 22:00:00,EDSA-South,NB,37.124,916.0,26.597,2.0,3.411
2021-02-07 23:00:00,EDSA-North,NB,36.38,1037.0,23.966,2.0,3.302
2021-02-08 00:00:00,EDSA-Center,SB,35.084,841.0,22.496,1.5,2.435
2021-02-08 01:00:00,EDSA-South,NB,33.672,1163.0,27.041,1.5,2.601
2021-02-08 02:00:00,EDSA-Center,SB,38.375,1162.0,29.259,1.5,2.643
2021-02-08 03:00:00,EDSA-Center,NB,32.02,1485.0,32.518,1.0,2.041
2021-02-08 04:00:00,EDSA-Center,NB,36.176,928.0,27.732,1.0,1.792
2021-02-08 05:00:00,EDSA-South,NB,41.818,1081.0,25.591,2.0,2.98
2021-02-08 06:00:00,EDSA-North,SB,22.616,1933.0,35.977,1.0,2.357
2021-02-08 07:00:00,EDSA-Center,SB,19.673,1914.0,38.757,1.5,4.643
2021-02-08 08:00:00,EDSA-South,NB,23.231,2303.0,40.586,1.5,4.141
2021-02-08 09:00:00,EDSA-Center,SB,20.59,2105.0,38.698,1.5,4.306
2021-02-08 10:00:00,EDSA-Center,SB,30.818,1050.0,23.361,2.0,4.138
2021-02-08 11:00:00,EDSA-North,SB,37.103,1057.0,27.735,1.0,1.753
2021-02-08 12:00:00,EDSA-North,SB,38.354,1049.0,30.142,2.0,3.336
2021-02-08 13:00:00,EDSA-South,NB,34.067,1065.0,25.186,2.0,3.535
2021-02-08 14:00:00,EDSA-Center,SB,33.868,922.0,27.651,2.0,3.765
2021-02-08 15:00:00,EDSA-North,SB,32.115,1103.0,27.571,2.0,3.37
2021-02-08 16:00:00,EDSA-Center,NB,21.55,2035.0,35.576,1.5,4.185
2021-02-08 17:00:00,EDSA-Center,NB,20.313,1964.0,36.492,1.5,4.609
2021-02-08 18:00:00,EDSA-Center,SB,18.967,2128.0,38.258,2.0,6.401
2021-02-08 19:00:00,EDSA-South,SB,27.677,2143.0,39.714,2.0,4.61
2021-02-08 20:00:00,EDSA-North,NB,23.399,2000.0,39.537,1.0,2.525
2021-02-08 21:00:00,EDSA-Center,NB,36.717,1124.0,31.624,1.5,2.314
2021-02-08 22:00:00,EDSA-Center,SB,37.65,1539.0,29.831,1.5,1.981
2021-02-08 23:00:00,EDSA-South,NB,37.313,1532.0,31.645,1.0,1.54
2021-02-09 00:00:00,EDSA-North,NB,33.761,960.0,24.251,1.0,1.906
2021-02-09 01:00:00,EDSA-North,SB,35.818,985.0,23.796,1.0,1.865
2021-02-09 02:00:00,EDSA-Center,SB,34.193,959.0,26.223,2.0,3.16
2021-02-09 03:00:00,EDSA-Center,NB,36.315,1340.0,30.416,1.5,2.772
2021-02-09 04:00:00,EDSA-South,NB,36.025,1078.0,23.772,1.5,2.255
2021-02-09 05:00:00,EDSA-Center,NB,33.852,1193.0,28.757,1.0,1.742
2021-02-09 06:00:00,EDSA-South,NB,18.012,2459.0,41.573,1.5,4.854
2021-02-09 07:00:00,EDSA-Center,SB,22.439,2098.0,39.852,2.0,5.452
2021-02-09 08:00:00,EDSA-North,NB,21.387,2227.0,43.851,2.0,5.634
2021-02-09 09:00:00,EDSA-North,NB,16.329,2194.0,41.853,2.0,7.518
2021-02-09 10:00:00,EDSA-South,NB,36.523,1044.0,27.362,1.0,2.104
2021-02-09 11:00:00,EDSA-North,SB,37.896,1341.0,29.36,1.5,2.474
2021-02-09 12:00:00,EDSA-South,SB,42.585,997.0,26.6,1.5,1.969
2021-02-09 13:00:00,EDSA-North,SB,33.826,1391.0,32.125,2.0,3.663
2021-02-09 14:00:00,EDSA-North,NB,33.384,1044.0,27.937,2.0,4.081
2021-02-09 15:00:00,EDSA-North,SB,31.672,1064.0,27.037,2.0,3.953
2021-02-09 16:00:00,EDSA-Center,NB,22.626,1904.0,38.032,1.0,2.888
2021-02-09 17:00:00,EDSA-Center,SB,22.607,1934.0,35.304,1.5,3.583
2021-02-09 18:00:00,EDSA-South,SB,19.566,2023.0,37.498,2.0,6.23
2021-02-09 19:00:00,EDSA-Center,SB,21.475,1662.0,36.232,1.0,2.727
2021-02-09 20:00:00,EDSA-Center,NB,16.064,2058.0,41.051,1.5,5.433
2021-02-09 21:00:00,EDSA-Center,SB,37.779,1059.0,27.361,1.0,1.583
2021-02-09 22:00:00,EDSA-South,SB,32.688,1292.0,32.818,1.0,1.863
2021-02-09 23:00:00,EDSA-Center,SB,34.896,1226.0,30.117,1.5,2.423
2021-02-10 00:00:00,EDSA-North,NB,30.72,1023.0,26.294,1.5,2.977
2021-02-10 01:00:00,EDSA-Center,SB,33.253,1067.0,24.836,1.5,2.663
2021-02-10 02:00:00,EDSA-South,SB,34.161,1108.0,30.617,1.0,1.932
2021-02-10 03:00:00,EDSA-North,NB,34.966,1417.0,32.842,2.0,3.489
2021-02-10 04:00:00,EDSA-South,SB,36.439,1002.0,30.119,1.5,2.564
2021-02-10 05:00:00,EDSA-Center,NB,39.317,1020.0,31.069,2.0,3.297
2021-02-10 06:00:00,EDSA-Center,SB,24.198,1897.0,34.94,2.0,5.098
2021-02-10 07:00:00,EDSA-North,SB,24.886,1833.0,34.214,1.5,3.615
2021-02-10 08:00:00,EDSA-South,NB,26.338,2155.0,34.759,1.0,1.756
2021-02-10 09:00:00,EDSA-North,NB,23.709,2137.0,42.107,1.0,2.659
2021-02-10 10:00:00,EDSA-North,SB,34.89,1381.0,32.193,2.0,3.211
2021-02-10 11:00:00,EDSA-Center,NB,38.027,1337.0,30.576,1.0,1.556
2021-02-10 12:00:00,EDSA-Center,NB,38.219,1581.0,30.735,1.5,2.448
2021-02-10 13:00:00,EDSA-Center,NB,36.946,1137.0,27.894,1.5,2.769
2021-02-10 14:00:00,EDSA-North,SB,30.636,1103.0,28.055,2.0,4.378
2021-02-10 15:00:00,EDSA-North,SB,32.476,916.0,27.099,2.0,3.465
2021-02-10 16:00:00,EDSA-North,SB,21.175,2225.0,41.838,1.5,3.921
2021-02-10 17:00:00,EDSA-Center,NB,24.339,2121.0,41.423,2.0,5.012
2021-02-10 18:00:00,EDSA-Center,NB,21.936,2217.0,40.95,1.5,4.163
2021-02-10 19:00:00,EDSA-Center,SB,25.411,1895.0,39.855,1.5,3.241
2021-02-10 20:00:00,EDSA-Center,SB,25.946,2163.0,41.841,2.0,4.621
2021-02-10 21:00:00,EDSA-South,SB,38.598,1187.0,26.276,2.0,3.258
2021-02-10 22:00:00,EDSA-Center,SB,38.617,1175.0,31.291,1.0,1.246
2021-02-10 23:00:00,EDSA-Center,SB,31.889,1027.0,29.262,1.5,2.574
2021-02-11 00:00:00,EDSA-Center,NB,36.448,1364.0,31.618,2.0,3.131
2021-02-11 01:00:00,EDSA-Center,NB,33.177,1519.0,33.031,1.0,1.755
2021-02-11 02:00:00,EDSA-Center,SB,30.053,950.0,29.244,1.5,3.168
2021-02-11 03:00:00,EDSA-North,SB,34.138,1280.0,26.45,1.0,1.676
2021-02-11 04:00:00,EDSA-North,SB,38.974,632.0,24.75,2.0,3.093
2021-02-11 05:00:00,EDSA-South,SB,36.382,1270.0,28.657,1.0,2.211
2021-02-11 06:00:00,EDSA-Center,NB,28.053,1763.0,38.169,1.5,2.969
2021-02-11 07:00:00,EDSA-Center,NB,22.532,2006.0,39.004,1.0,2.5
2021-02-11 08:00:00,EDSA-North,SB,29.343,1864.0,34.646,2.0,4.259
2021-02-11 09:00:00,EDSA-Center,SB,22.533,2061.0,38.411,1.0,2.91
2021-02-11 10:00:00,EDSA-Center,NB,35.067,1301.0,32.005,1.5,2.67
2021-02-11 11:00:00,EDSA-Center,NB,31.162,816.0,23.96,2.0,4.303
2021-02-11 12:00:00,EDSA-Center,SB,38.332,1085.0,26.238,1.5,2.427
2021-02-11 13:00:00,EDSA-Center,SB,33.494,1058.0,25.906,1.0,1.297
2021-02-11 14:00:00,EDSA-South,SB,33.059,1435.0,32.782,2.0,3.654
2021-02-11 15:00:00,EDSA-Center,NB,38.844,1228.0,32.62,1.0,1.402
2021-02-11 16:00:00,EDSA-South,SB,25.475,1888.0,33.131,1.5,3.879
2021-02-11 17:00:00,EDSA-South,SB,25.396,2015.0,44.476,1.0,2.604
2021-02-11 18:00:00,EDSA-Center,SB,20.913,2380.0,43.479,2.0,5.341
2021-02-11 19:00:00,EDSA-South,SB,21.847,2229.0,42.489,1.0,3.084
2021-02-11 20:00:00,EDSA-North,NB,21.82,1935.0,37.077,2.0,5.734
2021-02-11 21:00:00,EDSA-South,NB,37.348,1102.0,27.665,1.0,1.525
2021-02-11 22:00:00,EDSA-South,NB,39.661,1108.0,28.123,2.0,3.006
2021-02-11 23:00:00,EDSA-Center,SB,36.104,1053.0,25.013,1.0,2.01
2021-02-12 00:00:00,EDSA-South,NB,40.925,842.0,23.073,1.0,0.973
2021-02-12 01:00:00,EDSA-Center,NB,37.692,1028.0,29.191,1.0,1.703
2021-02-12 02:00:00,EDSA-North,NB,34.296,1400.0,27.996,2.0,3.772
2021-02-12 03:00:00,EDSA-South,SB,37.486,1081.0,28.318,2.0,3.179
2021-02-12 04:00:00,EDSA-North,SB,40.118,1131.0,27.27,1.5,2.405
2021-02-12 05:00:00,EDSA-North,SB,40.995,1175.0,26.594,1.5,2.221
2021-02-12 06:00:00,EDSA-Center,SB,25.561,2499.0,48.385,1.0,2.151
2021-02-12 07:00:00,EDSA-South,NB,22.077,2102.0,37.959,1.0,2.516
2021-02-12 08:00:00,EDSA-Center,NB,21.35,2297.0,39.854,1.5,4.393
2021-02-12 09:00:00,EDSA-Center,NB,23.728,1992.0,38.238,1.5,3.634
2021-02-12 10:00:00,EDSA-North,SB,40.022,1103.0,26.151,2.0,2.617
2021-02-12 11:00:00,EDSA-North,SB,36.301,1152.0,28.264,1.0,1.683
2021-02-12 12:00:00,EDSA-North,NB,36.364,1011.0,26.933,1.0,1.522
2021-02-12 13:00:00,EDSA-North,NB,35.154,1113.0,28.273,1.5,2.26
2021-02-12 14:00:00,EDSA-South,NB,34.016,1310.0,29.815,1.0,1.782
2021-02-12 15:00:00,EDSA-South,SB,34.514,1006.0,25.164,1.5,2.799
2021-02-12 16:00:00,EDSA-South,NB,22.406,2100.0,41.137,2.0,5.361
2021-02-12 17:00:00,EDSA-North,SB,27.154,2228.0,41.094,2.0,4.153
2021-02-12 18:00:00,EDSA-North,NB,21.281,1952.0,37.152,1.5,4.35
2021-02-12 19:00:00,EDSA-North,SB,22.158,2297.0,45.077,2.0,5.674
2021-02-12 20:00:00,EDSA-Center,SB,19.404,2113.0,39.758,1.0,3.645
2021-02-12 21:00:00,EDSA-Center,NB,37.15,1120.0,30.067,2.0,3.591
2021-02-12 22:00:00,EDSA-Center,SB,39.1,789.0,26.522,2.0,2.818
2021-02-12 23:00:00,EDSA-North,SB,39.873,1083.0,30.027,1.0,1.719
2021-02-13 00:00:00,EDSA-South,SB,33.61,967.0,27.502,2.0,3.634
2021-02-13 01:00:00,EDSA-North,SB,34.723,1214.0,28.962,1.5,2.304
2021-02-13 02:00:00,EDSA-North,NB,32.539,1002.0,26.397,2.0,3.759
2021-02-13 03:00:00,EDSA-South,NB,34.584,1103.0,27.193,1.0,2.215
2021-02-13 04:00:00,EDSA-South,SB,33.942,682.0,18.513,2.0,3.834
2021-02-13 05:00:00,EDSA-North,NB,33.175,877.0,26.525,2.0,3.364
2021-02-13 06:00:00,EDSA-Center,NB,20.413,2070.0,39.991,2.0,5.882
2021-02-13 07:00:00,EDSA-South,NB,21.356,1690.0,36.788,1.0,2.932
2021-02-13 08:00:00,EDSA-South,NB,19.118,2024.0,38.739,1.0,2.706
2021-02-13 09:00:00,EDSA-South,NB,19.273,1982.0,39.823,1.5,4.246
2021-02-13 10:00:00,EDSA-Center,NB,38.122,949.0,23.164,1.5,2.399
2021-02-13 11:00:00,EDSA-Center,SB,41.132,841.0,22.331,1.0,1.501
2021-02-13 12:00:00,EDSA-South,SB,29.387,722.0,18.356,2.0,3.624
2021-02-13 13:00:00,EDSA-North,NB,29.222,1220.0,28.756,1.5,3.177
2021-02-13 14:00:00,EDSA-North,NB,30.129,1014.0,25.113,1.5,3.259
2021-02-13 15:00:00,EDSA-Center,SB,32.69,961.0,24.248,1.0,1.781
2021-02-13 16:00:00,EDSA-South,NB,22.687,1776.0,36.79,2.0,5.304
2021-02-13 17:00:00,EDSA-North,NB,21.774,1857.0,36.202,1.5,4.276
2021-02-13 18:00:00,EDSA-Center,NB,20.516,1880.0,34.45,1.0,3.034
2021-02-13 19:00:00,EDSA-Center,NB,21.587,1922.0,42.892,2.0,5.142
2021-02-13 20:00:00,EDSA-Center,NB,17.924,1982.0,38.421,1.0,3.121
2021-02-13 21:00:00,EDSA-South,NB,32.268,759.0,21.564,1.5,2.69
2021-02-13 22:00:00,EDSA-North,SB,32.94,636.0,20.974,1.5,2.517
2021-02-13 23:00:00,EDSA-South,SB,28.247,915.0,25.178,1.0,2.491
2021-02-14 00:00:00,EDSA-Center,NB,29.516,586.0,21.383,2.0,4.224
2021-02-14 01:00:00,EDSA-South,SB,29.635,842.0,27.284,1.0,1.747
2021-02-14 02:00:00,EDSA-Center,SB,35.292,808.0,24.137,2.0,3.347
2021-02-14 03:00:00,EDSA-North,NB,33.736,989.0,30.078,2.0,3.84
2021-02-14 04:00:00,EDSA-South,NB,34.833,1257.0,28.589,1.0,1.561
2021-02-14 05:00:00,EDSA-South,SB,27.481,550.0,22.178,1.5,3.488
2021-02-14 06:00:00,EDSA-North,NB,15.549,2259.0,43.727,1.0,4.204
2021-02-14 07:00:00,EDSA-South,NB,21.99,1808.0,38.883,1.5,4.397
2021-02-14 08:00:00,EDSA-South,NB,11.664,1913.0,40.319,1.5,7.761
2021-02-14 09:00:00,EDSA-Center,NB,23.674,1595.0,33.502,1.5,4.114
2021-02-14 10:00:00,EDSA-South,NB,27.53,1079.0,27.403,2.0,4.228
2021-02-14 11:00:00,EDSA-Center,NB,35.53,907.0,20.477,1.5,3.155
2021-02-14 12:00:00,EDSA-Center,NB,30.334,889.0,24.831,2.0,4.016
2021-02-14 13:00:00,EDSA-North,SB,36.147,551.0,23.522,1.5,2.777
2021-02-14 14:00:00,EDSA-South,NB,42.624,913.0,27.296,1.5,2.021
2021-02-14 15:00:00,EDSA-North,SB,26.18,1052.0,26.928,1.0,2.417
2021-02-14 16:00:00,EDSA-South,SB,22.086,1807.0,39.884,1.0,2.853
2021-02-14 17:00:00,EDSA-Center,SB,14.576,2061.0,38.638,1.5,5.943
2021-02-14 18:00:00,EDSA-Center,SB,21.28,2054.0,37.888,1.5,3.99
2021-02-14 19:00:00,EDSA-North,NB,19.38,1735.0,34.712,1.5,4.593
2021-02-14 20:00:00,EDSA-South,NB,20.389,2137.0,38.032,2.0,6.162
2021-02-14 21:00:00,EDSA-North,NB,30.265,908.0,26.689,1.0,1.525
2021-02-14 22:00:00,EDSA-Center,SB,35.342,909.0,26.03,1.5,2.456
2021-02-14 23:00:00,EDSA-South,SB,28.655,918.0,26.775,2.0,4.515
2021-02-15 00:00:00,EDSA-South,SB,38.725,1162.0,27.54,1.5,2.016
2021-02-15 01:00:00,EDSA-South,NB,33.772,677.0,22.664,1.0,2.09
2021-02-15 02:00:00,EDSA-South,NB,30.792,1117.0,23.484,1.5,2.641
2021-02-15 03:00:00,EDSA-Center,SB,39.785,904.0,26.154,1.0,1.279
2021-02-15 04:00:00,EDSA-North,SB,34.798,1443.0,31.789,1.0,1.687
2021-02-15 05:00:00,EDSA-South,SB,40.723,1435.0,29.307,2.0,3.415
2021-02-15 06:00:00,EDSA-South,NB,25.664,2253.0,41.404,1.5,3.347
2021-02-15 07:00:00,EDSA-South,NB,19.606,2057.0,38.841,2.0,5.687
2021-02-15 08:00:00,EDSA-Center,NB,21.745,1919.0,41.292,2.0,5.168
2021-02-15 09:00:00,EDSA-North,SB,22.363,1982.0,36.367,1.0,2.916
2021-02-15 10:00:00,EDSA-Center,NB,39.579,1500.0,32.909,2.0,2.693
2021-02-15 11:00:00,EDSA-Center,SB,36.313,1025.0,24.611,2.0,3.602
2021-02-15 12:00:00,EDSA-South,NB,35.529,726.0,22.233,1.0,1.706
2021-02-15 13:00:00,EDSA-Center,NB,34.4,1335.0,30.911,1.0,1.736
2021-02-15 14:00:00,EDSA-North,NB,34.848,1420.0,30.908,2.0,3.518
2021-02-15 15:00:00,EDSA-North,SB,38.914,1449.0,31.648,2.0,2.884
2021-02-15 16:00:00,EDSA-South,SB,22.011,2287.0,42.665,1.0,2.76
2021-02-15 17:00:00,EDSA-South,SB,20.815,2316.0,41.35,1.5,4.026
2021-02-15 18:00:00,EDSA-North,SB,20.306,2110.0,41.728,2.0,6.247
2021-02-15 19:00:00,EDSA-Center,NB,20.339,1726.0,34.941,2.0,5.643
2021-02-15 20:00:00,EDSA-Center,NB,17.794,2105.0,39.713,2.0,6.854
2021-02-15 21:00:00,EDSA-Center,SB,32.749,1262.0,30.234,1.5,2.489
2021-02-15 22:00:00,EDSA-South,NB,39.495,1126.0,28.399,1.0,1.386
2021-02-15 23:00:00,EDSA-North,NB,34.38,1117.0,29.139,1.5,2.524
2021-02-16 00:00:00,EDSA-North,SB,37.113,976.0,26.863,2.0,3.979
2021-02-16 01:00:00,EDSA-North,SB,27.564,970.0,27.089,2.0,4.35
2021-02-16 02:00:00,EDSA-North,NB,36.705,1481.0,31.379,1.5,2.247
2021-02-16 03:00:00,EDSA-South,SB,34.516,1487.0,29.967,1.0,1.627
2021-02-16 04:00:00,EDSA-South,SB,33.556,1150.0,25.364,1.5,2.306
2021-02-16 05:00:00,EDSA-North,SB,35.543,1201.0,25.466,1.0,1.647
2021-02-16 06:00:00,EDSA-Center,SB,20.513,1923.0,41.345,1.5,4.85
2021-02-16 07:00:00,EDSA-North,NB,15.628,2216.0,36.755,1.5,5.843
2021-02-16 08:00:00,EDSA-North,NB,24.767,2417.0,45.88,1.5,3.86
2021-02-16 09:00:00,EDSA-North,SB,22.729,1825.0,35.043,1.5,3.732
2021-02-16 10:00:00,EDSA-North,NB,34.058,1233.0,31.558,1.5,2.592
2021-02-16 11:00:00,EDSA-Center,NB,32.101,1247.0,24.936,1.0,1.92
2021-02-16 12:00:00,EDSA-South,SB,30.59,1245.0,28.847,2.0,3.741
2021-02-16 13:00:00,EDSA-Center,NB,35.672,1446.0,34.534,1.5,2.623
2021-02-16 14:00:00,EDSA-South,SB,39.84,1516.0,33.866,1.5,2.413
2021-02-16 15:00:00,EDSA-Center,NB,35.609,1108.0,27.067,1.5,2.663
2021-02-16 16:00:00,EDSA-North,NB,17.852,2221.0,37.358,1.0,3.323
2021-02-16 17:00:00,EDSA-North,SB,22.675,2115.0,37.379,1.5,4.242
2021-02-16 18:00:00,EDSA-North,SB,21.84,1986.0,41.32,1.5,4.056
2021-02-16 19:00:00,EDSA-North,NB,24.592,2149.0,39.714,2.0,4.792
2021-02-16 20:00:00,EDSA-South,NB,23.82,2221.0,41.096,1.5,4.139
2021-02-16 21:00:00,EDSA-South,NB,26.043,1189.0,29.241,1.5,3.179
2021-02-16 22:00:00,EDSA-South,NB,36.636,991.0,23.795,1.0,1.212
2021-02-16 23:00:00,EDSA-Center,SB,31.99,1067.0,28.08,1.5,2.596
2021-02-17 00:00:00,EDSA-Center,NB,30.735,1068.0,26.442,2.0,4.001
2021-02-17 01:00:00,EDSA-Center,NB,34.435,998.0,27.069,1.5,2.935
2021-02-17 02:00:00,EDSA-Center,NB,36.233,1206.0,27.718,1.5,2.319
2021-02-17 03:00:00,EDSA-South,NB,30.078,1225.0,25.944,1.0,2.449
2021-02-17 04:00:00,EDSA-South,SB,37.114,1326.0,29.398,1.5,2.432
2021-02-17 05:00:00,EDSA-South,NB,37.29,996.0,27.731,2.0,3.189
2021-02-17 06:00:00,EDSA-Center,SB,22.141,1996.0,39.443,1.5,3.852
2021-02-17 07:00:00,EDSA-North,NB,19.397,2380.0,43.13,2.0,6.674
2021-02-17 08:00:00,EDSA-South,NB,19.062,2070.0,41.306,1.5,4.684
2021-02-17 09:00:00,EDSA-Center,SB,25.078,2105.0,39.505,2.0,4.452
2021-02-17 10:00:00,EDSA-South,NB,30.466,1118.0,27.975,1.5,3.568
2021-02-17 11:00:00,EDSA-Center,NB,38.193,1354.0,29.611,2.0,3.24
2021-02-17 12:00:00,EDSA-South,NB,34.504,1361.0,32.564,1.5,2.808
2021-02-17 13:00:00,EDSA-Center,NB,34.712,1350.0,31.112,1.5,3.013
2021-02-17 14:00:00,EDSA-South,SB,29.876,1155.0,27.166,1.5,3.166
2021-02-17 15:00:00,EDSA-South,SB,34.56,993.0,23.441,1.5,2.848
2021-02-17 16:00:00,EDSA-North,NB,23.841,2447.0,46.045,2.0,5.047
2021-02-17 17:00:00,EDSA-Center,SB,17.991,2254.0,40.134,1.0,3.518
2021-02-17 18:00:00,EDSA-Center,SB,23.496,2018.0,39.049,2.0,5.099
2021-02-17 19:00:00,EDSA-South,SB,22.267,2356.0,47.503,2.0,5.384
2021-02-17 20:00:00,EDSA-South,NB,20.069,2004.0,40.344,2.0,6.009
2021-02-17 21:00:00,EDSA-South,SB,37.564,1404.0,34.367,1.5,2.297
2021-02-17 22:00:00,EDSA-Center,NB,28.393,1416.0,30.209,2.0,4.352
2021-02-17 23:00:00,EDSA-Center,SB,36.04,984.0,28.459,1.0,1.79
2021-02-18 00:00:00,EDSA-Center,SB,39.858,1255.0,29.483,1.5,2.463
2021-02-18 01:00:00,EDSA-South,NB,39.32,1291.0,30.576,2.0,3.212
2021-02-18 02:00:00,EDSA-North,NB,36.169,1621.0,37.68,2.0,3.818
2021-02-18 03:00:00,EDSA-Center,SB,34.095,1016.0,26.131,1.5,2.903
2021-02-18 04:00:00,EDSA-North,NB,33.093,1408.0,31.229,1.5,2.668
2021-02-18 05:00:00,EDSA-South,SB,34.091,1153.0,26.454,2.0,3.633
2021-02-18 06:00:00,EDSA-Center,SB,23.631,1877.0,39.057,2.0,5.431
2021-02-18 07:00:00,EDSA-Center,NB,19.578,2078.0,38.48,2.0,5.892
2021-02-18 08:00:00,EDSA-Center,NB,24.272,2100.0,41.901,1.5,4.211
2021-02-18 09:00:00,EDSA-Center,NB,28.399,1909.0,34.358,2.0,4.032
2021-02-18 10:00:00,EDSA-South,NB,34.814,1206.0,29.968,1.5,2.81
2021-02-18 11:00:00,EDSA-Center,NB,30.967,1322.0,28.92,1.5,2.908
2021-02-18 12:00:00,EDSA-Center,NB,30.966,1193.0,30.179,2.0,3.863
2021-02-18 13:00:00,EDSA-North,SB,37.33,1052.0,27.076,1.5,2.085
2021-02-18 14:00:00,EDSA-North,NB,34.821,1123.0,26.847,1.0,1.95
2021-02-18 15:00:00,EDSA-Center,SB,37.63,1149.0,27.442,2.0,2.867
2021-02-18 16:00:00,EDSA-South,SB,20.399,2139.0,38.599,1.5,4.051
2021-02-18 17:00:00,EDSA-South,SB,24.492,2300.0,43.823,1.0,2.74
2021-02-18 18:00:00,EDSA-Center,SB,21.525,2149.0,38.316,1.5,4.629
2021-02-18 19:00:00,EDSA-Center,NB,19.802,1848.0,36.412,1.0,2.863
2021-02-18 20:00:00,EDSA-Center,SB,20.797,1999.0,39.376,2.0,6.021
2021-02-18 21:00:00,EDSA-North,NB,31.409,1180.0,31.796,2.0,4.02
2021-02-18 22:00:00,EDSA-North,NB,40.968,1352.0,30.533,1.0,1.442
2021-02-18 23:00:00,EDSA-Center,NB,34.711,1384.0,30.427,2.0,3.791
2021-02-19 00:00:00,EDSA-North,SB,36.934,1469.0,32.446,2.0,3.208
2021-02-19 01:00:00,EDSA-North,SB,33.389,1174.0,24.348,2.0,3.723
2021-02-19 02:00:00,EDSA-North,SB,31.844,1287.0,27.408,1.0,1.571
2021-02-19 03:00:00,EDSA-North,SB,34.298,888.0,24.464,1.0,1.447
2021-02-19 04:00:00,EDSA-Center,NB,38.304,1227.0,27.689,2.0,3.425
2021-02-19 05:00:00,EDSA-South,SB,33.438,956.0,22.798,1.0,1.932
2021-02-19 06:00:00,EDSA-South,NB,19.388,2089.0,41.436,1.5,4.606
2021-02-19 07:00:00,EDSA-Center,SB,22.466,2645.0,46.641,2.0,5.818
2021-02-19 08:00:00,EDSA-Center,NB,23.497,2155.0,40.759,1.5,4.305
2021-02-19 09:00:00,EDSA-North,SB,26.929,1945.0,36.674,1.0,2.338
2021-02-19 10:00:00,EDSA-North,NB,36.061,1223.0,29.228,2.0,2.964
2021-02-19 11:00:00,EDSA-Center,SB,36.932,1057.0,28.184,1.5,2.409
2021-02-19 12:00:00,EDSA-Center,NB,37.158,977.0,25.706,1.0,1.407
2021-02-19 13:00:00,EDSA-North,NB,31.541,1529.0,33.468,1.5,2.876
2021-02-19 14:00:00,EDSA-Center,SB,32.11,1342.0,28.841,1.5,2.569
2021-02-19 15:00:00,EDSA-North,NB,31.748,1212.0,29.135,2.0,3.481
2021-02-19 16:00:00,EDSA-North,NB,18.004,2029.0,41.324,1.0,2.767
2021-02-19 17:00:00,EDSA-South,NB,24.386,2044.0,41.671,1.5,3.732
2021-02-19 18:00:00,EDSA-Center,NB,22.87,2378.0,45.698,1.0,2.049
2021-02-19 19:00:00,EDSA-Center,NB,22.238,2155.0,41.056,1.0,2.618
2021-02-19 20:00:00,EDSA-South,SB,14.222,1545.0,33.532,1.0,4.392
2021-02-19 21:00:00,EDSA-South,NB,41.166,1586.0,32.339,1.5,2.006
2021-02-19 22:00:00,EDSA-South,NB,32.317,1183.0,24.989,1.5,2.514
2021-02-19 23:00:00,EDSA-Center,NB,41.155,1212.0,26.246,1.0,1.441
2021-02-20 00:00:00,EDSA-South,SB,28.652,1096.0,27.263,1.0,1.887
2021-02-20 01:00:00,EDSA-Center,SB,30.563,984.0,26.097,2.0,3.973
2021-02-20 02:00:00,EDSA-South,NB,26.391,1034.0,29.721,1.0,2.015
2021-02-20 03:00:00,EDSA-South,NB,34.086,824.0,27.102,1.5,2.614
2021-02-20 04:00:00,EDSA-Center,NB,29.696,679.0,21.431,1.0,1.934
2021-02-20 05:00:00,EDSA-South,SB,29.781,950.0,27.567,1.5,3.019
2021-02-20 06:00:00,EDSA-Center,SB,15.882,2108.0,38.984,2.0,7.964
2021-02-20 07:00:00,EDSA-South,SB,22.332,1733.0,36.999,1.5,4.08
2021-02-20 08:00:00,EDSA-North,NB,22.134,1719.0,37.08,1.5,4.192
2021-02-20 09:00:00,EDSA-South,SB,25.436,2070.0,41.987,1.0,2.203
2021-02-20 10:00:00,EDSA-Center,NB,30.943,818.0,23.418,1.0,1.995
2021-02-20 11:00:00,EDSA-South,SB,33.656,826.0,26.529,1.0,1.714
2021-02-20 12:00:00,EDSA-Center,SB,29.132,833.0,20.832,1.5,3.097
2021-02-20 13:00:00,EDSA-South,NB,31.995,888.0,27.808,2.0,3.913
2021-02-20 14:00:00,EDSA-North,SB,31.443,617.0,22.043,1.0,1.783
2021-02-20 15:00:00,EDSA-North,SB,34.393,803.0,24.226,1.5,2.517
2021-02-20 16:00:00,EDSA-Center,NB,23.051,1891.0,33.377,2.0,5.084
2021-02-20 17:00:00,EDSA-South,NB,22.973,1890.0,36.66,1.5,3.791
2021-02-20 18:00:00,EDSA-South,NB,17.472,2058.0,42.083,2.0,6.912
2021-02-20 19:00:00,EDSA-Center,SB,22.995,2181.0,39.929,1.5,3.823
2021-02-20 20:00:00,EDSA-Center,NB,19.868,2122.0,41.533,1.5,4.904
2021-02-20 21:00:00,EDSA-Center,NB,32.026,1065.0,27.312,2.0,4.417
2021-02-20 22:00:00,EDSA-South,SB,30.874,873.0,27.167,1.5,2.773
2021-02-20 23:00:00,EDSA-Center,NB,31.32,788.0,24.443,2.0,3.905
2021-02-21 00:00:00,EDSA-Center,NB,38.227,903.0,23.523,2.0,3.399
2021-02-21 01:00:00,EDSA-South,SB,33.922,1005.0,26.675,1.0,1.702
2021-02-21 02:00:00,EDSA-North,SB,33.524,1048.0,30.254,1.0,1.541
2021-02-21 03:00:00,EDSA-South,SB,32.213,1012.0,27.635,1.5,3.228
2021-02-21 04:00:00,EDSA-North,NB,40.338,878.0,24.866,1.5,2.403
2021-02-21 05:00:00,EDSA-North,NB,36.915,1042.0,31.49,1.5,2.518
2021-02-21 06:00:00,EDSA-South,NB,17.837,2077.0,41.903,1.5,5.408
2021-02-21 07:00:00,EDSA-South,SB,19.179,2008.0,40.43,2.0,6.449
2021-02-21 08:00:00,EDSA-South,NB,19.357,1844.0,37.543,2.0,6.187
2021-02-21 09:00:00,EDSA-South,NB,20.438,1700.0,36.709,2.0,5.627
2021-02-21 10:00:00,EDSA-Center,SB,30.896,746.0,25.1,1.0,1.819
2021-02-21 11:00:00,EDSA-Center,SB,34.316,777.0,19.574,2.0,3.798
2021-02-21 12:00:00,EDSA-North,SB,37.356,946.0,26.672,2.0,3.383
2021-02-21 13:00:00,EDSA-North,NB,29.059,994.0,26.104,2.0,4.083
2021-02-21 14:00:00,EDSA-North,SB,29.616,645.0,21.422,1.5,3.481
2021-02-21 15:00:00,EDSA-North,NB,31.551,809.0,23.916,1.5,2.813
2021-02-21 16:00:00,EDSA-Center,SB,18.69,1894.0,34.367,1.5,5.062
2021-02-21 17:00:00,EDSA-South,NB,25.995,1688.0,31.503,1.5,3.517
2021-02-21 18:00:00,EDSA-South,SB,23.005,1928.0,40.366,1.0,3.091
2021-02-21 19:00:00,EDSA-Center,NB,22.833,1795.0,37.263,1.5,4.13
2021-02-21 20:00:00,EDSA-South,SB,19.207,1720.0,30.651,1.0,3.135
2021-02-21 21:00:00,EDSA-South,NB,32.141,910.0,24.307,2.0,3.689
2021-02-21 22:00:00,EDSA-South,SB,28.645,971.0,27.923,2.0,4.185
2021-02-21 23:00:00,EDSA-Center,NB,35.345,747.0,23.034,1.0,1.516
2021-02-22 00:00:00,EDSA-North,NB,36.473,1106.0,30.213,1.0,1.303
2021-02-22 01:00:00,EDSA-South,NB,38.858,1234.0,31.293,1.5,2.393
2021-02-22 02:00:00,EDSA-North,SB,34.368,1013.0,23.934,2.0,3.358
2021-02-22 03:00:00,EDSA-Center,NB,34.575,852.0,24.507,1.0,1.601
2021-02-22 04:00:00,EDSA-North,NB,35.51,873.0,24.148,1.5,2.512
2021-02-22 05:00:00,EDSA-South,SB,37.676,1075.0,24.581,1.0,1.606
2021-02-22 06:00:00,EDSA-Center,NB,17.589,1863.0,34.212,2.0,6.824
2021-02-22 07:00:00,EDSA-North,NB,24.208,2037.0,37.518,2.0,5.392
2021-02-22 08:00:00,EDSA-North,SB,21.939,2400.0,42.015,1.0,2.901
2021-02-22 09:00:00,EDSA-Center,SB,18.824,1852.0,37.563,1.0,3.714
2021-02-22 10:00:00,EDSA-Center,SB,28.746,1099.0,29.728,1.0,1.977
2021-02-22 11:00:00,EDSA-South,SB,34.591,1534.0,33.666,2.0,3.665
2021-02-22 12:00:00,EDSA-North,NB,39.343,1223.0,30.571,2.0,2.954
2021-02-22 13:00:00,EDSA-South,NB,40.024,1084.0,26.931,1.5,2.108
2021-02-22 14:00:00,EDSA-Center,NB,36.066,1122.0,29.106,1.0,2.2
2021-02-22 15:00:00,EDSA-South,SB,40.886,1227.0,28.817,1.5,2.009
2021-02-22 16:00:00,EDSA-North,SB,21.871,2405.0,42.477,2.0,4.929
2021-02-22 17:00:00,EDSA-North,NB,24.86,2004.0,42.545,2.0,4.65
2021-02-22 18:00:00,EDSA-North,SB,20.646,1964.0,33.621,1.5,3.857
2021-02-22 19:00:00,EDSA-Center,NB,20.456,1852.0,33.249,2.0,5.628
2021-02-22 20:00:00,EDSA-South,NB,19.967,2119.0,40.829,2.0,5.795
2021-02-22 21:00:00,EDSA-North,SB,28.818,897.0,24.785,2.0,4.173
2021-02-22 22:00:00,EDSA-Center,SB,38.861,1067.0,24.391,1.5,1.804
2021-02-22 23:00:00,EDSA-North,SB,33.075,986.0,24.235,1.0,2.113
2021-02-23 00:00:00,EDSA-South,SB,32.596,1343.0,28.6,1.5,2.292
2021-02-23 01:00:00,EDSA-South,SB,31.46,1058.0,28.957,1.5,2.829
2021-02-23 02:00:00,EDSA-South,SB,34.387,1221.0,31.471,2.0,3.409
2021-02-23 03:00:00,EDSA-South,NB,40.29,861.0,28.184,2.0,3.185
2021-02-23 04:00:00,EDSA-Center,NB,41.281,1174.0,25.319,2.0,2.995
2021-02-23 05:00:00,EDSA-South,SB,30.017,933.0,23.0,2.0,4.294
2021-02-23 06:00:00,EDSA-North,NB,20.937,2023.0,36.098,1.5,4.208
2021-02-23 07:00:00,EDSA-South,NB,18.897,2498.0,47.005,2.0,6.234
2021-02-23 08:00:00,EDSA-South,NB,24.965,2268.0,42.614,1.5,3.708
2021-02-23 09:00:00,EDSA-South,NB,22.86,2077.0,39.745,2.0,5.507
2021-02-23 10:00:00,EDSA-Center,SB,33.09,1726.0,35.306,1.0,2.019
2021-02-23 11:00:00,EDSA-South,NB,35.218,985.0,26.217,1.0,1.784
2021-02-23 12:00:00,EDSA-Center,NB,33.568,1360.0,28.395,1.0,1.846
2021-02-23 13:00:00,EDSA-North,SB,39.843,874.0,26.079,1.0,1.497
2021-02-23 14:00:00,EDSA-South,NB,36.641,1106.0,27.348,2.0,3.378
2021-02-23 15:00:00,EDSA-North,NB,37.009,907.0,23.034,2.0,3.751
2021-02-23 16:00:00,EDSA-North,NB,13.999,2146.0,41.531,1.0,4.225
2021-02-23 17:00:00,EDSA-Center,SB,21.8,2110.0,39.114,1.5,4.037
2021-02-23 18:00:00,EDSA-North,NB,28.25,2045.0,39.668,2.0,4.138
2021-02-23 19:00:00,EDSA-South,SB,25.978,2297.0,41.861,2.0,4.717
2021-02-23 20:00:00,EDSA-Center,NB,16.459,1998.0,40.459,1.5,4.938
2021-02-23 21:00:00,EDSA-North,SB,34.06,1209.0,29.342,1.5,2.609
2021-02-23 22:00:00,EDSA-South,NB,31.395,1298.0,28.156,1.0,2.131
2021-02-23 23:00:00,EDSA-Center,SB,40.133,883.0,25.799,2.0,2.858
2021-02-24 00:00:00,EDSA-North,NB,35.733,1015.0,27.385,1.0,1.726
2021-02-24 01:00:00,EDSA-South,SB,32.697,1160.0,29.359,2.0,4.197
2021-02-24 02:00:00,EDSA-Center,NB,35.102,1263.0,31.601,2.0,3.501
2021-02-24 03:00:00,EDSA-North,NB,27.178,1406.0,29.935,1.0,1.648
2021-02-24 04:00:00,EDSA-South,NB,31.745,1111.0,29.114,1.5,2.483
2021-02-24 05:00:00,EDSA-Center,NB,35.109,1093.0,24.12,2.0,3.355
2021-02-24 06:00:00,EDSA-South,NB,24.537,1943.0,37.804,1.5,3.467
2021-02-24 07:00:00,EDSA-South,SB,16.176,2159.0,39.984,1.0,3.735
2021-02-24 08:00:00,EDSA-Center,NB,20.857,2047.0,42.131,1.0,2.803
2021-02-24 09:00:00,EDSA-South,NB,25.029,2051.0,38.97,1.5,3.887
2021-02-24 10:00:00,EDSA-North,SB,30.646,1133.0,29.247,1.0,1.685
2021-02-24 11:00:00,EDSA-North,NB,35.688,1249.0,25.843,2.0,3.311
2021-02-24 12:00:00,EDSA-Center,NB,35.198,1049.0,26.355,2.0,3.464
2021-02-24 13:00:00,EDSA-South,NB,40.143,1011.0,24.934,1.0,1.58
2021-02-24 14:00:00,EDSA-Center,NB,34.31,1228.0,34.07,1.0,1.785
2021-02-24 15:00:00,EDSA-Center,NB,34.485,605.0,20.628,1.0,1.137
2021-02-24 16:00:00,EDSA-South,NB,24.565,1991.0,38.747,1.5,3.685
2021-02-24 17:00:00,EDSA-South,NB,18.021,1893.0,37.72,2.0,6.621
2021-02-24 18:00:00,EDSA-South,SB,21.337,2317.0,39.162,1.0,3.028
2021-02-24 19:00:00,EDSA-North,NB,20.633,2021.0,37.885,2.0,5.997
2021-02-24 20:00:00,EDSA-South,SB,21.583,1999.0,39.499,2.0,5.62
2021-02-24 21:00:00,EDSA-Center,SB,37.545,1141.0,28.296,1.0,1.676
2021-02-24 22:00:00,EDSA-Center,NB,36.662,1043.0,22.392,1.0,1.975
2021-02-24 23:00:00,EDSA-Center,NB,32.754,1078.0,26.258,2.0,3.951
2021-02-25 00:00:00,EDSA-North,SB,35.41,1167.0,30.468,1.5,2.61
2021-02-25 01:00:00,EDSA-North,SB,39.471,1074.0,28.528,1.5,2.816
2021-02-25 02:00:00,EDSA-Center,NB,32.506,1073.0,29.773,1.0,1.689
2021-02-25 03:00:00,EDSA-South,SB,35.436,968.0,24.163,1.5,2.243
2021-02-25 04:00:00,EDSA-South,SB,34.421,942.0,28.399,1.5,2.612
2021-02-25 05:00:00,EDSA-North,NB,34.811,1161.0,28.262,2.0,3.354
2021-02-25 06:00:00,EDSA-South,NB,17.108,2155.0,43.669,1.5,4.644
2021-02-25 07:00:00,EDSA-North,SB,26.232,1843.0,36.9,1.5,3.268
2021-02-25 08:00:00,EDSA-South,NB,19.677,2237.0,37.328,1.0,3.135
2021-02-25 09:00:00,EDSA-Center,SB,25.078,2238.0,43.13,2.0,4.771
2021-02-25 10:00:00,EDSA-Center,NB,33.136,1325.0,29.356,2.0,3.427
2021-02-25 11:00:00,EDSA-South,SB,33.123,1204.0,28.093,2.0,3.633
2021-02-25 12:00:00,EDSA-Center,NB,38.639,1265.0,26.638,2.0,3.136
2021-02-25 13:00:00,EDSA-South,NB,37.982,1543.0,35.992,2.0,3.338
2021-02-25 14:00:00,EDSA-Center,NB,35.626,1096.0,26.559,2.0,3.208
2021-02-25 15:00:00,EDSA-South,NB,37.283,962.0,29.21,2.0,3.437
2021-02-25 16:00:00,EDSA-Center,SB,21.134,1824.0,35.812,1.5,3.986
2021-02-25 17:00:00,EDSA-North,NB,21.975,2416.0,41.629,1.0,2.605
2021-02-25 18:00:00,EDSA-South,SB,20.015,2418.0,46.15,1.0,3.422
2021-02-25 19:00:00,EDSA-Center,SB,24.712,1934.0,37.789,2.0,4.6
2021-02-25 20:00:00,EDSA-Center,NB,19.92,1969.0,38.217,2.0,5.859
2021-02-25 21:00:00,EDSA-North,SB,39.455,1092.0,24.991,1.5,1.968
2021-02-25 22:00:00,EDSA-North,SB,34.052,1370.0,29.844,2.0,3.317
2021-02-25 23:00:00,EDSA-Center,SB,35.062,918.0,26.418,1.0,1.746
2021-02-26 00:00:00,EDSA-North,NB,37.276,796.0,21.556,1.5,2.591
2021-02-26 01:00:00,EDSA-South,SB,35.072,1540.0,31.634,1.5,2.562
2021-02-26 02:00:00,EDSA-South,SB,34.106,1206.0,28.031,1.0,1.678
2021-02-26 03:00:00,EDSA-South,SB,34.91,1232.0,29.299,2.0,3.127
2021-02-26 04:00:00,EDSA-South,NB,37.681,1113.0,30.76,1.5,2.207
2021-02-26 05:00:00,EDSA-Center,SB,33.011,1234.0,28.589,1.0,1.431
2021-02-26 06:00:00,EDSA-North,NB,21.621,1827.0,35.335,2.0,5.734
2021-02-26 07:00:00,EDSA-Center,NB,22.031,1949.0,43.602,1.5,4.287
2021-02-26 08:00:00,EDSA-Center,NB,24.594,2119.0,39.201,1.5,3.649
2021-02-26 09:00:00,EDSA-South,SB,21.7,1691.0,34.768,1.5,4.258
2021-02-26 10:00:00,EDSA-North,SB,40.425,1096.0,26.883,1.5,2.445
2021-02-26 11:00:00,EDSA-Center,NB,34.53,1084.0,26.918,1.5,2.632
2021-02-26 12:00:00,EDSA-Center,SB,34.287,1096.0,27.754,2.0,3.848
2021-02-26 13:00:00,EDSA-North,NB,34.487,1051.0,28.926,2.0,3.224
2021-02-26 14:00:00,EDSA-North,NB,31.05,971.0,26.971,1.5,2.811
2021-02-26 15:00:00,EDSA-Center,SB,31.89,822.0,26.608,1.0,1.765
2021-02-26 16:00:00,EDSA-North,SB,20.408,2126.0,42.238,1.0,3.102
2021-02-26 17:00:00,EDSA-North,SB,25.407,2046.0,39.646,2.0,4.364
2021-02-26 18:00:00,EDSA-Center,SB,21.901,1852.0,37.756,1.0,3.102
2021-02-26 19:00:00,EDSA-North,NB,20.546,2111.0,42.197,2.0,5.981
2021-02-26 20:00:00,EDSA-Center,SB,25.68,2047.0,37.017,1.5,3.942
2021-02-26 21:00:00,EDSA-North,NB,39.654,1067.0,32.267,1.5,2.26
2021-02-26 22:00:00,EDSA-North,SB,38.766,762.0,22.735,1.0,1.41
2021-02-26 23:00:00,EDSA-Center,NB,32.441,1273.0,28.936,1.5,2.939
2021-02-27 00:00:00,EDSA-South,NB,31.514,678.0,20.374,2.0,4.065
2021-02-27 01:00:00,EDSA-Center,NB,38.441,911.0,23.117,1.0,1.382
2021-02-27 02:00:00,EDSA-South,SB,33.723,755.0,25.625,2.0,3.059
2021-02-27 03:00:00,EDSA-Center,NB,32.197,830.0,29.086,1.0,1.407
2021-02-27 04:00:00,EDSA-Center,SB,35.155,1107.0,26.601,1.5,2.625
2021-02-27 05:00:00,EDSA-Center,SB,36.022,996.0,27.145,1.5,2.884
2021-02-27 06:00:00,EDSA-South,NB,18.286,2053.0,39.755,2.0,6.237
2021-02-27 07:00:00,EDSA-South,SB,20.658,1909.0,39.659,1.0,2.836
2021-02-27 08:00:00,EDSA-South,NB,22.78,1921.0,42.232,1.5,3.864
2021-02-27 09:00:00,EDSA-South,NB,16.519,1529.0,36.33,2.0,7.744
2021-02-27 10:00:00,EDSA-Center,SB,33.037,843.0,24.215,1.0,2.381
2021-02-27 11:00:00,EDSA-Center,NB,29.657,860.0,25.942,1.5,3.141
2021-02-27 12:00:00,EDSA-South,NB,30.049,1120.0,29.139,1.5,3.22
2021-02-27 13:00:00,EDSA-North,NB,31.311,809.0,24.262,1.0,2.134
2021-02-27 14:00:00,EDSA-Center,SB,34.431,948.0,23.706,1.5,2.294
2021-02-27 15:00:00,EDSA-South,NB,32.034,941.0,24.22,1.5,2.984
2021-02-27 16:00:00,EDSA-Center,NB,18.055,2058.0,41.668,1.0,3.068
2021-02-27 17:00:00,EDSA-North,SB,20.155,1826.0,39.201,2.0,5.911
2021-02-27 18:00:00,EDSA-Center,NB,16.559,1999.0,38.273,2.0,7.532
2021-02-27 19:00:00,EDSA-North,SB,21.286,1543.0,33.968,1.0,2.839
2021-02-27 20:00:00,EDSA-South,NB,23.394,1559.0,36.029,1.5,4.123
2021-02-27 21:00:00,EDSA-South,SB,32.762,489.0,17.215,2.0,3.988
2021-02-27 22:00:00,EDSA-North,SB,32.392,1041.0,26.084,1.0,1.413
2021-02-27 23:00:00,EDSA-Center,NB,34.12,1021.0,30.78,1.0,1.214
2021-02-28 00:00:00,EDSA-South,NB,26.915,1061.0,27.805,1.5,3.634
2021-02-28 01:00:00,EDSA-South,SB,34.61,778.0,21.689,2.0,3.768
2021-02-28 02:00:00,EDSA-North,SB,42.306,799.0,24.418,2.0,2.901
2021-02-28 03:00:00,EDSA-Center,NB,32.632,878.0,27.142,1.5,2.856
2021-02-28 04:00:00,EDSA-Center,SB,32.643,1160.0,23.245,2.0,3.899
2021-02-28 05:00:00,EDSA-Center,NB,35.231,1205.0,29.209,1.5,2.773
2021-02-28 06:00:00,EDSA-North,SB,24.936,1993.0,37.873,2.0,4.736
2021-02-28 07:00:00,EDSA-North,SB,22.925,1910.0,34.376,1.5,4.165
2021-02-28 08:00:00,EDSA-South,SB,13.533,2090.0,39.903,2.0,8.78
2021-02-28 09:00:00,EDSA-North,SB,21.69,1804.0,36.172,1.5,4.21
2021-02-28 10:00:00,EDSA-North,NB,40.716,830.0,24.493,2.0,2.997
2021-02-28 11:00:00,EDSA-North,SB,34.867,877.0,24.386,2.0,3.227
2021-02-28 12:00:00,EDSA-North,SB,29.536,724.0,21.281,2.0,3.877
2021-02-28 13:00:00,EDSA-North,SB,33.845,868.0,22.078,1.0,2.331
2021-02-28 14:00:00,EDSA-Center,SB,29.158,699.0,21.656,2.0,3.893
2021-02-28 15:00:00,EDSA-South,SB,36.698,1085.0,29.19,1.0,1.727
2021-02-28 16:00:00,EDSA-North,SB,17.132,1948.0,38.567,2.0,7.149
2021-02-28 17:00:00,EDSA-North,SB,20.223,2107.0,39.796,1.0,2.953
2021-02-28 18:00:00,EDSA-North,SB,17.427,1557.0,31.523,2.0,7.054
2021-02-28 19:00:00,EDSA-Center,NB,18.361,2192.0,40.164,1.5,4.984
2021-02-28 20:00:00,EDSA-North,NB,24.458,1567.0,35.194,1.5,3.462
2021-02-28 21:00:00,EDSA-South,NB,33.31,684.0,23.879,2.0,3.737
2021-02-28 22:00:00,EDSA-Center,NB,31.322,788.0,23.111,1.5,2.737
2021-02-28 23:00:00,EDSA-South,NB,29.564,1135.0,22.834,1.0,2.465
2021-03-01 00:00:00,EDSA-Center,NB,29.385,1191.0,27.342,1.0,2.149
2021-03-01 01:00:00,EDSA-Center,NB,31.246,1106.0,26.755,2.0,3.665
2021-03-01 02:00:00,EDSA-South,SB,35.336,1007.0,24.77,1.5,2.633
2021-03-01 03:00:00,EDSA-Center,NB,37.941,902.0,24.55,2.0,2.932
2021-03-01 04:00:00,EDSA-South,SB,33.319,1354.0,32.203,1.0,1.865
2021-03-01 05:00:00,EDSA-South,NB,39.712,1294.0,29.804,1.0,1.454
2021-03-01 06:00:00,EDSA-Center,NB,19.847,2343.0,44.629,2.0,5.839
2021-03-01 07:00:00,EDSA-South,SB,21.286,2171.0,37.655,1.0,2.609
2021-03-01 08:00:00,EDSA-North,SB,18.761,1624.0,33.771,2.0,7.005
2021-03-01 09:00:00,EDSA-South,SB,24.972,1876.0,33.396,1.5,3.627
2021-03-01 10:00:00,EDSA-South,SB,41.293,1234.0,28.334,1.5,2.072
2021-03-01 11:00:00,EDSA-South,SB,29.715,1083.0,25.368,1.0,1.868
2021-03-01 12:00:00,EDSA-North,SB,33.962,1049.0,29.631,1.0,1.884
2021-03-01 13:00:00,EDSA-South,NB,38.794,951.0,26.761,2.0,2.934
2021-03-01 14:00:00,EDSA-Center,SB,30.659,1321.0,32.216,1.5,2.662
2021-03-01 15:00:00,EDSA-North,SB,36.7,1232.0,28.311,1.5,2.444
2021-03-01 16:00:00,EDSA-North,NB,25.664,2190.0,38.848,2.0,4.666
2021-03-01 17:00:00,EDSA-Center,NB,22.235,1986.0,36.435,1.5,3.943
2021-03-01 18:00:00,EDSA-North,SB,23.651,2132.0,40.746,2.0,4.851
2021-03-01 19:00:00,EDSA-North,NB,27.283,1859.0,40.701,2.0,4.301
2021-03-01 20:00:00,EDSA-Center,SB,27.845,2077.0,40.406,1.5,3.115
2021-03-01 21:00:00,EDSA-Center,NB,34.814,695.0,22.243,1.0,1.571
2021-03-01 22:00:00,EDSA-North,NB,33.403,868.0,24.601,1.5,2.764
2021-03-01 23:00:00,EDSA-South,NB,32.24,1092.0,27.495,2.0,4.279
2021-03-02 00:00:00,EDSA-South,SB,37.931,1578.0,37.195,1.0,1.915
2021-03-02 01:00:00,EDSA-Center,NB,30.885,826.0,26.965,1.5,3.4
2021-03-02 02:00:00,EDSA-South,SB,34.242,926.0,26.171,1.0,1.61
2021-03-02 03:00:00,EDSA-Center,SB,35.308,1189.0,28.893,1.5,2.968
2021-03-02 04:00:00,EDSA-North,NB,33.491,1468.0,32.486,2.0,3.64
2021-03-02 05:00:00,EDSA-North,SB,35.839,1186.0,29.632,1.5,2.758
2021-03-02 06:00:00,EDSA-South,NB,29.694,2226.0,40.477,2.0,4.156
2021-03-02 07:00:00,EDSA-South,SB,21.635,2039.0,37.463,1.0,2.687
2021-03-02 08:00:00,EDSA-South,NB,20.694,2008.0,40.857,2.0,5.979
2021-03-02 09:00:00,EDSA-North,NB,25.046,2115.0,40.064,2.0,4.912
2021-03-02 10:00:00,EDSA-North,SB,35.719,1032.0,28.76,2.0,2.918
2021-03-02 11:00:00,EDSA-North,SB,39.318,1280.0,33.017,1.5,2.258
2021-03-02 12:00:00,EDSA-North,SB,35.494,861.0,25.941,2.0,3.599
2021-03-02 13:00:00,EDSA-North,SB,34.255,1310.0,30.784,2.0,3.573
2021-03-02 14:00:00,EDSA-Center,NB,29.649,1157.0,34.707,2.0,4.165
2021-03-02 15:00:00,EDSA-North,NB,30.141,1111.0,28.195,2.0,3.793
2021-03-02 16:00:00,EDSA-South,NB,16.493,1804.0,34.268,1.0,3.702
2021-03-02 17:00:00,EDSA-Center,SB,23.138,1924.0,37.259,1.5,3.866
2021-03-02 18:00:00,EDSA-North,NB,17.913,2316.0,45.435,2.0,6.648
2021-03-02 19:00:00,EDSA-Center,NB,25.767,2062.0,36.83,2.0,4.487
2021-03-02 20:00:00,EDSA-South,NB,22.091,2150.0,38.921,1.0,2.945
2021-03-02 21:00:00,EDSA-North,NB,34.267,992.0,28.617,1.5,2.713
2021-03-02 22:00:00,EDSA-North,NB,32.468,1145.0,27.622,1.0,1.909
2021-03-02 23:00:00,EDSA-North,NB,36.867,903.0,25.164,1.0,2.14
2021-03-03 00:00:00,EDSA-South,NB,32.587,1168.0,30.579,1.0,1.96
2021-03-03 01:00:00,EDSA-North,SB,32.044,1217.0,27.559,2.0,4.045
2021-03-03 02:00:00,EDSA-Center,NB,38.565,1208.0,25.951,1.0,1.624
2021-03-03 03:00:00,EDSA-Center,NB,36.064,987.0,23.577,1.5,2.407
2021-03-03 04:00:00,EDSA-South,SB,34.295,1088.0,28.681,1.0,1.485
2021-03-03 05:00:00,EDSA-North,NB,36.924,1247.0,29.855,2.0,3.31
2021-03-03 06:00:00,EDSA-South,NB,22.027,2062.0,38.027,2.0,4.782
2021-03-03 07:00:00,EDSA-South,NB,23.149,2048.0,36.938,1.5,3.956
2021-03-03 08:00:00,EDSA-Center,NB,19.549,2443.0,43.249,2.0,6.217
2021-03-03 09:00:00,EDSA-North,SB,28.211,1929.0,40.114,1.0,2.072
2021-03-03 10:00:00,EDSA-South,NB,33.261,1344.0,28.79,2.0,3.585
2021-03-03 11:00:00,EDSA-North,NB,39.668,942.0,24.509,1.5,1.956
2021-03-03 12:00:00,EDSA-Center,NB,34.433,1268.0,27.199,1.5,2.96
2021-03-03 13:00:00,EDSA-Center,NB,37.421,1277.0,28.956,1.0,1.519
2021-03-03 14:00:00,EDSA-North,SB,37.203,1058.0,27.845,2.0,2.983
2021-03-03 15:00:00,EDSA-Center,NB,38.441,931.0,29.935,1.0,1.697
2021-03-03 16:00:00,EDSA-North,SB,19.478,1745.0,36.207,2.0,6.188
2021-03-03 17:00:00,EDSA-North,SB,25.227,1989.0,38.469,2.0,4.667
2021-03-03 18:00:00,EDSA-North,SB,27.539,2195.0,42.665,2.0,4.241
2021-03-03 19:00:00,EDSA-North,SB,21.224,1906.0,39.012,1.0,2.826
2021-03-03 20:00:00,EDSA-Center,SB,22.104,2117.0,38.895,2.0,5.765
2021-03-03 21:00:00,EDSA-South,SB,33.43,884.0,29.773,2.0,3.707
2021-03-03 22:00:00,EDSA-North,SB,33.961,1108.0,27.692,1.5,2.642
2021-03-03 23:00:00,EDSA-North,NB,40.134,944.0,26.323,1.5,2.456
2021-03-04 00:00:00,EDSA-North,NB,31.987,1136.0,29.166,1.0,1.883
2021-03-04 01:00:00,EDSA-Center,NB,32.174,1060.0,27.88,1.5,2.898
2021-03-04 02:00:00,EDSA-North,SB,39.833,936.0,28.812,2.0,3.05
2021-03-04 03:00:00,EDSA-Center,SB,36.874,1031.0,25.681,1.0,1.775
2021-03-04 04:00:00,EDSA-North,NB,41.361,982.0,27.858,2.0,2.79
2021-03-04 05:00:00,EDSA-North,NB,33.649,913.0,25.834,1.0,1.498
2021-03-04 06:00:00,EDSA-Center,NB,22.379,2295.0,44.057,2.0,5.589
2021-03-04 07:00:00,EDSA-Center,SB,20.018,2035.0,38.674,1.5,4.872
2021-03-04 08:00:00,EDSA-Center,SB,22.43,1704.0,34.591,1.0,2.402
2021-03-04 09:00:00,EDSA-South,SB,16.678,1988.0,40.024,1.5,5.441
2021-03-04 10:00:00,EDSA-Center,NB,37.055,1315.0,30.834,1.0,1.507
2021-03-04 11:00:00,EDSA-South,NB,35.97,1013.0,25.008,1.5,2.723
2021-03-04 12:00:00,EDSA-Center,NB,34.827,1420.0,34.017,1.5,2.646
2021-03-04 13:00:00,EDSA-North,SB,33.829,996.0,27.917,1.5,3.492
2021-03-04 14:00:00,EDSA-North,SB,32.316,1241.0,29.119,1.0,1.781
2021-03-04 15:00:00,EDSA-North,SB,37.183,1337.0,29.434,1.0,1.998
2021-03-04 16:00:00,EDSA-Center,NB,18.487,2181.0,41.51,2.0,6.9
2021-03-04 17:00:00,EDSA-North,NB,23.536,1853.0,38.326,1.5,3.957
2021-03-04 18:00:00,EDSA-South,SB,28.223,1930.0,34.711,1.5,3.198
2021-03-04 19:00:00,EDSA-Center,NB,26.457,2311.0,43.023,1.0,2.292
2021-03-04 20:00:00,EDSA-South,SB,17.485,1955.0,39.49,2.0,6.866
2021-03-04 21:00:00,EDSA-South,NB,33.39,1326.0,25.54,1.0,2.08
2021-03-04 22:00:00,EDSA-Center,NB,36.264,1073.0,27.727,2.0,3.091
2021-03-04 23:00:00,EDSA-North,SB,34.789,1175.0,29.907,2.0,3.409
2021-03-05 00:00:00,EDSA-South,NB,30.802,901.0,26.518,1.0,1.877
2021-03-05 01:00:00,EDSA-North,NB,36.156,1041.0,28.571,1.0,1.228
2021-03-05 02:00:00,EDSA-North,SB,34.97,992.0,25.758,1.0,1.93
2021-03-05 03:00:00,EDSA-South,NB,40.743,1191.0,26.612,1.0,1.738
2021-03-05 04:00:00,EDSA-Center,NB,34.24,1167.0,24.818,2.0,3.346
2021-03-05 05:00:00,EDSA-North,SB,38.504,1233.0,31.367,1.5,2.595
2021-03-05 06:00:00,EDSA-Center,NB,18.199,2012.0,40.241,1.5,4.549
2021-03-05 07:00:00,EDSA-Center,NB,18.916,1933.0,40.261,1.5,4.764
2021-03-05 08:00:00,EDSA-South,NB,24.165,2133.0,38.778,2.0,4.934
2021-03-05 09:00:00,EDSA-South,NB,25.251,1915.0,39.326,2.0,4.774
2021-03-05 10:00:00,EDSA-North,NB,32.128,1344.0,27.452,1.0,1.888
2021-03-05 11:00:00,EDSA-North,SB,35.072,1129.0,26.249,2.0,3.402
2021-03-05 12:00:00,EDSA-Center,NB,30.855,1091.0,27.802,1.5,2.82
2021-03-05 13:00:00,EDSA-North,NB,34.456,1233.0,30.508,2.0,3.455
2021-03-05 14:00:00,EDSA-North,NB,37.511,1136.0,31.425,2.0,3.54
2021-03-05 15:00:00,EDSA-North,NB,33.695,852.0,24.313,1.5,2.526
2021-03-05 16:00:00,EDSA-North,SB,21.253,1909.0,35.921,1.5,4.799
2021-03-05 17:00:00,EDSA-South,NB,18.611,2290.0,40.205,1.5,4.677
2021-03-05 18:00:00,EDSA-North,NB,20.055,2115.0,38.648,1.0,3.052
2021-03-05 19:00:00,EDSA-North,NB,27.274,1797.0,40.811,1.0,2.343
2021-03-05 20:00:00,EDSA-South,NB,22.219,2163.0,42.093,1.5,3.978
2021-03-05 21:00:00,EDSA-North,NB,31.993,1049.0,29.292,2.0,4.096
2021-03-05 22:00:00,EDSA-South,SB,34.056,993.0,25.937,1.5,2.779
2021-03-05 23:00:00,EDSA-North,SB,30.208,944.0,25.852,1.5,2.928
2021-03-06 00:00:00,EDSA-North,NB,29.958,1080.0,28.818,1.5,3.347
2021-03-06 01:00:00,EDSA-North,SB,37.081,546.0,20.27,1.0,1.364
2021-03-06 02:00:00,EDSA-South,NB,32.573,749.0,23.034,1.5,2.622
2021-03-06 03:00:00,EDSA-Center,NB,38.672,922.0,24.249,1.5,2.468
2021-03-06 04:00:00,EDSA-Center,SB,32.714,1184.0,27.722,2.0,3.869
2021-03-06 05:00:00,EDSA-North,SB,32.892,1000.0,26.594,2.0,3.729
2021-03-06 06:00:00,EDSA-North,NB,21.923,1698.0,33.58,2.0,5.442
2021-03-06 07:00:00,EDSA-Center,SB,11.982,2125.0,40.713,1.5,7.448
2021-03-06 08:00:00,EDSA-North,NB,20.615,1606.0,34.739,2.0,6.104
2021-03-06 09:00:00,EDSA-Center,SB,19.853,1898.0,37.166,1.0,3.082
2021-03-06 10:00:00,EDSA-South,SB,37.458,988.0,24.705,1.0,1.384
2021-03-06 11:00:00,EDSA-South,SB,35.894,741.0,23.736,2.0,3.111
2021-03-06 12:00:00,EDSA-Center,SB,29.599,1026.0,25.784,1.5,3.419
2021-03-06 13:00:00,EDSA-North,SB,36.726,807.0,24.379,1.0,1.454
2021-03-06 14:00:00,EDSA-North,SB,32.213,1025.0,28.985,1.5,2.862
2021-03-06 15:00:00,EDSA-South,SB,30.287,569.0,19.036,2.0,4.3
2021-03-06 16:00:00,EDSA-Center,NB,20.591,1910.0,42.015,1.0,3.049
2021-03-06 17:00:00,EDSA-Center,NB,19.392,1776.0,35.977,1.5,4.452
2021-03-06 18:00:00,EDSA-Center,NB,24.615,2057.0,40.179,2.0,4.621
2021-03-06 19:00:00,EDSA-North,SB,21.022,1842.0,35.378,2.0,6.176
2021-03-06 20:00:00,EDSA-South,NB,20.617,2075.0,41.845,1.5,4.105
2021-03-06 21:00:00,EDSA-South,NB,35.702,991.0,26.15,2.0,3.223
2021-03-06 22:00:00,EDSA-South,SB,36.279,877.0,24.298,2.0,3.401
2021-03-06 23:00:00,EDSA-South,NB,35.351,1042.0,25.829,1.5,2.491
2021-03-07 00:00:00,EDSA-North,SB,37.258,1043.0,26.457,2.0,3.364
2021-03-07 01:00:00,EDSA-North,SB,34.826,985.0,27.164,2.0,3.079
2021-03-07 02:00:00,EDSA-North,NB,33.503,487.0,20.951,1.0,1.738
2021-03-07 03:00:00,EDSA-South,NB,36.718,723.0,23.236,1.0,1.804
2021-03-07 04:00:00,EDSA-Center,NB,32.727,1149.0,26.792,2.0,3.837
2021-03-07 05:00:00,EDSA-Center,NB,33.1,674.0,21.212,1.0,1.67
2021-03-07 06:00:00,EDSA-South,NB,25.165,2009.0,37.88,2.0,4.513
2021-03-07 07:00:00,EDSA-Center,NB,24.866,1977.0,39.358,1.5,3.673
2021-03-07 08:00:00,EDSA-South,NB,19.975,1719.0,36.797,2.0,5.679
2021-03-07 09:00:00,EDSA-South,NB,18.639,1491.0,34.439,1.5,5.15
2021-03-07 10:00:00,EDSA-North,SB,37.39,798.0,24.169,1.0,1.644
2021-03-07 11:00:00,EDSA-Center,SB,35.401,1274.0,30.419,1.0,1.521
2021-03-07 12:00:00,EDSA-South,NB,33.947,745.0,23.226,1.5,2.388
2021-03-07 13:00:00,EDSA-South,SB,32.034,757.0,20.221,1.5,2.651
2021-03-07 14:00:00,EDSA-North,NB,33.995,720.0,22.853,1.0,1.374
2021-03-07 15:00:00,EDSA-North,NB,32.935,1119.0,27.114,2.0,3.767
2021-03-07 16:00:00,EDSA-Center,NB,18.007,1806.0,34.394,1.0,3.131
2021-03-07 17:00:00,EDSA-South,NB,20.387,1737.0,34.545,2.0,5.986
2021-03-07 18:00:00,EDSA-North,NB,20.796,2104.0,40.171,1.0,3.02
2021-03-07 19:00:00,EDSA-Center,NB,18.874,1954.0,35.908,1.0,3.421
2021-03-07 20:00:00,EDSA-North,NB,22.711,1685.0,33.65,1.5,4.026
2021-03-07 21:00:00,EDSA-North,NB,36.866,680.0,25.913,1.5,2.723
2021-03-07 22:00:00,EDSA-Center,SB,35.91,1108.0,24.542,1.5,2.853
2021-03-07 23:00:00,EDSA-Center,SB,32.171,903.0,25.018,1.0,1.93
2021-03-08 00:00:00,EDSA-Center,SB,37.267,871.0,22.686,1.0,1.69
2021-03-08 01:00:00,EDSA-North,SB,35.234,829.0,23.031,1.0,1.564
2021-03-08 02:00:00,EDSA-South,SB,31.293,949.0,25.519,1.5,2.629
2021-03-08 03:00:00,EDSA-North,NB,37.018,927.0,23.684,2.0,3.562
2021-03-08 04:00:00,EDSA-South,NB,35.438,782.0,25.137,1.5,2.691
2021-03-08 05:00:00,EDSA-North,NB,42.781,952.0,28.651,2.0,2.977
2021-03-08 06:00:00,EDSA-South,NB,26.372,1935.0,39.631,1.0,2.127
2021-03-08 07:00:00,EDSA-Center,SB,24.133,2017.0,40.941,1.0,2.892
2021-03-08 08:00:00,EDSA-Center,NB,22.748,2405.0,40.595,1.0,2.58
2021-03-08 09:00:00,EDSA-North,SB,22.491,2052.0,38.811,1.0,2.467
2021-03-08 10:00:00,EDSA-South,SB,31.989,1120.0,28.813,1.0,1.732
2021-03-08 11:00:00,EDSA-North,NB,29.783,1242.0,31.022,1.5,3.415
2021-03-08 12:00:00,EDSA-Center,SB,32.382,1107.0,31.24,2.0,3.428
2021-03-08 13:00:00,EDSA-South,NB,34.857,1222.0,31.191,1.5,2.394
2021-03-08 14:00:00,EDSA-South,NB,28.683,1201.0,30.599,2.0,4.908
2021-03-08 15:00:00,EDSA-South,NB,33.367,1172.0,33.746,1.0,2.033
2021-03-08 16:00:00,EDSA-North,NB,21.257,2598.0,45.769,2.0,5.462
2021-03-08 17:00:00,EDSA-South,SB,21.354,2264.0,41.158,1.0,2.539
2021-03-08 18:00:00,EDSA-South,NB,20.015,1905.0,37.966,1.0,2.58
2021-03-08 19:00:00,EDSA-North,NB,20.975,2167.0,38.786,1.5,4.315
2021-03-08 20:00:00,EDSA-North,NB,27.172,1957.0,38.346,1.5,3.494
2021-03-08 21:00:00,EDSA-South,NB,36.986,1230.0,25.695,1.0,2.002
2021-03-08 22:00:00,EDSA-North,SB,33.319,902.0,24.319,1.0,1.327
2021-03-08 23:00:00,EDSA-Center,SB,34.795,951.0,25.701,2.0,3.117
2021-03-09 00:00:00,EDSA-North,NB,34.915,1212.0,30.836,2.0,3.407
2021-03-09 01:00:00,EDSA-North,SB,32.696,1330.0,32.512,2.0,4.367
2021-03-09 02:00:00,EDSA-South,NB,32.693,1240.0,27.338,1.0,2.057
2021-03-09 03:00:00,EDSA-North,NB,38.032,1304.0,34.145,1.5,2.46
2021-03-09 04:00:00,EDSA-South,SB,33.741,1217.0,29.296,2.0,3.25
2021-03-09 05:00:00,EDSA-South,NB,31.716,1181.0,29.062,1.5,2.308
2021-03-09 06:00:00,EDSA-North,NB,21.871,2009.0,35.572,1.0,2.753
2021-03-09 07:00:00,EDSA-North,NB,22.354,2246.0,40.293,2.0,5.343
2021-03-09 08:00:00,EDSA-South,NB,16.082,2284.0,44.071,2.0,7.395
2021-03-09 09:00:00,EDSA-Center,SB,21.878,2089.0,40.059,1.0,2.647
2021-03-09 10:00:00,EDSA-North,NB,37.604,1129.0,28.199,2.0,3.004
2021-03-09 11:00:00,EDSA-South,NB,36.354,1436.0,31.974,2.0,3.056
2021-03-09 12:00:00,EDSA-North,NB,41.689,1146.0,25.296,1.5,2.506
2021-03-09 13:00:00,EDSA-North,SB,38.753,1164.0,28.188,1.0,1.327
2021-03-09 14:00:00,EDSA-South,SB,39.347,1237.0,32.044,2.0,2.981
2021-03-09 15:00:00,EDSA-North,SB,43.4,1132.0,30.196,2.0,2.755
2021-03-09 16:00:00,EDSA-Center,SB,24.274,1952.0,37.901,1.0,2.648
2021-03-09 17:00:00,EDSA-South,SB,22.489,2168.0,43.76,1.0,2.455
2021-03-09 18:00:00,EDSA-Center,SB,24.921,2093.0,37.252,1.0,2.652
2021-03-09 19:00:00,EDSA-Center,SB,20.322,2432.0,41.72,2.0,5.76
2021-03-09 20:00:00,EDSA-Center,NB,22.323,2242.0,45.209,1.5,3.991
2021-03-09 21:00:00,EDSA-North,NB,33.057,1043.0,28.148,1.0,2.226
2021-03-09 22:00:00,EDSA-Center,NB,36.194,1281.0,29.156,1.5,2.244
2021-03-09 23:00:00,EDSA-South,NB,33.044,1205.0,28.752,2.0,3.812
2021-03-10 00:00:00,EDSA-North,NB,32.939,1386.0,29.322,1.0,2.073
2021-03-10 01:00:00,EDSA-South,SB,36.24,1056.0,27.693,1.5,2.561
2021-03-10 02:00:00,EDSA-Center,SB,34.587,1184.0,29.01,1.0,1.705
2021-03-10 03:00:00,EDSA-Center,NB,29.217,1132.0,28.06,1.0,2.585
2021-03-10 04:00:00,EDSA-North,NB,30.633,1161.0,26.027,1.5,2.935
2021-03-10 05:00:00,EDSA-Center,NB,31.558,991.0,26.922,2.0,3.854
2021-03-10 06:00:00,EDSA-North,SB,19.351,2204.0,39.983,2.0,6.117
2021-03-10 07:00:00,EDSA-North,NB,23.243,2175.0,38.743,1.0,2.619
2021-03-10 08:00:00,EDSA-South,NB,22.657,2331.0,45.044,1.0,2.889
2021-03-10 09:00:00,EDSA-North,NB,25.196,2098.0,44.169,1.5,3.503
2021-03-10 10:00:00,EDSA-Center,SB,37.258,1076.0,31.258,1.0,1.083
2021-03-10 11:00:00,EDSA-Center,NB,38.216,1292.0,31.159,1.0,1.698
2021-03-10 12:00:00,EDSA-North,SB,36.825,1007.0,26.05,1.5,2.174
2021-03-10 13:00:00,EDSA-North,SB,35.629,1345.0,30.33,2.0,3.554
2021-03-10 14:00:00,EDSA-Center,NB,38.298,1345.0,31.278,1.5,2.35
2021-03-10 15:00:00,EDSA-Center,SB,37.758,1376.0,29.987,2.0,3.414
2021-03-10 16:00:00,EDSA-South,SB,23.128,2168.0,43.267,1.0,2.357
2021-03-10 17:00:00,EDSA-South,SB,25.813,2012.0,34.771,1.5,3.353
2021-03-10 18:00:00,EDSA-North,NB,14.963,2120.0,39.485,1.5,5.93
2021-03-10 19:00:00,EDSA-North,SB,21.129,2168.0,42.239,2.0,5.309
2021-03-10 20:00:00,EDSA-North,SB,21.083,1999.0,37.0,1.5,4.547
2021-03-10 21:00:00,EDSA-Center,NB,38.458,1390.0,30.504,2.0,2.714
2021-03-10 22:00:00,EDSA-North,NB,39.714,1254.0,30.613,2.0,3.296
2021-03-10 23:00:00,EDSA-North,SB,30.649,989.0,29.415,2.0,4.021
2021-03-11 00:00:00,EDSA-South,SB,39.234,1489.0,29.535,1.5,2.244
2021-03-11 01:00:00,EDSA-South,SB,31.486,1168.0,25.69,1.0,1.992
2021-03-11 02:00:00,EDSA-South,SB,31.576,953.0,24.068,1.5,2.93
2021-03-11 03:00:00,EDSA-North,NB,34.297,1001.0,23.431,1.5,2.524
2021-03-11 04:00:00,EDSA-Center,NB,34.045,1418.0,28.372,1.0,1.837
2021-03-11 05:00:00,EDSA-Center,SB,30.325,1478.0,30.057,1.0,2.161
2021-03-11 06:00:00,EDSA-North,NB,23.95,2282.0,44.407,2.0,4.774
2021-03-11 07:00:00,EDSA-Center,NB,24.038,2337.0,41.957,1.5,3.831
2021-03-11 08:00:00,EDSA-Center,SB,25.162,2319.0,42.431,2.0,4.112
2021-03-11 09:00:00,EDSA-Center,NB,20.7,2200.0,39.092,1.0,2.416
2021-03-11 10:00:00,EDSA-South,NB,34.881,1209.0,30.173,2.0,3.581
2021-03-11 11:00:00,EDSA-South,NB,34.909,1247.0,33.094,2.0,3.333
2021-03-11 12:00:00,EDSA-Center,NB,40.064,1282.0,27.973,1.5,2.033
2021-03-11 13:00:00,EDSA-South,NB,26.497,1017.0,30.139,1.5,3.383
2021-03-11 14:00:00,EDSA-South,NB,32.129,1282.0,30.469,2.0,3.636
2021-03-11 15:00:00,EDSA-Center,NB,35.017,1413.0,31.278,1.5,2.323
2021-03-11 16:00:00,EDSA-North,NB,18.743,2063.0,40.223,2.0,5.993
2021-03-11 17:00:00,EDSA-South,SB,21.225,2044.0,39.983,1.0,2.335
2021-03-11 18:00:00,EDSA-South,SB,21.622,2186.0,44.551,1.0,2.96
2021-03-11 19:00:00,EDSA-South,SB,20.027,1983.0,39.546,1.0,2.89
2021-03-11 20:00:00,EDSA-North,SB,22.193,1863.0,38.206,1.0,2.946
2021-03-11 21:00:00,EDSA-Center,NB,36.884,1357.0,29.758,2.0,3.145
2021-03-11 22:00:00,EDSA-South,SB,34.291,1069.0,28.97,2.0,3.588
2021-03-11 23:00:00,EDSA-Center,SB,33.64,1153.0,26.349,1.5,2.644
2021-03-12 00:00:00,EDSA-South,NB,34.503,1040.0,27.18,1.5,2.62
2021-03-12 01:00:00,EDSA-North,NB,34.978,1380.0,36.634,2.0,3.454
2021-03-12 02:00:00,EDSA-North,SB,29.779,1304.0,24.983,1.5,2.911
2021-03-12 03:00:00,EDSA-South,SB,36.385,1107.0,28.193,1.5,2.166
2021-03-12 04:00:00,EDSA-Center,NB,33.647,938.0,26.326,1.0,1.975
2021-03-12 05:00:00,EDSA-Center,NB,38.785,1088.0,27.051,1.0,1.945
2021-03-12 06:00:00,EDSA-Center,NB,23.773,2203.0,40.621,2.0,5.463
2021-03-12 07:00:00,EDSA-Center,NB,25.51,2134.0,40.423,2.0,4.566
2021-03-12 08:00:00,EDSA-South,SB,18.967,2120.0,39.572,1.5,4.562
2021-03-12 09:00:00,EDSA-North,SB,20.886,2138.0,40.732,2.0,5.607
2021-03-12 10:00:00,EDSA-South,NB,31.273,1287.0,28.82,2.0,3.793
2021-03-12 11:00:00,EDSA-South,SB,32.884,1142.0,32.183,1.0,1.811
2021-03-12 12:00:00,EDSA-Center,SB,38.756,1231.0,28.653,2.0,2.847
2021-03-12 13:00:00,EDSA-Center,SB,39.462,972.0,27.321,2.0,2.671
2021-03-12 14:00:00,EDSA-North,NB,31.556,1610.0,32.173,1.0,1.914
2021-03-12 15:00:00,EDSA-South,SB,33.625,1099.0,29.504,1.0,0.902
2021-03-12 16:00:00,EDSA-Center,SB,21.771,2137.0,41.738,2.0,5.487
2021-03-12 17:00:00,EDSA-North,SB,23.757,2202.0,41.861,1.0,2.289
2021-03-12 18:00:00,EDSA-Center,NB,16.721,2026.0,36.945,1.0,3.783
2021-03-12 19:00:00,EDSA-South,NB,17.191,2101.0,38.361,1.0,3.752
2021-03-12 20:00:00,EDSA-North,SB,23.469,2099.0,43.213,1.0,2.824
2021-03-12 21:00:00,EDSA-North,NB,29.153,985.0,24.806,1.5,3.001
2021-03-12 22:00:00,EDSA-South,SB,33.66,1229.0,30.415,1.5,2.39
2021-03-12 23:00:00,EDSA-North,NB,35.486,853.0,22.922,2.0,3.178
2021-03-13 00:00:00,EDSA-South,SB,34.247,1215.0,30.995,1.0,1.824
2021-03-13 01:00:00,EDSA-South,NB,32.575,1043.0,25.619,1.0,1.43
2021-03-13 02:00:00,EDSA-South,NB,31.903,1015.0,24.747,1.5,3.169
2021-03-13 03:00:00,EDSA-South,NB,35.534,587.0,20.33,2.0,3.294
2021-03-13 04:00:00,EDSA-North,NB,33.856,757.0,22.602,1.5,2.783
2021-03-13 05:00:00,EDSA-North,NB,31.059,1150.0,29.035,2.0,3.418
2021-03-13 06:00:00,EDSA-Center,NB,20.113,2597.0,45.707,1.0,2.752
2021-03-13 07:00:00,EDSA-Center,NB,21.15,2065.0,37.258,1.5,3.779
2021-03-13 08:00:00,EDSA-South,SB,25.155,2037.0,39.066,1.5,3.833
2021-03-13 09:00:00,EDSA-South,SB,22.359,1944.0,35.775,1.0,2.643
2021-03-13 10:00:00,EDSA-Center,SB,36.644,747.0,24.883,1.0,1.78
2021-03-13 11:00:00,EDSA-South,NB,31.168,1079.0,29.064,1.0,1.941
2021-03-13 12:00:00,EDSA-Center,SB,31.427,702.0,23.023,1.5,2.981
2021-03-13 13:00:00,EDSA-Center,SB,32.294,682.0,23.387,1.0,1.774
2021-03-13 14:00:00,EDSA-Center,NB,32.569,671.0,26.218,1.0,1.791
2021-03-13 15:00:00,EDSA-Center,SB,29.976,1076.0,27.055,2.0,3.98
2021-03-13 16:00:00,EDSA-North,SB,23.798,1840.0,34.968,1.0,2.623
2021-03-13 17:00:00,EDSA-South,NB,22.65,1868.0,38.342,2.0,5.406
2021-03-13 18:00:00,EDSA-Center,NB,19.083,1847.0,34.678,1.5,5.419
2021-03-13 19:00:00,EDSA-South,NB,21.925,1647.0,34.224,1.0,3.157
2021-03-13 20:00:00,EDSA-Center,NB,20.669,1729.0,34.389,1.5,3.91
2021-03-13 21:00:00,EDSA-South,SB,35.159,788.0,22.662,1.5,2.524
2021-03-13 22:00:00,EDSA-South,SB,28.967,647.0,21.941,1.0,1.97
2021-03-13 23:00:00,EDSA-Center,SB,32.563,809.0,26.106,1.0,2.163
2021-03-14 00:00:00,EDSA-Center,NB,32.826,705.0,25.323,2.0,3.577
2021-03-14 01:00:00,EDSA-North,NB,34.871,1004.0,28.398,1.0,1.837
2021-03-14 02:00:00,EDSA-South,SB,31.115,1019.0,27.391,2.0,3.272
2021-03-14 03:00:00,EDSA-South,NB,25.5,667.0,22.157,1.0,1.975
2021-03-14 04:00:00,EDSA-South,SB,29.755,847.0,20.02,1.5,3.548
2021-03-14 05:00:00,EDSA-South,SB,32.817,1234.0,29.927,1.0,1.841
2021-03-14 06:00:00,EDSA-South,NB,20.192,1673.0,30.386,2.0,5.693
2021-03-14 07:00:00,EDSA-South,SB,25.051,1927.0,34.011,1.0,2.456
2021-03-14 08:00:00,EDSA-Center,NB,21.748,1869.0,36.87,2.0,5.254
2021-03-14 09:00:00,EDSA-North,NB,20.245,2047.0,39.766,1.0,2.893
2021-03-14 10:00:00,EDSA-North,NB,32.903,953.0,25.059,1.0,1.46
2021-03-14 11:00:00,EDSA-North,NB,36.313,822.0,27.528,1.5,2.281
2021-03-14 12:00:00,EDSA-Center,NB,31.23,912.0,26.412,1.5,2.778
2021-03-14 13:00:00,EDSA-South,SB,32.579,915.0,25.02,1.5,3.043
2021-03-14 14:00:00,EDSA-Center,SB,29.732,883.0,27.933,2.0,4.152
2021-03-14 15:00:00,EDSA-North,NB,37.257,663.0,25.75,1.5,2.575
2021-03-14 16:00:00,EDSA-North,SB,21.177,2074.0,40.573,2.0,5.66
2021-03-14 17:00:00,EDSA-South,SB,17.877,2042.0,37.632,1.5,5.24
2021-03-14 18:00:00,EDSA-South,NB,19.657,1662.0,33.713,1.0,2.834
2021-03-14 19:00:00,EDSA-Center,NB,21.529,1796.0,33.459,1.5,3.997
2021-03-14 20:00:00,EDSA-South,NB,19.248,1809.0,36.424,1.5,4.778
2021-03-14 21:00:00,EDSA-South,SB,31.397,692.0,20.856,1.5,2.797
2021-03-14 22:00:00,EDSA-South,SB,31.037,564.0,20.828,2.0,3.863
2021-03-14 23:00:00,EDSA-South,NB,34.017,779.0,24.483,2.0,3.487
2021-03-15 00:00:00,EDSA-Center,SB,33.926,1086.0,23.52,1.0,2.082
2021-03-15 01:00:00,EDSA-Center,NB,33.639,891.0,22.714,1.0,2.11
2021-03-15 02:00:00,EDSA-Center,SB,30.992,1182.0,27.578,1.0,1.779
2021-03-15 03:00:00,EDSA-North,SB,35.233,1359.0,30.527,1.5,2.114
2021-03-15 04:00:00,EDSA-Center,SB,34.456,1302.0,28.98,1.0,1.563
2021-03-15 05:00:00,EDSA-Center,NB,34.035,1127.0,27.422,1.0,1.539
2021-03-15 06:00:00,EDSA-Center,NB,22.596,1769.0,34.628,1.5,4.191
2021-03-15 07:00:00,EDSA-Center,SB,24.244,2229.0,38.433,1.5,3.942
2021-03-15 08:00:00,EDSA-Center,NB,24.105,2126.0,39.084,2.0,4.721
2021-03-15 09:00:00,EDSA-Center,NB,23.658,2176.0,40.302,1.5,3.616
2021-03-15 10:00:00,EDSA-North,NB,34.278,1498.0,31.612,2.0,3.131
2021-03-15 11:00:00,EDSA-Center,SB,33.299,1002.0,26.741,2.0,3.637
2021-03-15 12:00:00,EDSA-Center,NB,31.868,633.0,23.112,1.5,2.813
2021-03-15 13:00:00,EDSA-South,SB,33.221,960.0,27.408,2.0,3.81
2021-03-15 14:00:00,EDSA-Center,SB,35.059,1237.0,27.964,2.0,3.547
2021-03-15 15:00:00,EDSA-Center,SB,32.641,1155.0,25.129,1.5,2.91
2021-03-15 16:00:00,EDSA-North,SB,22.288,1881.0,39.877,2.0,4.999
2021-03-15 17:00:00,EDSA-North,NB,19.104,1844.0,37.682,1.0,2.984
2021-03-15 18:00:00,EDSA-Center,SB,17.017,2036.0,37.207,1.0,3.763
2021-03-15 19:00:00,EDSA-Center,SB,24.458,1876.0,37.826,2.0,4.772
2021-03-15 20:00:00,EDSA-Center,SB,20.577,2194.0,43.064,2.0,5.425
2021-03-15 21:00:00,EDSA-Center,SB,32.489,1076.0,30.832,1.0,2.049
2021-03-15 22:00:00,EDSA-South,SB,31.718,1037.0,27.428,2.0,3.639
2021-03-15 23:00:00,EDSA-North,SB,36.269,1014.0,28.775,1.5,2.747
2021-03-16 00:00:00,EDSA-North,SB,39.125,1197.0,26.35,1.5,2.296
2021-03-16 01:00:00,EDSA-North,NB,33.791,1158.0,28.241,2.0,3.482
2021-03-16 02:00:00,EDSA-North,NB,34.353,1186.0,27.973,1.0,2.087
2021-03-16 03:00:00,EDSA-South,NB,38.215,1182.0,29.283,1.5,2.029
2021-03-16 04:00:00,EDSA-North,SB,29.569,1137.0,31.298,1.0,2.388
2021-03-16 05:00:00,EDSA-Center,NB,40.901,964.0,26.586,1.5,2.041
2021-03-16 06:00:00,EDSA-North,NB,29.332,1969.0,36.463,1.0,2.086
2021-03-16 07:00:00,EDSA-South,SB,13.881,2029.0,36.506,1.0,4.365
2021-03-16 08:00:00,EDSA-South,NB,21.707,2472.0,47.417,2.0,5.421
2021-03-16 09:00:00,EDSA-North,SB,19.843,1857.0,38.085,1.0,2.833
2021-03-16 10:00:00,EDSA-North,SB,34.206,1075.0,28.254,1.5,2.539
2021-03-16 11:00:00,EDSA-North,NB,33.745,1168.0,27.741,2.0,3.302
2021-03-16 12:00:00,EDSA-Center,NB,37.435,1095.0,28.133,2.0,3.696
2021-03-16 13:00:00,EDSA-South,SB,34.662,1343.0,28.474,1.0,1.611
2021-03-16 14:00:00,EDSA-Center,SB,32.267,1094.0,28.361,2.0,4.009
2021-03-16 15:00:00,EDSA-South,SB,34.483,1108.0,25.39,1.5,2.867
2021-03-16 16:00:00,EDSA-Center,SB,23.544,2247.0,40.818,1.0,2.639
2021-03-16 17:00:00,EDSA-North,NB,18.449,2426.0,42.312,1.5,4.844
2021-03-16 18:00:00,EDSA-Center,SB,17.061,2353.0,36.249,1.5,5.324
2021-03-16 19:00:00,EDSA-North,NB,27.978,2075.0,38.874,1.5,3.36
2021-03-16 20:00:00,EDSA-South,NB,20.073,2091.0,37.95,1.5,4.509
2021-03-16 21:00:00,EDSA-North,SB,34.588,1158.0,27.901,1.0,1.343
2021-03-16 22:00:00,EDSA-Center,NB,33.807,1176.0,28.533,1.0,1.32
2021-03-16 23:00:00,EDSA-Center,SB,36.644,997.0,30.007,1.0,2.015
2021-03-17 00:00:00,EDSA-North,SB,40.318,1319.0,30.773,2.0,2.318
2021-03-17 01:00:00,EDSA-Center,NB,36.74,1187.0,29.321,1.5,2.499
2021-03-17 02:00:00,EDSA-Center,SB,30.445,1142.0,29.123,1.5,2.897
2021-03-17 03:00:00,EDSA-North,SB,30.848,921.0,27.337,1.5,2.958
2021-03-17 04:00:00,EDSA-North,NB,33.803,1161.0,29.262,2.0,3.265
2021-03-17 05:00:00,EDSA-North,SB,34.195,809.0,24.869,2.0,3.597
2021-03-17 06:00:00,EDSA-North,NB,16.834,1995.0,40.068,2.0,7.18
2021-03-17 07:00:00,EDSA-Center,SB,24.458,1999.0,33.831,1.0,3.143
2021-03-17 08:00:00,EDSA-North,NB,18.741,2152.0,44.622,1.0,3.234
2021-03-17 09:00:00,EDSA-South,SB,26.48,2438.0,46.921,2.0,4.869
2021-03-17 10:00:00,EDSA-North,SB,40.462,1253.0,29.843,2.0,2.591
2021-03-17 11:00:00,EDSA-Center,SB,34.255,1411.0,28.397,1.0,2.007
2021-03-17 12:00:00,EDSA-South,NB,36.317,1266.0,31.981,1.5,2.535
2021-03-17 13:00:00,EDSA-Center,SB,31.304,1353.0,29.166,1.0,1.984
2021-03-17 14:00:00,EDSA-South,NB,36.871,1484.0,33.137,2.0,3.325
2021-03-17 15:00:00,EDSA-North,NB,33.505,1018.0,24.144,2.0,4.008
2021-03-17 16:00:00,EDSA-North,SB,18.738,1957.0,42.653,2.0,6.468
2021-03-17 17:00:00,EDSA-North,SB,21.132,2220.0,38.35,2.0,5.483
2021-03-17 18:00:00,EDSA-North,SB,20.603,2099.0,39.98,1.5,4.214
2021-03-17 19:00:00,EDSA-North,NB,21.025,2140.0,36.062,1.0,3.058
2021-03-17 20:00:00,EDSA-North,SB,24.849,2055.0,39.253,2.0,4.941
2021-03-17 21:00:00,EDSA-South,SB,32.644,1043.0,26.14,1.5,2.374
2021-03-17 22:00:00,EDSA-North,SB,40.205,1442.0,33.854,1.0,1.621
2021-03-17 23:00:00,EDSA-South,NB,31.025,952.0,25.098,2.0,3.597
2021-03-18 00:00:00,EDSA-South,SB,39.846,1274.0,31.923,1.5,2.368
2021-03-18 01:00:00,EDSA-South,SB,31.95,1244.0,27.262,1.0,1.677
2021-03-18 02:00:00,EDSA-North,SB,34.997,866.0,24.393,2.0,3.358
2021-03-18 03:00:00,EDSA-South,NB,33.529,1000.0,25.981,1.0,1.653
2021-03-18 04:00:00,EDSA-Center,NB,33.969,1031.0,27.844,1.0,2.146
2021-03-18 05:00:00,EDSA-South,NB,37.404,1252.0,30.13,1.5,2.507
2021-03-18 06:00:00,EDSA-Center,SB,26.499,2034.0,40.535,1.0,2.579
2021-03-18 07:00:00,EDSA-South,NB,25.572,2085.0,40.206,2.0,5.417
2021-03-18 08:00:00,EDSA-Center,NB,20.785,1838.0,38.155,2.0,5.785
2021-03-18 09:00:00,EDSA-North,SB,22.553,2519.0,42.869,1.5,4.366
2021-03-18 10:00:00,EDSA-Center,NB,32.654,1163.0,29.15,1.0,1.663
2021-03-18 11:00:00,EDSA-North,SB,32.025,1240.0,32.474,1.5,3.124
2021-03-18 12:00:00,EDSA-South,SB,31.561,1053.0,23.746,1.0,1.699
2021-03-18 13:00:00,EDSA-North,NB,33.687,1033.0,27.852,2.0,3.558
2021-03-18 14:00:00,EDSA-North,NB,35.749,1494.0,33.538,2.0,3.491
2021-03-18 15:00:00,EDSA-Center,SB,29.265,805.0,27.18,1.0,2.224
2021-03-18 16:00:00,EDSA-Center,NB,21.861,2150.0,41.879,1.5,3.799
2021-03-18 17:00:00,EDSA-North,SB,26.548,1882.0,37.543,2.0,4.303
2021-03-18 18:00:00,EDSA-South,NB,25.366,2027.0,39.872,1.5,3.701
2021-03-18 19:00:00,EDSA-South,NB,20.244,1985.0,37.059,1.0,2.872
2021-03-18 20:00:00,EDSA-South,NB,17.809,1923.0,37.033,1.0,3.02
2021-03-18 21:00:00,EDSA-Center,SB,36.379,1156.0,25.627,2.0,3.281
2021-03-18 22:00:00,EDSA-Center,NB,28.048,688.0,25.883,1.5,3.179
2021-03-18 23:00:00,EDSA-Center,NB,38.33,1093.0,28.472,1.5,2.392
2021-03-19 00:00:00,EDSA-Center,NB,34.359,1134.0,26.206,1.0,1.879
2021-03-19 01:00:00,EDSA-North,NB,40.494,905.0,25.954,1.0,1.598
2021-03-19 02:00:00,EDSA-North,NB,29.819,1422.0,33.676,1.5,2.826
2021-03-19 03:00:00,EDSA-North,SB,37.754,1043.0,28.98,1.5,2.281
2021-03-19 04:00:00,EDSA-Center,SB,34.698,1107.0,25.878,1.5,2.826
2021-03-19 05:00:00,EDSA-North,NB,34.007,1043.0,20.731,2.0,3.393
2021-03-19 06:00:00,EDSA-North,SB,17.89,2085.0,40.472,1.0,3.255
2021-03-19 07:00:00,EDSA-South,SB,23.787,2335.0,40.784,1.5,3.407
2021-03-19 08:00:00,EDSA-Center,SB,24.028,2545.0,46.214,1.0,2.49
2021-03-19 09:00:00,EDSA-Center,SB,27.355,2234.0,43.294,1.0,2.28
2021-03-19 10:00:00,EDSA-Center,NB,38.024,1346.0,32.704,1.5,1.873
2021-03-19 11:00:00,EDSA-South,SB,33.218,1459.0,35.267,1.0,1.539
2021-03-19 12:00:00,EDSA-South,SB,31.988,1195.0,31.213,1.5,2.458
2021-03-19 13:00:00,EDSA-North,SB,30.895,1433.0,34.975,1.5,3.11
2021-03-19 14:00:00,EDSA-South,NB,39.42,1293.0,32.623,1.5,1.805
2021-03-19 15:00:00,EDSA-Center,SB,32.665,1176.0,31.455,2.0,3.654
2021-03-19 16:00:00,EDSA-South,SB,26.441,2163.0,40.493,1.0,2.449
2021-03-19 17:00:00,EDSA-Center,SB,23.575,1772.0,33.501,1.5,3.865
2021-03-19 18:00:00,EDSA-North,NB,22.99,2153.0,45.419,2.0,5.11
2021-03-19 19:00:00,EDSA-South,NB,21.079,1822.0,36.78,1.0,2.933
2021-03-19 20:00:00,EDSA-North,SB,23.982,1807.0,38.943,1.5,4.012
2021-03-19 21:00:00,EDSA-South,NB,34.954,1185.0,27.524,2.0,3.406
2021-03-19 22:00:00,EDSA-North,NB,33.892,949.0,27.847,1.5,2.096
2021-03-19 23:00:00,EDSA-North,SB,37.088,1149.0,23.32,1.0,1.905
2021-03-20 00:00:00,EDSA-Center,SB,32.568,925.0,24.816,2.0,3.785
2021-03-20 01:00:00,EDSA-South,NB,30.605,933.0,25.532,1.0,1.952
2021-03-20 02:00:00,EDSA-Center,NB,34.799,737.0,24.404,1.0,1.229
2021-03-20 03:00:00,EDSA-North,NB,32.808,1062.0,29.354,1.5,2.669
2021-03-20 04:00:00,EDSA-North,NB,34.467,884.0,22.977,1.0,1.522
2021-03-20 05:00:00,EDSA-South,NB,31.638,979.0,27.583,1.5,2.541
2021-03-20 06:00:00,EDSA-South,SB,16.373,1635.0,36.952,1.5,5.463
2021-03-20 07:00:00,EDSA-North,SB,25.205,1818.0,41.298,2.0,4.627
2021-03-20 08:00:00,EDSA-Center,NB,24.64,2048.0,40.66,1.5,3.535
2021-03-20 09:00:00,EDSA-North,NB,22.651,2025.0,38.064,1.5,4.158
2021-03-20 10:00:00,EDSA-North,SB,31.837,756.0,21.156,2.0,3.833
2021-03-20 11:00:00,EDSA-South,NB,32.099,802.0,27.879,1.0,1.745
2021-03-20 12:00:00,EDSA-Center,NB,37.147,722.0,24.778,1.5,2.267
2021-03-20 13:00:00,EDSA-North,NB,31.939,782.0,23.947,2.0,3.644
2021-03-20 14:00:00,EDSA-Center,SB,31.102,648.0,19.214,1.0,1.867
2021-03-20 15:00:00,EDSA-Center,NB,38.617,875.0,23.202,1.0,1.7
2021-03-20 16:00:00,EDSA-North,NB,19.857,1964.0,39.548,1.0,2.761
2021-03-20 17:00:00,EDSA-Center,SB,25.305,1709.0,36.058,2.0,5.107
2021-03-20 18:00:00,EDSA-North,NB,15.805,1834.0,32.895,1.5,5.841
2021-03-20 19:00:00,EDSA-North,NB,21.555,1810.0,37.784,1.0,2.099
2021-03-20 20:00:00,EDSA-South,NB,26.213,2040.0,36.022,2.0,4.599
2021-03-20 21:00:00,EDSA-South,SB,33.089,790.0,26.792,2.0,3.887
2021-03-20 22:00:00,EDSA-North,SB,32.208,796.0,24.576,1.0,1.96
2021-03-20 23:00:00,EDSA-South,SB,29.497,748.0,22.672,2.0,3.965
2021-03-21 00:00:00,EDSA-Center,NB,36.247,695.0,24.976,2.0,3.295
2021-03-21 01:00:00,EDSA-South,NB,30.69,995.0,27.152,2.0,3.955
2021-03-21 02:00:00,EDSA-South,SB,32.716,876.0,27.72,1.0,2.026
2021-03-21 03:00:00,EDSA-Center,SB,29.296,910.0,25.624,1.0,1.694
2021-03-21 04:00:00,EDSA-Center,NB,37.671,1129.0,28.266,1.5,2.238
2021-03-21 05:00:00,EDSA-Center,SB,36.465,1140.0,27.537,2.0,3.701
2021-03-21 06:00:00,EDSA-South,SB,19.905,1554.0,34.093,1.5,4.53
2021-03-21 07:00:00,EDSA-North,SB,16.538,1967.0,41.712,2.0,7.638
2021-03-21 08:00:00,EDSA-North,SB,24.608,1891.0,36.437,1.0,3.185
2021-03-21 09:00:00,EDSA-North,NB,18.902,1767.0,37.315,1.5,4.638
2021-03-21 10:00:00,EDSA-North,NB,29.684,959.0,24.267,2.0,3.743
2021-03-21 11:00:00,EDSA-North,NB,27.714,589.0,17.643,1.5,3.181
2021-03-21 12:00:00,EDSA-North,NB,31.062,1163.0,28.793,2.0,4.138
2021-03-21 13:00:00,EDSA-South,SB,28.636,993.0,27.157,1.5,3.453
2021-03-21 14:00:00,EDSA-North,SB,31.132,744.0,23.339,1.0,2.495
2021-03-21 15:00:00,EDSA-South,SB,35.233,795.0,21.146,2.0,3.397
2021-03-21 16:00:00,EDSA-North,NB,18.874,1543.0,34.058,2.0,6.48
2021-03-21 17:00:00,EDSA-South,SB,21.067,1793.0,36.858,2.0,5.518
2021-03-21 18:00:00,EDSA-North,NB,17.83,1763.0,34.198,1.5,4.421
2021-03-21 19:00:00,EDSA-Center,SB,20.196,1611.0,31.525,1.5,4.447
2021-03-21 20:00:00,EDSA-North,NB,25.763,1990.0,38.078,1.0,2.041
2021-03-21 21:00:00,EDSA-Center,NB,31.955,1130.0,29.299,1.5,2.977
2021-03-21 22:00:00,EDSA-Center,NB,34.153,895.0,26.127,1.0,1.286
2021-03-21 23:00:00,EDSA-Center,SB,28.303,845.0,22.956,1.0,1.935
2021-03-22 00:00:00,EDSA-Center,NB,39.56,1228.0,29.399,1.0,1.584
2021-03-22 01:00:00,EDSA-Center,NB,33.568,1146.0,29.959,1.5,2.774
2021-03-22 02:00:00,EDSA-South,NB,38.152,955.0,23.64,2.0,3.133
2021-03-22 03:00:00,EDSA-Center,SB,34.63,1033.0,27.0,2.0,3.932
2021-03-22 04:00:00,EDSA-Center,NB,36.835,1097.0,30.291,2.0,3.65
2021-03-22 05:00:00,EDSA-North,NB,37.013,1195.0,26.189,1.5,2.26
2021-03-22 06:00:00,EDSA-Center,NB,20.643,2102.0,42.18,2.0,6.216
2021-03-22 07:00:00,EDSA-North,NB,25.276,2138.0,43.524,2.0,5.188
2021-03-22 08:00:00,EDSA-North,SB,19.723,1826.0,36.249,2.0,6.053
2021-03-22 09:00:00,EDSA-South,SB,24.334,2220.0,40.541,1.5,3.71
2021-03-22 10:00:00,EDSA-North,NB,33.829,1151.0,30.298,1.0,1.761
2021-03-22 11:00:00,EDSA-Center,SB,36.049,1609.0,33.137,1.5,2.335
2021-03-22 12:00:00,EDSA-South,NB,33.614,1080.0,22.716,2.0,3.434
2021-03-22 13:00:00,EDSA-South,SB,35.15,1208.0,28.697,2.0,3.744
2021-03-22 14:00:00,EDSA-North,NB,31.776,1659.0,35.022,1.0,1.998
2021-03-22 15:00:00,EDSA-North,NB,35.743,1185.0,30.107,1.0,1.54
2021-03-22 16:00:00,EDSA-Center,NB,22.133,2088.0,37.949,1.5,3.835
2021-03-22 17:00:00,EDSA-Center,NB,20.38,1922.0,37.267,2.0,5.699
2021-03-22 18:00:00,EDSA-South,SB,21.835,2375.0,44.967,2.0,5.455
2021-03-22 19:00:00,EDSA-North,SB,22.402,1891.0,37.331,2.0,5.585
2021-03-22 20:00:00,EDSA-North,SB,20.151,2177.0,37.677,1.0,2.763
2021-03-22 21:00:00,EDSA-North,NB,34.614,1065.0,29.72,2.0,3.692
2021-03-22 22:00:00,EDSA-South,SB,31.983,1116.0,27.405,1.0,1.925
2021-03-22 23:00:00,EDSA-North,NB,42.037,894.0,27.46,2.0,2.89
2021-03-23 00:00:00,EDSA-Center,SB,38.177,1392.0,28.214,2.0,3.4
2021-03-23 01:00:00,EDSA-North,SB,35.819,1100.0,27.408,1.5,2.723
2021-03-23 02:00:00,EDSA-North,NB,38.516,931.0,26.729,1.5,1.986
2021-03-23 03:00:00,EDSA-South,NB,29.062,1375.0,30.644,1.5,2.826
2021-03-23 04:00:00,EDSA-North,NB,27.327,1059.0,24.815,1.5,3.236
2021-03-23 05:00:00,EDSA-North,SB,33.802,1210.0,24.144,2.0,3.639
2021-03-23 06:00:00,EDSA-South,SB,17.864,2251.0,44.638,1.0,3.7
2021-03-23 07:00:00,EDSA-Center,NB,21.29,2185.0,41.327,1.0,2.834
2021-03-23 08:00:00,EDSA-North,SB,22.617,1705.0,37.637,2.0,5.732
2021-03-23 09:00:00,EDSA-Center,SB,24.761,2225.0,43.147,2.0,4.67
2021-03-23 10:00:00,EDSA-South,NB,31.585,1132.0,29.21,1.5,2.715
2021-03-23 11:00:00,EDSA-Center,SB,36.199,1091.0,26.901,1.0,1.581
2021-03-23 12:00:00,EDSA-Center,NB,35.043,1130.0,28.979,2.0,3.22
2021-03-23 13:00:00,EDSA-Center,SB,36.043,860.0,27.757,2.0,3.619
2021-03-23 14:00:00,EDSA-Center,NB,33.441,1185.0,28.789,1.0,1.102
2021-03-23 15:00:00,EDSA-North,SB,39.149,904.0,29.204,1.5,2.173
2021-03-23 16:00:00,EDSA-South,NB,21.689,2049.0,36.259,1.5,4.437
2021-03-23 17:00:00,EDSA-South,NB,27.323,2128.0,36.96,2.0,4.314
2021-03-23 18:00:00,EDSA-North,NB,19.629,2293.0,44.049,2.0,6.382
2021-03-23 19:00:00,EDSA-South,SB,24.228,1952.0,36.516,1.5,4.264
2021-03-23 20:00:00,EDSA-South,NB,21.821,2361.0,46.941,2.0,5.519
2021-03-23 21:00:00,EDSA-South,SB,34.017,1320.0,32.86,1.5,2.938
2021-03-23 22:00:00,EDSA-Center,SB,36.897,1073.0,30.511,1.5,3.044
2021-03-23 23:00:00,EDSA-Center,SB,34.102,950.0,27.699,2.0,3.619
2021-03-24 00:00:00,EDSA-South,SB,27.014,890.0,23.393,1.5,3.32
2021-03-24 01:00:00,EDSA-North,SB,25.811,1199.0,25.469,1.5,3.712
2021-03-24 02:00:00,EDSA-South,NB,38.817,1017.0,29.689,1.5,2.615
2021-03-24 03:00:00,EDSA-South,SB,38.691,1366.0,27.709,1.0,1.541
2021-03-24 04:00:00,EDSA-South,NB,40.662,1028.0,29.988,1.0,1.355
2021-03-24 05:00:00,EDSA-Center,SB,34.947,988.0,27.7,1.0,2.146
2021-03-24 06:00:00,EDSA-Center,NB,18.122,2142.0,40.181,2.0,6.554
2021-03-24 07:00:00,EDSA-North,SB,20.741,1977.0,39.314,1.5,4.638
2021-03-24 08:00:00,EDSA-South,SB,22.034,2102.0,40.798,2.0,5.512
2021-03-24 09:00:00,EDSA-Center,NB,18.979,2277.0,41.486,1.5,5.199
2021-03-24 10:00:00,EDSA-North,SB,39.946,1171.0,31.319,1.0,1.29
2021-03-24 11:00:00,EDSA-South,NB,41.719,1172.0,31.258,1.5,1.945
2021-03-24 12:00:00,EDSA-Center,NB,36.435,1187.0,28.961,1.0,1.86
2021-03-24 13:00:00,EDSA-Center,SB,34.967,845.0,23.52,1.0,1.433
2021-03-24 14:00:00,EDSA-North,SB,31.115,1221.0,31.648,1.5,2.922
2021-03-24 15:00:00,EDSA-South,NB,39.639,1179.0,24.511,1.0,1.901
2021-03-24 16:00:00,EDSA-Center,SB,22.229,2261.0,42.586,1.5,3.603
2021-03-24 17:00:00,EDSA-South,SB,21.133,2209.0,42.583,2.0,5.779
2021-03-24 18:00:00,EDSA-South,SB,23.444,2064.0,37.775,1.0,2.862
2021-03-24 19:00:00,EDSA-North,SB,20.243,2286.0,43.935,2.0,5.922
2021-03-24 20:00:00,EDSA-North,NB,22.441,2047.0,39.191,1.5,3.779
2021-03-24 21:00:00,EDSA-South,NB,30.673,1194.0,27.645,1.0,1.89
2021-03-24 22:00:00,EDSA-Center,SB,38.261,1094.0,29.507,1.0,1.359
2021-03-24 23:00:00,EDSA-Center,SB,34.687,1233.0,27.009,1.0,1.747
2021-03-25 00:00:00,EDSA-North,NB,38.476,1082.0,29.184,1.0,1.49
2021-03-25 01:00:00,EDSA-Center,SB,34.397,1447.0,27.671,1.0,1.616
2021-03-25 02:00:00,EDSA-South,SB,34.591,1513.0,32.972,2.0,3.586
2021-03-25 03:00:00,EDSA-North,SB,31.363,1307.0,30.122,2.0,4.221
2021-03-25 04:00:00,EDSA-Center,NB,37.279,1427.0,30.336,1.5,2.496
2021-03-25 05:00:00,EDSA-South,NB,32.372,873.0,25.818,2.0,4.043
2021-03-25 06:00:00,EDSA-North,NB,20.541,1844.0,36.749,1.0,3.316
2021-03-25 07:00:00,EDSA-North,SB,22.003,2042.0,41.294,1.5,3.944
2021-03-25 08:00:00,EDSA-South,SB,22.364,2107.0,41.056,1.0,2.752
2021-03-25 09:00:00,EDSA-North,NB,16.882,2064.0,40.345,1.5,5.225
2021-03-25 10:00:00,EDSA-Center,SB,34.308,854.0,25.41,1.5,2.253
2021-03-25 11:00:00,EDSA-Center,SB,37.386,1357.0,29.664,2.0,3.299
2021-03-25 12:00:00,EDSA-South,NB,33.865,1538.0,32.081,2.0,3.28
2021-03-25 13:00:00,EDSA-North,NB,34.326,1381.0,31.373,1.5,2.743
2021-03-25 14:00:00,EDSA-Center,SB,35.487,1345.0,30.125,1.0,1.302
2021-03-25 15:00:00,EDSA-North,SB,34.622,1191.0,30.916,1.0,1.776
2021-03-25 16:00:00,EDSA-South,SB,18.908,1948.0,38.292,1.0,2.781
2021-03-25 17:00:00,EDSA-Center,SB,21.891,2113.0,40.752,1.5,4.28
2021-03-25 18:00:00,EDSA-Center,NB,24.982,2479.0,41.403,1.5,3.504
2021-03-25 19:00:00,EDSA-Center,SB,18.846,2037.0,41.008,2.0,6.245
2021-03-25 20:00:00,EDSA-North,SB,20.877,2018.0,37.746,1.0,3.156
2021-03-25 21:00:00,EDSA-South,NB,30.855,1349.0,28.432,1.5,2.836
2021-03-25 22:00:00,EDSA-Center,NB,37.824,1361.0,33.947,1.0,1.614
2021-03-25 23:00:00,EDSA-North,SB,34.723,997.0,27.865,1.5,2.542
2021-03-26 00:00:00,EDSA-Center,SB,32.449,1103.0,29.638,1.5,2.9
2021-03-26 01:00:00,EDSA-South,SB,35.277,1060.0,28.095,2.0,3.662
2021-03-26 02:00:00,EDSA-South,NB,31.389,1163.0,28.183,1.5,3.076
2021-03-26 03:00:00,EDSA-Center,NB,31.9,1349.0,29.95,1.0,1.764
2021-03-26 04:00:00,EDSA-North,SB,30.62,1005.0,28.119,2.0,4.221
2021-03-26 05:00:00,EDSA-Center,SB,31.8,1346.0,32.746,1.5,2.601
2021-03-26 06:00:00,EDSA-Center,SB,26.072,2118.0,39.924,1.5,3.266
2021-03-26 07:00:00,EDSA-Center,SB,19.801,2519.0,48.81,1.5,4.513
2021-03-26 08:00:00,EDSA-North,NB,23.399,2157.0,40.115,1.0,2.826
2021-03-26 09:00:00,EDSA-Center,SB,19.491,2083.0,36.861,2.0,5.864
2021-03-26 10:00:00,EDSA-Center,NB,37.279,1253.0,25.972,1.0,1.832
2021-03-26 11:00:00,EDSA-South,SB,31.922,1089.0,24.152,1.0,1.866
2021-03-26 12:00:00,EDSA-Center,NB,35.118,827.0,23.681,2.0,3.309
2021-03-26 13:00:00,EDSA-Center,SB,35.159,1107.0,27.263,1.5,2.834
2021-03-26 14:00:00,EDSA-Center,SB,41.983,1104.0,29.06,2.0,2.658
2021-03-26 15:00:00,EDSA-North,SB,36.891,863.0,24.872,2.0,3.824
2021-03-26 16:00:00,EDSA-North,SB,20.221,2087.0,41.386,2.0,5.89
2021-03-26 17:00:00,EDSA-South,SB,24.055,1728.0,35.661,2.0,5.026
2021-03-26 18:00:00,EDSA-South,SB,28.415,2037.0,39.157,2.0,4.609
2021-03-26 19:00:00,EDSA-South,NB,17.111,2144.0,39.199,1.5,5.304
2021-03-26 20:00:00,EDSA-Center,NB,19.473,2117.0,42.896,2.0,6.46
2021-03-26 21:00:00,EDSA-North,SB,34.289,1076.0,24.311,1.0,1.262
2021-03-26 22:00:00,EDSA-South,SB,33.749,1135.0,28.651,2.0,3.445
2021-03-26 23:00:00,EDSA-Center,SB,34.002,1009.0,26.239,1.0,1.864
2021-03-27 00:00:00,EDSA-North,SB,29.087,902.0,26.936,1.5,3.364
2021-03-27 01:00:00,EDSA-South,SB,37.212,910.0,25.429,1.5,2.611
2021-03-27 02:00:00,EDSA-South,SB,28.732,738.0,23.504,2.0,4.346
2021-03-27 03:00:00,EDSA-South,SB,32.399,948.0,25.371,1.0,2.117
2021-03-27 04:00:00,EDSA-North,SB,36.137,947.0,28.678,1.0,1.779
2021-03-27 05:00:00,EDSA-South,NB,32.909,870.0,25.011,2.0,3.111
2021-03-27 06:00:00,EDSA-Center,SB,17.062,2286.0,45.926,1.5,5.635
2021-03-27 07:00:00,EDSA-Center,NB,15.954,1825.0,37.228,2.0,7.312
2021-03-27 08:00:00,EDSA-South,SB,19.31,1800.0,36.441,2.0,6.293
2021-03-27 09:00:00,EDSA-Center,SB,17.729,1774.0,35.81,2.0,6.814
2021-03-27 10:00:00,EDSA-North,SB,33.616,725.0,24.469,1.5,2.689
2021-03-27 11:00:00,EDSA-North,NB,28.796,1023.0,25.593,1.0,1.807
2021-03-27 12:00:00,EDSA-Center,SB,35.439,776.0,24.221,2.0,2.901
2021-03-27 13:00:00,EDSA-South,NB,33.347,798.0,24.191,1.0,1.549
2021-03-27 14:00:00,EDSA-South,SB,33.57,803.0,24.886,2.0,3.781
2021-03-27 15:00:00,EDSA-Center,NB,37.323,723.0,24.011,2.0,2.854
2021-03-27 16:00:00,EDSA-South,NB,18.687,1535.0,34.154,1.5,4.596
2021-03-27 17:00:00,EDSA-South,SB,17.823,1767.0,36.207,1.0,3.471
2021-03-27 18:00:00,EDSA-Center,SB,18.357,2007.0,41.921,1.5,4.646
2021-03-27 19:00:00,EDSA-Center,NB,19.422,1885.0,38.228,1.0,2.953
2021-03-27 20:00:00,EDSA-South,NB,19.727,2131.0,45.417,1.5,4.583
2021-03-27 21:00:00,EDSA-Center,NB,30.508,1035.0,27.004,1.5,3.021
2021-03-27 22:00:00,EDSA-North,SB,26.931,994.0,28.352,1.5,3.08
2021-03-27 23:00:00,EDSA-South,NB,31.317,1239.0,27.795,1.0,1.951
2021-03-28 00:00:00,EDSA-Center,NB,34.079,883.0,27.95,2.0,3.621
2021-03-28 01:00:00,EDSA-Center,NB,33.409,911.0,24.072,1.0,1.478
2021-03-28 02:00:00,EDSA-South,NB,36.599,898.0,26.238,2.0,3.333
2021-03-28 03:00:00,EDSA-South,NB,38.866,1178.0,28.017,1.0,1.365
2021-03-28 04:00:00,EDSA-North,SB,35.278,900.0,26.259,1.5,2.582
2021-03-28 05:00:00,EDSA-Center,SB,37.148,783.0,23.538,2.0,3.411
2021-03-28 06:00:00,EDSA-North,NB,22.3,1956.0,36.613,1.5,3.992
2021-03-28 07:00:00,EDSA-Center,SB,25.13,1703.0,34.742,1.0,2.616
2021-03-28 08:00:00,EDSA-Center,SB,25.553,1946.0,41.162,1.5,3.72
2021-03-28 09:00:00,EDSA-Center,NB,22.853,1924.0,38.766,1.5,4.165
2021-03-28 10:00:00,EDSA-South,SB,35.119,866.0,22.38,2.0,3.518
2021-03-28 11:00:00,EDSA-Center,SB,32.384,1002.0,28.712,1.5,3.054
2021-03-28 12:00:00,EDSA-Center,SB,32.876,632.0,20.487,2.0,3.746
2021-03-28 13:00:00,EDSA-Center,NB,31.986,929.0,27.174,1.5,2.397
2021-03-28 14:00:00,EDSA-North,NB,34.864,817.0,25.498,1.0,1.523
2021-03-28 15:00:00,EDSA-North,NB,30.839,1415.0,32.508,1.5,2.866
2021-03-28 16:00:00,EDSA-South,NB,19.427,1878.0,41.004,2.0,6.155
2021-03-28 17:00:00,EDSA-North,SB,12.934,1743.0,34.083,1.0,4.728
2021-03-28 18:00:00,EDSA-North,SB,25.169,1602.0,35.344,1.5,3.374
2021-03-28 19:00:00,EDSA-South,SB,19.339,2085.0,42.196,1.0,3.605
2021-03-28 20:00:00,EDSA-North,SB,21.367,1787.0,34.964,2.0,5.591
2021-03-28 21:00:00,EDSA-Center,SB,37.373,758.0,22.22,1.5,2.406
2021-03-28 22:00:00,EDSA-South,NB,33.901,961.0,25.472,2.0,3.372
2021-03-28 23:00:00,EDSA-Center,NB,37.333,1017.0,27.344,2.0,2.963
2021-03-29 00:00:00,EDSA-North,NB,31.275,1264.0,26.716,2.0,3.805
2021-03-29 01:00:00,EDSA-North,NB,42.192,1154.0,29.369,1.5,2.14
2021-03-29 02:00:00,EDSA-South,SB,38.261,1179.0,25.738,2.0,3.115
2021-03-29 03:00:00,EDSA-North,NB,35.628,1192.0,31.292,1.5,2.94
2021-03-29 04:00:00,EDSA-South,NB,39.275,1211.0,29.949,2.0,3.024
2021-03-29 05:00:00,EDSA-North,NB,31.494,1226.0,32.931,2.0,3.789
2021-03-29 06:00:00,EDSA-North,SB,21.134,2297.0,43.453,1.0,3.043
2021-03-29 07:00:00,EDSA-South,SB,26.333,2110.0,39.357,2.0,4.514
2021-03-29 08:00:00,EDSA-South,NB,16.399,1953.0,36.562,2.0,7.452
2021-03-29 09:00:00,EDSA-South,NB,23.681,2074.0,40.029,2.0,4.748
2021-03-29 10:00:00,EDSA-South,NB,36.597,1286.0,29.725,1.0,1.322
2021-03-29 11:00:00,EDSA-North,SB,40.908,828.0,26.899,1.5,2.231
2021-03-29 12:00:00,EDSA-South,NB,30.251,829.0,22.682,1.0,1.925
2021-03-29 13:00:00,EDSA-South,SB,39.829,1315.0,34.168,2.0,2.811
2021-03-29 14:00:00,EDSA-North,SB,33.322,1424.0,33.921,2.0,3.632
2021-03-29 15:00:00,EDSA-North,SB,33.659,922.0,25.199,1.5,2.726
2021-03-29 16:00:00,EDSA-South,NB,18.334,2118.0,43.654,1.0,3.095
2021-03-29 17:00:00,EDSA-North,NB,18.736,2028.0,37.457,1.5,4.674
2021-03-29 18:00:00,EDSA-South,NB,23.211,2053.0,39.721,1.5,3.932
2021-03-29 19:00:00,EDSA-North,SB,18.663,2155.0,37.93,2.0,6.175
2021-03-29 20:00:00,EDSA-North,NB,24.221,1867.0,40.867,1.0,2.326
2021-03-29 21:00:00,EDSA-North,NB,33.011,951.0,22.638,1.5,2.86
2021-03-29 22:00:00,EDSA-North,NB,31.361,1096.0,24.721,1.5,2.864
2021-03-29 23:00:00,EDSA-South,SB,33.417,1124.0,26.655,2.0,3.472
2021-03-30 00:00:00,EDSA-South,SB,36.01,947.0,28.539,1.0,1.44
2021-03-30 01:00:00,EDSA-South,NB,34.168,1292.0,31.769,2.0,3.259
2021-03-30 02:00:00,EDSA-South,SB,35.103,1075.0,27.605,2.0,3.386
2021-03-30 03:00:00,EDSA-North,SB,37.089,1074.0,29.39,1.5,2.933
2021-03-30 04:00:00,EDSA-South,SB,38.247,1201.0,28.579,1.0,1.71
2021-03-30 05:00:00,EDSA-Center,SB,34.07,1127.0,28.803,1.0,1.428
2021-03-30 06:00:00,EDSA-Center,NB,18.867,2251.0,44.887,1.0,3.357
2021-03-30 07:00:00,EDSA-South,SB,22.228,1932.0,37.425,2.0,5.209
2021-03-30 08:00:00,EDSA-South,SB,23.412,1848.0,35.425,2.0,5.124
2021-03-30 09:00:00,EDSA-South,SB,17.618,2044.0,40.149,1.0,3.258
2021-03-30 10:00:00,EDSA-Center,SB,32.328,1161.0,29.83,2.0,4.218
2021-03-30 11:00:00,EDSA-Center,SB,32.842,927.0,25.878,1.5,2.457
2021-03-30 12:00:00,EDSA-South,NB,34.377,900.0,27.359,2.0,3.569
2021-03-30 13:00:00,EDSA-North,SB,32.717,1183.0,28.2,1.0,1.663
2021-03-30 14:00:00,EDSA-North,SB,37.121,1014.0,26.911,1.0,1.801
2021-03-30 15:00:00,EDSA-Center,NB,30.185,889.0,25.967,2.0,4.049
2021-03-30 16:00:00,EDSA-North,NB,17.261,2274.0,42.423,1.5,5.528
2021-03-30 17:00:00,EDSA-North,SB,20.998,1986.0,41.769,2.0,5.894
2021-03-30 18:00:00,EDSA-South,NB,21.473,2307.0,42.969,2.0,5.415
2021-03-30 19:00:00,EDSA-South,SB,17.636,2105.0,39.301,1.0,4.131
2021-03-30 20:00:00,EDSA-Center,SB,20.18,2153.0,41.516,1.5,4.599
2021-03-30 21:00:00,EDSA-Center,SB,33.797,1112.0,29.805,2.0,3.413
2021-03-30 22:00:00,EDSA-Center,NB,33.82,672.0,24.277,1.0,1.825
2021-03-30 23:00:00,EDSA-South,NB,35.456,945.0,27.309,2.0,3.542
2021-03-31 00:00:00,EDSA-Center,SB,33.015,1127.0,24.969,1.0,1.966
2021-03-31 01:00:00,EDSA-North,SB,39.434,1216.0,23.995,1.0,1.646
2021-03-31 02:00:00,EDSA-Center,NB,36.465,828.0,27.071,1.5,2.71
2021-03-31 03:00:00,EDSA-Center,NB,32.579,1140.0,28.992,1.0,2.059
2021-03-31 04:00:00,EDSA-South,NB,35.284,948.0,25.859,1.5,2.339
2021-03-31 05:00:00,EDSA-South,SB,35.372,1192.0,30.099,1.5,3.071
2021-03-31 06:00:00,EDSA-South,SB,25.644,2097.0,43.664,1.0,2.832
2021-03-31 07:00:00,EDSA-Center,NB,20.199,2234.0,44.216,2.0,6.141
2021-03-31 08:00:00,EDSA-Center,NB,24.302,2292.0,43.983,1.0,2.479
2021-03-31 09:00:00,EDSA-Center,NB,22.126,2183.0,39.027,1.5,4.082
2021-03-31 10:00:00,EDSA-North,SB,39.475,1305.0,28.492,1.0,1.439
2021-03-31 11:00:00,EDSA-South,NB,38.873,1087.0,22.727,1.0,1.495
2021-03-31 12:00:00,EDSA-South,NB,35.591,1658.0,35.336,1.0,1.139
2021-03-31 13:00:00,EDSA-South,NB,34.213,931.0,27.919,1.0,2.136
2021-03-31 14:00:00,EDSA-North,SB,36.52,1055.0,29.513,1.5,2.759
2021-03-31 15:00:00,EDSA-North,NB,34.459,1312.0,31.442,1.5,2.193
2021-03-31 16:00:00,EDSA-South,NB,27.041,2235.0,41.1,1.0,2.441
2021-03-31 17:00:00,EDSA-Center,SB,22.235,2188.0,39.73,1.0,2.696
2021-03-31 18:00:00,EDSA-South,NB,20.783,2222.0,39.597,1.0,2.837
2021-03-31 19:00:00,EDSA-Center,NB,20.621,1725.0,35.21,1.5,4.488
2021-03-31 20:00:00,EDSA-Center,SB,18.361,2386.0,41.184,2.0,6.1
2021-03-31 21:00:00,EDSA-Center,SB,36.67,1113.0,31.315,1.0,1.633
2021-03-31 22:00:00,EDSA-South,NB,32.54,1374.0,28.199,1.0,1.864
2021-03-31 23:00:00,EDSA-Center,NB,38.294,784.0,23.621,2.0,3.154
2021-04-01 00:00:00,EDSA-South,NB,31.121,1196.0,24.884,2.0,3.514
2021-04-01 01:00:00,EDSA-North,SB,35.382,1049.0,27.652,2.0,3.503
2021-04-01 02:00:00,EDSA-Center,SB,38.451,1253.0,29.405,1.0,1.825
2021-04-01 03:00:00,EDSA-South,SB,28.543,1207.0,28.168,2.0,4.306
2021-04-01 04:00:00,EDSA-South,SB,41.055,1216.0,27.117,1.5,2.135
2021-04-01 05:00:00,EDSA-South,NB,33.724,959.0,26.038,1.0,2.451
2021-04-01 06:00:00,EDSA-North,SB,22.423,2090.0,38.643,1.0,2.445
2021-04-01 07:00:00,EDSA-South,SB,23.714,2068.0,39.203,1.5,3.989
2021-04-01 08:00:00,EDSA-South,NB,24.178,2189.0,44.79,2.0,5.024
2021-04-01 09:00:00,EDSA-South,SB,22.822,2278.0,42.242,2.0,5.761
2021-04-01 10:00:00,EDSA-North,SB,37.992,1177.0,29.602,1.5,2.466
2021-04-01 11:00:00,EDSA-South,SB,36.557,920.0,24.654,1.5,2.612
2021-04-01 12:00:00,EDSA-South,SB,40.283,1169.0,26.879,2.0,3.105
2021-04-01 13:00:00,EDSA-South,NB,36.567,1620.0,33.584,1.0,1.376
2021-04-01 14:00:00,EDSA-North,NB,40.894,1446.0,36.64,1.5,1.984
2021-04-01 15:00:00,EDSA-South,NB,37.703,615.0,21.493,1.0,1.522
2021-04-01 16:00:00,EDSA-North,SB,16.583,2111.0,40.704,2.0,7.476
2021-04-01 17:00:00,EDSA-Center,SB,29.833,2268.0,40.123,1.5,3.075
2021-04-01 18:00:00,EDSA-Center,NB,20.277,2067.0,33.962,2.0,5.866
2021-04-01 19:00:00,EDSA-Center,NB,26.487,2017.0,37.318,1.5,3.741
2021-04-01 20:00:00,EDSA-South,NB,22.08,2052.0,44.059,2.0,4.939
2021-04-01 21:00:00,EDSA-North,SB,38.183,1249.0,30.559,2.0,2.819
2021-04-01 22:00:00,EDSA-Center,NB,32.935,943.0,29.13,1.5,2.109
2021-04-01 23:00:00,EDSA-Center,NB,36.877,1364.0,29.99,2.0,3.556
2021-04-02 00:00:00,EDSA-Center,NB,34.24,1140.0,23.395,1.5,2.604
2021-04-02 01:00:00,EDSA-North,SB,39.737,982.0,24.072,2.0,3.261
2021-04-02 02:00:00,EDSA-North,NB,36.316,1352.0,31.346,1.0,1.625
2021-04-02 03:00:00,EDSA-North,NB,37.808,872.0,25.502,2.0,3.43
2021-04-02 04:00:00,EDSA-Center,NB,28.508,1050.0,27.055,1.0,2.073
2021-04-02 05:00:00,EDSA-Center,NB,34.743,1047.0,25.981,2.0,3.556
2021-04-02 06:00:00,EDSA-Center,NB,23.232,2486.0,46.167,1.5,3.94
2021-04-02 07:00:00,EDSA-Center,SB,22.671,1977.0,37.429,1.0,2.731
2021-04-02 08:00:00,EDSA-North,SB,24.883,1712.0,36.005,2.0,5.244
2021-04-02 09:00:00,EDSA-North,SB,20.902,1995.0,39.036,1.0,2.464
2021-04-02 10:00:00,EDSA-Center,SB,35.146,1232.0,28.431,1.5,2.544
2021-04-02 11:00:00,EDSA-South,SB,38.544,1291.0,28.085,2.0,3.163
2021-04-02 12:00:00,EDSA-North,NB,28.164,1560.0,32.083,1.0,2.142
2021-04-02 13:00:00,EDSA-South,SB,36.768,1403.0,34.885,1.5,2.348
2021-04-02 14:00:00,EDSA-Center,NB,33.998,1184.0,30.839,1.5,2.514
2021-04-02 15:00:00,EDSA-North,NB,32.263,990.0,28.421,2.0,4.102
2021-04-02 16:00:00,EDSA-Center,SB,23.01,2392.0,41.639,1.5,3.894
2021-04-02 17:00:00,EDSA-North,NB,25.682,2034.0,36.212,1.0,2.946
2021-04-02 18:00:00,EDSA-North,NB,25.117,1982.0,40.681,1.0,2.521
2021-04-02 19:00:00,EDSA-Center,NB,21.595,2025.0,40.796,1.0,2.706
2021-04-02 20:00:00,EDSA-Center,NB,24.627,1875.0,37.532,2.0,5.011
2021-04-02 21:00:00,EDSA-South,SB,37.604,1066.0,26.521,2.0,3.218
2021-04-02 22:00:00,EDSA-North,SB,34.738,1108.0,24.815,1.5,2.926
2021-04-02 23:00:00,EDSA-South,NB,32.921,1282.0,31.472,2.0,3.353
2021-04-03 00:00:00,EDSA-North,NB,31.094,830.0,26.919,2.0,3.409
2021-04-03 01:00:00,EDSA-North,SB,35.514,672.0,21.368,2.0,3.469
2021-04-03 02:00:00,EDSA-South,SB,32.874,611.0,20.505,1.0,2.034
2021-04-03 03:00:00,EDSA-South,NB,29.861,938.0,28.266,1.0,2.081
2021-04-03 04:00:00,EDSA-Center,SB,27.945,913.0,24.217,2.0,4.462
2021-04-03 05:00:00,EDSA-North,NB,35.495,800.0,27.761,1.5,2.667
2021-04-03 06:00:00,EDSA-North,NB,18.36,1766.0,35.789,1.0,2.898
2021-04-03 07:00:00,EDSA-Center,NB,20.991,1920.0,37.006,1.5,4.358
2021-04-03 08:00:00,EDSA-Center,SB,23.719,2100.0,39.944,1.5,4.124
2021-04-03 09:00:00,EDSA-South,NB,16.073,1710.0,34.587,2.0,7.509
2021-04-03 10:00:00,EDSA-North,NB,32.865,916.0,27.786,1.5,2.411
2021-04-03 11:00:00,EDSA-North,NB,32.488,1072.0,29.105,1.0,1.763
2021-04-03 12:00:00,EDSA-South,NB,34.139,760.0,25.92,2.0,3.654
2021-04-03 13:00:00,EDSA-North,SB,36.717,897.0,25.687,1.5,2.9
2021-04-03 14:00:00,EDSA-North,NB,29.012,893.0,24.359,1.0,1.579
2021-04-03 15:00:00,EDSA-Center,NB,34.709,664.0,22.617,1.0,1.819
2021-04-03 16:00:00,EDSA-Center,SB,23.095,1880.0,36.472,1.5,3.664
2021-04-03 17:00:00,EDSA-Center,SB,19.441,1856.0,39.973,2.0,6.299
2021-04-03 18:00:00,EDSA-South,NB,19.588,1950.0,40.129,2.0,6.273
2021-04-03 19:00:00,EDSA-South,SB,21.255,1636.0,34.335,1.0,2.765
2021-04-03 20:00:00,EDSA-North,SB,21.034,1852.0,35.143,1.5,4.437
2021-04-03 21:00:00,EDSA-South,SB,34.747,1149.0,31.292,2.0,3.739
2021-04-03 22:00:00,EDSA-Center,SB,34.684,1274.0,29.924,1.5,2.554
2021-04-03 23:00:00,EDSA-North,SB,30.054,1130.0,27.74,1.0,1.662
2021-04-04 00:00:00,EDSA-South,NB,35.971,688.0,26.013,2.0,3.692
2021-04-04 01:00:00,EDSA-North,NB,36.5,981.0,25.264,2.0,3.495
2021-04-04 02:00:00,EDSA-Center,NB,33.558,813.0,23.712,1.5,2.823
2021-04-04 03:00:00,EDSA-South,NB,28.518,951.0,25.476,2.0,4.035
2021-04-04 04:00:00,EDSA-North,SB,32.656,761.0,21.118,1.5,3.002
2021-04-04 05:00:00,EDSA-North,NB,33.583,592.0,22.435,1.0,2.297
2021-04-04 06:00:00,EDSA-Center,NB,16.566,1788.0,34.737,2.0,7.213
2021-04-04 07:00:00,EDSA-South,SB,18.92,1980.0,37.329,1.0,3.195
2021-04-04 08:00:00,EDSA-North,SB,15.772,1902.0,36.162,1.0,3.538
2021-04-04 09:00:00,EDSA-Center,SB,21.822,1923.0,36.635,1.5,3.944
2021-04-04 10:00:00,EDSA-Center,NB,33.498,939.0,24.12,1.0,1.523
2021-04-04 11:00:00,EDSA-North,NB,28.063,973.0,26.682,1.5,3.24
2021-04-04 12:00:00,EDSA-South,SB,34.054,995.0,26.135,1.5,2.558
2021-04-04 13:00:00,EDSA-South,NB,32.83,851.0,24.877,2.0,3.748
2021-04-04 14:00:00,EDSA-Center,NB,34.549,915.0,30.229,1.0,1.514
2021-04-04 15:00:00,EDSA-North,SB,31.825,1214.0,28.647,1.5,2.786
2021-04-04 16:00:00,EDSA-North,NB,17.596,1876.0,38.479,1.5,4.877
2021-04-04 17:00:00,EDSA-Center,SB,17.687,1858.0,38.501,1.0,3.439
2021-04-04 18:00:00,EDSA-Center,NB,18.385,1869.0,37.062,1.5,4.487
2021-04-04 19:00:00,EDSA-Center,SB,20.056,1811.0,37.072,2.0,6.021
2021-04-04 20:00:00,EDSA-North,SB,20.444,1772.0,36.115,2.0,5.8
2021-04-04 21:00:00,EDSA-Center,SB,32.428,938.0,26.187,1.0,1.896
2021-04-04 22:00:00,EDSA-North,NB,31.73,809.0,23.13,2.0,3.369
2021-04-04 23:00:00,EDSA-South,SB,31.946,874.0,24.06,1.5,2.981
2021-04-05 00:00:00,EDSA-South,SB,42.523,1008.0,26.622,1.0,1.336
2021-04-05 01:00:00,EDSA-Center,SB,32.688,1169.0,24.505,2.0,3.725
2021-04-05 02:00:00,EDSA-North,NB,33.326,1255.0,32.426,1.5,2.233
2021-04-05 03:00:00,EDSA-South,NB,44.882,1112.0,32.108,2.0,2.363
2021-04-05 04:00:00,EDSA-North,NB,36.263,788.0,24.408,1.0,1.557
2021-04-05 05:00:00,EDSA-South,NB,30.86,1256.0,30.778,1.0,2.288
2021-04-05 06:00:00,EDSA-North,SB,24.528,2122.0,42.261,2.0,5.024
2021-04-05 07:00:00,EDSA-Center,SB,19.27,1921.0,35.145,1.0,3.146
2021-04-05 08:00:00,EDSA-North,SB,24.727,2239.0,43.307,1.5,3.409
2021-04-05 09:00:00,EDSA-North,SB,21.367,1848.0,36.102,1.5,3.936
2021-04-05 10:00:00,EDSA-South,SB,33.681,1338.0,34.97,2.0,3.632
2021-04-05 11:00:00,EDSA-South,NB,39.827,1140.0,27.73,1.5,2.435
2021-04-05 12:00:00,EDSA-North,NB,36.699,742.0,25.345,2.0,3.322
2021-04-05 13:00:00,EDSA-South,SB,37.919,1182.0,28.237,2.0,3.592
2021-04-05 14:00:00,EDSA-North,NB,36.305,1077.0,31.778,2.0,3.135
2021-04-05 15:00:00,EDSA-North,NB,33.667,1050.0,26.048,1.5,2.718
2021-04-05 16:00:00,EDSA-North,SB,23.834,1967.0,40.653,1.0,2.094
2021-04-05 17:00:00,EDSA-Center,SB,25.628,2077.0,40.84,1.0,2.394
2021-04-05 18:00:00,EDSA-North,NB,22.404,2013.0,39.654,1.5,4.384
2021-04-05 19:00:00,EDSA-Center,NB,27.405,1766.0,36.465,1.5,3.024
2021-04-05 20:00:00,EDSA-North,NB,24.551,2329.0,41.149,1.0,2.654
2021-04-05 21:00:00,EDSA-North,SB,35.636,1106.0,22.547,2.0,3.728
2021-04-05 22:00:00,EDSA-Center,SB,35.754,1018.0,28.859,1.5,2.345
2021-04-05 23:00:00,EDSA-South,SB,35.412,947.0,24.911,2.0,3.505
2021-04-06 00:00:00,EDSA-South,SB,31.246,1289.0,32.16,1.5,3.275
2021-04-06 01:00:00,EDSA-Center,NB,34.73,916.0,26.241,1.5,2.649
2021-04-06 02:00:00,EDSA-North,SB,35.664,1174.0,30.903,1.0,1.879
2021-04-06 03:00:00,EDSA-South,NB,33.752,1045.0,28.621,1.0,1.334
2021-04-06 04:00:00,EDSA-South,NB,36.013,1055.0,22.208,1.5,2.648
2021-04-06 05:00:00,EDSA-South,SB,35.064,951.0,27.17,1.5,2.696
2021-04-06 06:00:00,EDSA-South,SB,24.321,1988.0,37.879,2.0,4.602
2021-04-06 07:00:00,EDSA-South,NB,23.989,2102.0,42.198,1.5,3.511
2021-04-06 08:00:00,EDSA-South,NB,22.501,2142.0,41.52,1.0,2.817
2021-04-06 09:00:00,EDSA-Center,NB,17.898,1959.0,39.43,2.0,6.629
2021-04-06 10:00:00,EDSA-Center,SB,40.372,1134.0,27.492,1.5,2.507
2021-04-06 11:00:00,EDSA-North,SB,34.574,1310.0,28.239,2.0,3.548
2021-04-06 12:00:00,EDSA-North,NB,34.757,851.0,23.918,2.0,3.467
2021-04-06 13:00:00,EDSA-South,NB,33.972,1149.0,24.612,2.0,3.49
2021-04-06 14:00:00,EDSA-South,NB,33.535,979.0,25.076,1.0,1.862
2021-04-06 15:00:00,EDSA-South,NB,39.632,961.0,23.118,1.5,2.472
2021-04-06 16:00:00,EDSA-North,NB,26.158,2147.0,37.515,1.0,2.427
2021-04-06 17:00:00,EDSA-Center,NB,23.333,2002.0,38.954,2.0,5.037
2021-04-06 18:00:00,EDSA-North,NB,21.677,1881.0,38.399,2.0,5.846
2021-04-06 19:00:00,EDSA-South,SB,23.857,2338.0,42.528,1.0,2.679
2021-04-06 20:00:00,EDSA-North,SB,22.221,2266.0,40.757,1.5,4.146
2021-04-06 21:00:00,EDSA-North,NB,34.429,802.0,22.33,1.5,2.637
2021-04-06 22:00:00,EDSA-Center,SB,36.014,885.0,24.539,1.5,2.624
2021-04-06 23:00:00,EDSA-South,NB,33.677,1257.0,27.809,1.5,2.215
2021-04-07 00:00:00,EDSA-South,SB,35.757,1099.0,27.51,2.0,3.416
2021-04-07 01:00:00,EDSA-North,NB,35.613,1420.0,28.288,2.0,3.78
2021-04-07 02:00:00,EDSA-North,SB,36.809,1261.0,30.903,1.5,2.5
2021-04-07 03:00:00,EDSA-North,NB,33.143,1204.0,27.711,2.0,3.642
2021-04-07 04:00:00,EDSA-North,SB,37.13,966.0,26.862,1.0,1.467
2021-04-07 05:00:00,EDSA-Center,NB,32.281,1238.0,31.017,1.0,1.982
2021-04-07 06:00:00,EDSA-North,SB,20.282,1870.0,37.865,1.0,2.909
2021-04-07 07:00:00,EDSA-North,NB,20.413,2335.0,44.15,2.0,6.206
2021-04-07 08:00:00,EDSA-Center,SB,18.784,2176.0,36.591,1.0,2.978
2021-04-07 09:00:00,EDSA-North,NB,25.047,1952.0,37.157,2.0,4.678
2021-04-07 10:00:00,EDSA-North,SB,32.093,1295.0,32.097,2.0,3.589
2021-04-07 11:00:00,EDSA-North,NB,32.903,1553.0,33.883,2.0,4.106
2021-04-07 12:00:00,EDSA-North,SB,38.766,1111.0,31.471,2.0,3.048
2021-04-07 13:00:00,EDSA-Center,SB,33.288,1249.0,32.773,1.5,2.567
2021-04-07 14:00:00,EDSA-South,SB,34.436,1072.0,27.93,2.0,2.962
2021-04-07 15:00:00,EDSA-South,NB,31.964,1165.0,27.898,2.0,3.526
2021-04-07 16:00:00,EDSA-North,NB,24.499,1829.0,34.813,2.0,5.03
2021-04-07 17:00:00,EDSA-North,NB,24.54,2100.0,38.897,2.0,5.021
2021-04-07 18:00:00,EDSA-Center,SB,24.217,2108.0,39.124,2.0,4.792
2021-04-07 19:00:00,EDSA-Center,SB,23.613,2424.0,42.387,1.5,3.663
2021-04-07 20:00:00,EDSA-South,NB,22.221,1777.0,34.298,2.0,5.865
2021-04-07 21:00:00,EDSA-South,SB,33.427,1099.0,28.447,1.5,3.367
2021-04-07 22:00:00,EDSA-Center,NB,32.555,1382.0,34.285,1.5,3.052
2021-04-07 23:00:00,EDSA-North,SB,38.87,1106.0,29.591,2.0,3.477
2021-04-08 00:00:00,EDSA-North,NB,37.294,1119.0,27.225,1.0,2.052
2021-04-08 01:00:00,EDSA-North,NB,32.92,1000.0,28.528,2.0,4.199
2021-04-08 02:00:00,EDSA-North,NB,35.119,982.0,26.988,1.0,1.633
2021-04-08 03:00:00,EDSA-South,NB,34.1,821.0,24.364,1.5,2.42
2021-04-08 04:00:00,EDSA-North,NB,31.615,1037.0,26.716,1.0,2.356
2021-04-08 05:00:00,EDSA-South,NB,35.533,972.0,25.777,2.0,3.136
2021-04-08 06:00:00,EDSA-Center,NB,20.754,2121.0,41.396,2.0,5.525
2021-04-08 07:00:00,EDSA-Center,NB,19.142,1958.0,38.499,1.0,2.883
2021-04-08 08:00:00,EDSA-Center,SB,17.563,2014.0,37.4,1.0,3.384
2021-04-08 09:00:00,EDSA-South,NB,17.309,2019.0,37.36,1.5,4.704
2021-04-08 10:00:00,EDSA-North,NB,33.886,1141.0,28.737,2.0,3.183
2021-04-08 11:00:00,EDSA-North,SB,34.745,1055.0,27.988,1.0,1.571
2021-04-08 12:00:00,EDSA-Center,SB,32.374,959.0,25.401,2.0,3.408
2021-04-08 13:00:00,EDSA-Center,NB,36.952,1165.0,26.139,1.5,2.701
2021-04-08 14:00:00,EDSA-Center,SB,34.803,1342.0,32.937,1.5,2.588
2021-04-08 15:00:00,EDSA-South,SB,36.731,1173.0,30.568,1.5,2.595
2021-04-08 16:00:00,EDSA-Center,SB,21.451,1990.0,34.613,1.0,2.914
2021-04-08 17:00:00,EDSA-North,NB,19.639,2078.0,42.274,1.5,4.531
2021-04-08 18:00:00,EDSA-North,NB,22.342,1731.0,35.187,1.0,2.933
2021-04-08 19:00:00,EDSA-South,NB,18.212,2075.0,39.941,1.5,5.055
2021-04-08 20:00:00,EDSA-North,SB,23.618,2028.0,41.298,1.0,2.461
2021-04-08 21:00:00,EDSA-Center,SB,32.189,982.0,29.598,1.0,1.443
2021-04-08 22:00:00,EDSA-Center,SB,37.755,1015.0,28.674,1.5,2.514
2021-04-08 23:00:00,EDSA-South,SB,33.985,1076.0,27.858,1.0,1.45
2021-04-09 00:00:00,EDSA-South,NB,38.188,1329.0,27.528,1.0,1.666
2021-04-09 01:00:00,EDSA-Center,NB,31.632,1347.0,26.433,2.0,3.813
2021-04-09 02:00:00,EDSA-North,SB,32.967,983.0,28.06,1.0,1.48
2021-04-09 03:00:00,EDSA-Center,SB,36.143,1057.0,29.837,1.0,1.725
2021-04-09 04:00:00,EDSA-Center,NB,38.511,1061.0,25.576,2.0,3.164
2021-04-09 05:00:00,EDSA-North,NB,40.0,1296.0,29.361,1.0,1.549
2021-04-09 06:00:00,EDSA-Center,SB,22.124,2126.0,39.037,2.0,5.461
2021-04-09 07:00:00,EDSA-North,NB,27.513,2117.0,38.874,1.0,2.018
2021-04-09 08:00:00,EDSA-Center,NB,21.131,2197.0,43.11,1.0,2.987
2021-04-09 09:00:00,EDSA-South,SB,25.296,1993.0,39.052,1.0,2.2
2021-04-09 10:00:00,EDSA-South,NB,32.173,1395.0,30.59,2.0,3.461
2021-04-09 11:00:00,EDSA-North,NB,36.261,1150.0,33.536,1.0,1.823
2021-04-09 12:00:00,EDSA-South,SB,27.975,996.0,23.584,1.0,2.379
2021-04-09 13:00:00,EDSA-North,NB,31.635,1109.0,28.845,2.0,3.945
2021-04-09 14:00:00,EDSA-Center,SB,36.4,1372.0,28.677,1.5,2.421
2021-04-09 15:00:00,EDSA-North,NB,31.063,1073.0,27.03,1.5,2.413
2021-04-09 16:00:00,EDSA-North,NB,23.281,2271.0,42.113,1.0,2.948
2021-04-09 17:00:00,EDSA-North,NB,24.719,1987.0,40.245,1.5,3.152
2021-04-09 18:00:00,EDSA-North,SB,20.496,1962.0,37.743,1.5,4.538
2021-04-09 19:00:00,EDSA-South,NB,19.093,2219.0,40.481,1.5,5.241
2021-04-09 20:00:00,EDSA-North,SB,20.577,1943.0,37.483,1.5,4.411
2021-04-09 21:00:00,EDSA-Center,NB,32.103,1298.0,27.768,1.0,1.942
2021-04-09 22:00:00,EDSA-South,NB,34.696,1213.0,30.217,2.0,3.553
2021-04-09 23:00:00,EDSA-South,SB,35.306,993.0,26.979,2.0,3.448
2021-04-10 00:00:00,EDSA-South,SB,32.082,887.0,26.072,1.0,2.458
2021-04-10 01:00:00,EDSA-North,SB,38.023,801.0,24.075,2.0,2.945
2021-04-10 02:00:00,EDSA-South,NB,30.842,963.0,25.687,1.0,1.703
2021-04-10 03:00:00,EDSA-Center,NB,37.174,1240.0,31.609,1.0,1.532
2021-04-10 04:00:00,EDSA-North,SB,29.876,833.0,26.626,2.0,4.452
2021-04-10 05:00:00,EDSA-Center,NB,33.218,996.0,29.285,1.0,1.662
2021-04-10 06:00:00,EDSA-South,NB,23.549,1854.0,37.771,1.0,2.655
2021-04-10 07:00:00,EDSA-Center,SB,23.394,1854.0,39.73,1.5,4.115
2021-04-10 08:00:00,EDSA-North,SB,18.739,1820.0,35.801,1.0,3.397
2021-04-10 09:00:00,EDSA-South,NB,21.665,1696.0,34.798,1.0,3.024
2021-04-10 10:00:00,EDSA-South,SB,34.264,960.0,28.434,1.0,2.106
2021-04-10 11:00:00,EDSA-South,SB,31.38,848.0,26.439,1.0,1.989
2021-04-10 12:00:00,EDSA-South,NB,34.848,737.0,22.896,2.0,3.329
2021-04-10 13:00:00,EDSA-South,SB,38.587,1083.0,25.357,2.0,3.147
2021-04-10 14:00:00,EDSA-Center,SB,34.415,918.0,25.147,2.0,3.402
2021-04-10 15:00:00,EDSA-North,NB,34.699,859.0,23.508,1.5,3.224
2021-04-10 16:00:00,EDSA-Center,NB,22.016,2091.0,43.198,1.5,3.955
2021-04-10 17:00:00,EDSA-North,NB,15.617,1520.0,34.694,1.0,3.963
2021-04-10 18:00:00,EDSA-Center,SB,21.381,2079.0,38.078,2.0,5.237
2021-04-10 19:00:00,EDSA-Center,NB,16.95,1692.0,33.063,2.0,7.113
2021-04-10 20:00:00,EDSA-South,NB,18.23,1888.0,35.856,1.5,4.865
2021-04-10 21:00:00,EDSA-North,NB,39.486,794.0,23.015,1.0,1.688
2021-04-10 22:00:00,EDSA-North,NB,32.24,734.0,23.106,2.0,3.897
2021-04-10 23:00:00,EDSA-South,NB,30.779,1136.0,30.299,1.0,2.304
2021-04-11 00:00:00,EDSA-North,SB,36.458,1234.0,27.259,1.0,1.98
2021-04-11 01:00:00,EDSA-Center,SB,30.157,860.0,29.471,2.0,3.963
2021-04-11 02:00:00,EDSA-South,NB,31.658,960.0,24.158,2.0,3.554
2021-04-11 03:00:00,EDSA-Center,NB,36.747,910.0,22.65,1.5,2.242
2021-04-11 04:00:00,EDSA-Center,NB,33.128,1211.0,32.309,1.0,1.887
2021-04-11 05:00:00,EDSA-South,SB,28.315,520.0,23.618,1.5,3.218
2021-04-11 06:00:00,EDSA-Center,SB,21.632,1918.0,37.391,2.0,5.612
2021-04-11 07:00:00,EDSA-South,SB,18.811,1719.0,36.233,2.0,6.246
2021-04-11 08:00:00,EDSA-Center,SB,24.62,1426.0,32.911,1.0,2.796
2021-04-11 09:00:00,EDSA-North,NB,18.181,1785.0,36.502,1.5,4.582
2021-04-11 10:00:00,EDSA-Center,NB,36.154,1233.0,26.583,1.0,1.512
2021-04-11 11:00:00,EDSA-North,NB,38.327,782.0,19.028,2.0,2.862
2021-04-11 12:00:00,EDSA-South,SB,30.447,1042.0,25.297,2.0,3.889
2021-04-11 13:00:00,EDSA-Center,NB,32.42,1116.0,31.464,1.5,3.088
2021-04-11 14:00:00,EDSA-Center,NB,34.166,898.0,29.035,1.0,1.684
2021-04-11 15:00:00,EDSA-Center,SB,30.428,922.0,25.076,1.5,2.983
2021-04-11 16:00:00,EDSA-Center,SB,20.811,1541.0,31.506,1.0,3.049
2021-04-11 17:00:00,EDSA-North,NB,19.325,1721.0,36.049,2.0,6.126
2021-04-11 18:00:00,EDSA-North,SB,19.265,2013.0,39.73,2.0,6.325
2021-04-11 19:00:00,EDSA-Center,SB,20.147,1861.0,38.302,1.0,3.041
2021-04-11 20:00:00,EDSA-North,SB,20.214,1916.0,32.681,2.0,5.654
2021-04-11 21:00:00,EDSA-South,SB,33.492,924.0,31.941,2.0,3.467
2021-04-11 22:00:00,EDSA-North,NB,31.204,1295.0,32.152,2.0,3.934
2021-04-11 23:00:00,EDSA-South,SB,31.334,823.0,24.063,1.0,2.235
2021-04-12 00:00:00,EDSA-Center,SB,34.644,1439.0,30.111,1.0,2.052
2021-04-12 01:00:00,EDSA-Center,SB,34.866,1174.0,30.476,1.5,3.105
2021-04-12 02:00:00,EDSA-North,SB,33.683,1455.0,32.723,1.0,1.903
2021-04-12 03:00:00,EDSA-Center,SB,35.972,930.0,25.874,2.0,3.233
2021-04-12 04:00:00,EDSA-South,SB,29.556,1183.0,29.524,1.5,3.029
2021-04-12 05:00:00,EDSA-North,SB,32.809,1079.0,27.185,1.5,2.715
2021-04-12 06:00:00,EDSA-North,SB,21.16,2125.0,40.942,1.0,2.734
2021-04-12 07:00:00,EDSA-Center,SB,19.432,2320.0,43.833,1.0,3.183
2021-04-12 08:00:00,EDSA-North,NB,26.888,2168.0,41.321,2.0,4.57
2021-04-12 09:00:00,EDSA-North,SB,22.057,2320.0,42.958,1.5,3.787
2021-04-12 10:00:00,EDSA-Center,NB,35.53,1029.0,29.623,1.0,1.961
2021-04-12 11:00:00,EDSA-Center,SB,33.55,1002.0,23.328,2.0,3.118
2021-04-12 12:00:00,EDSA-Center,SB,34.953,1153.0,26.663,1.0,1.661
2021-04-12 13:00:00,EDSA-South,SB,31.354,1143.0,28.198,2.0,4.115
2021-04-12 14:00:00,EDSA-South,SB,34.491,1117.0,26.381,1.5,2.761
2021-04-12 15:00:00,EDSA-North,NB,32.189,977.0,25.449,1.5,2.707
2021-04-12 16:00:00,EDSA-Center,NB,21.168,2316.0,44.907,1.0,3.327
2021-04-12 17:00:00,EDSA-North,SB,14.32,2035.0,38.801,1.0,4.08
2021-04-12 18:00:00,EDSA-North,SB,18.616,2357.0,39.144,1.5,4.334
2021-04-12 19:00:00,EDSA-North,SB,26.392,2102.0,39.03,1.5,3.523
2021-04-12 20:00:00,EDSA-Center,SB,24.491,2217.0,41.308,1.5,3.23
2021-04-12 21:00:00,EDSA-South,SB,38.957,1250.0,29.459,1.5,2.102
2021-04-12 22:00:00,EDSA-South,NB,39.163,1002.0,27.631,1.5,2.454
2021-04-12 23:00:00,EDSA-Center,NB,37.019,1216.0,29.934,1.0,1.506
2021-04-13 00:00:00,EDSA-South,SB,33.641,1497.0,31.939,1.5,2.82
2021-04-13 01:00:00,EDSA-North,SB,31.888,1195.0,26.36,2.0,3.474
2021-04-13 02:00:00,EDSA-South,SB,38.44,1312.0,29.208,2.0,3.336
2021-04-13 03:00:00,EDSA-South,SB,35.194,1275.0,28.415,1.5,2.135
2021-04-13 04:00:00,EDSA-North,SB,42.482,1205.0,28.29,1.5,2.448
2021-04-13 05:00:00,EDSA-Center,SB,33.905,1184.0,29.993,1.5,2.536
2021-04-13 06:00:00,EDSA-South,SB,27.919,2199.0,41.791,2.0,4.681
2021-04-13 07:00:00,EDSA-Center,NB,21.53,2237.0,43.078,1.5,3.97
2021-04-13 08:00:00,EDSA-South,SB,26.008,1857.0,36.283,2.0,5.095
2021-04-13 09:00:00,EDSA-South,SB,27.09,2145.0,43.379,1.0,1.975
2021-04-13 10:00:00,EDSA-Center,NB,31.931,1117.0,29.19,1.5,2.37
2021-04-13 11:00:00,EDSA-North,SB,33.545,1080.0,27.639,1.5,2.694
2021-04-13 12:00:00,EDSA-Center,SB,31.901,1383.0,32.114,1.5,3.13
2021-04-13 13:00:00,EDSA-North,SB,31.31,1018.0,25.356,1.5,3.072
2021-04-13 14:00:00,EDSA-Center,NB,37.001,899.0,21.12,1.0,1.912
2021-04-13 15:00:00,EDSA-Center,SB,34.41,1293.0,28.659,1.5,2.818
2021-04-13 16:00:00,EDSA-Center,NB,22.157,1844.0,38.405,1.5,3.857
2021-04-13 17:00:00,EDSA-North,SB,23.669,1753.0,36.02,1.5,3.994
2021-04-13 18:00:00,EDSA-North,SB,16.428,2263.0,41.456,1.5,5.502
2021-04-13 19:00:00,EDSA-South,SB,25.86,2129.0,38.483,1.5,3.303
2021-04-13 20:00:00,EDSA-North,SB,20.953,2185.0,36.917,1.5,4.34
2021-04-13 21:00:00,EDSA-North,NB,36.597,1070.0,30.159,1.5,2.445
2021-04-13 22:00:00,EDSA-South,SB,36.862,901.0,24.943,1.0,1.982
2021-04-13 23:00:00,EDSA-North,SB,39.112,937.0,24.911,2.0,2.939
2021-04-14 00:00:00,EDSA-Center,NB,34.685,1101.0,26.318,2.0,3.319
2021-04-14 01:00:00,EDSA-North,NB,28.629,921.0,28.1,1.5,2.969
2021-04-14 02:00:00,EDSA-North,NB,35.171,1205.0,30.623,2.0,3.886
2021-04-14 03:00:00,EDSA-Center,SB,35.602,1067.0,25.333,1.5,2.367
2021-04-14 04:00:00,EDSA-Center,SB,31.897,1183.0,30.937,1.0,2.205
2021-04-14 05:00:00,EDSA-North,SB,35.442,1178.0,28.256,2.0,3.128
2021-04-14 06:00:00,EDSA-North,SB,20.917,2170.0,39.43,1.0,2.995
2021-04-14 07:00:00,EDSA-North,NB,17.972,2190.0,40.297,1.5,5.073
2021-04-14 08:00:00,EDSA-Center,SB,24.014,2038.0,37.572,1.5,4.056
2021-04-14 09:00:00,EDSA-South,NB,20.309,2133.0,37.589,1.5,4.704
2021-04-14 10:00:00,EDSA-North,NB,33.781,1192.0,30.266,1.0,1.797
2021-04-14 11:00:00,EDSA-North,NB,33.612,713.0,22.756,2.0,3.436
2021-04-14 12:00:00,EDSA-Center,NB,38.706,1266.0,30.798,1.5,2.731
2021-04-14 13:00:00,EDSA-Center,SB,34.877,1177.0,29.11,1.5,2.421
2021-04-14 14:00:00,EDSA-North,SB,35.237,1252.0,30.49,1.5,1.987
2021-04-14 15:00:00,EDSA-North,SB,33.678,918.0,21.469,2.0,3.099
2021-04-14 16:00:00,EDSA-Center,NB,23.389,2043.0,37.463,1.5,3.444
2021-04-14 17:00:00,EDSA-Center,NB,26.048,1904.0,38.729,1.5,3.604
2021-04-14 18:00:00,EDSA-Center,NB,23.944,2234.0,38.842,2.0,5.565
2021-04-14 19:00:00,EDSA-North,SB,24.061,1847.0,37.688,1.5,3.231
2021-04-14 20:00:00,EDSA-South,NB,23.819,1933.0,35.146,1.0,2.323
2021-04-14 21:00:00,EDSA-Center,NB,30.859,1246.0,29.364,1.0,1.967
2021-04-14 22:00:00,EDSA-Center,SB,32.372,1037.0,30.142,1.0,2.24
2021-04-14 23:00:00,EDSA-North,SB,34.385,983.0,27.852,1.0,1.548
2021-04-15 00:00:00,EDSA-South,SB,32.822,1313.0,26.4,1.0,1.976
2021-04-15 01:00:00,EDSA-South,NB,31.806,1321.0,31.884,1.5,2.767
2021-04-15 02:00:00,EDSA-North,SB,29.383,1280.0,33.364,1.5,3.715
2021-04-15 03:00:00,EDSA-South,NB,30.96,1303.0,35.576,1.0,1.974
2021-04-15 04:00:00,EDSA-South,SB,34.23,1108.0,28.696,1.5,2.718
2021-04-15 05:00:00,EDSA-North,NB,34.792,1113.0,25.073,1.5,2.608
2021-04-15 06:00:00,EDSA-South,SB,19.621,1983.0,39.378,1.0,2.954
2021-04-15 07:00:00,EDSA-North,SB,22.237,2130.0,43.389,1.0,2.936
2021-04-15 08:00:00,EDSA-North,SB,20.698,2005.0,38.383,2.0,5.508
2021-04-15 09:00:00,EDSA-North,NB,25.272,2022.0,41.04,1.0,1.874
2021-04-15 10:00:00,EDSA-Center,NB,34.515,1258.0,27.788,1.0,1.701
2021-04-15 11:00:00,EDSA-Center,SB,37.089,1363.0,31.422,1.5,2.63
2021-04-15 12:00:00,EDSA-Center,SB,35.61,1222.0,24.07,1.0,1.54
2021-04-15 13:00:00,EDSA-North,NB,30.794,1473.0,30.039,1.5,2.969
2021-04-15 14:00:00,EDSA-North,NB,34.728,1023.0,26.752,2.0,3.15
2021-04-15 15:00:00,EDSA-South,NB,31.293,819.0,23.694,1.5,3.142
2021-04-15 16:00:00,EDSA-South,NB,21.676,2229.0,38.728,1.0,2.931
2021-04-15 17:00:00,EDSA-South,NB,19.765,1961.0,37.253,2.0,6.076
2021-04-15 18:00:00,EDSA-North,NB,23.146,2051.0,39.943,1.0,2.634
2021-04-15 19:00:00,EDSA-South,NB,17.973,1781.0,36.014,1.0,2.99
2021-04-15 20:00:00,EDSA-South,NB,22.044,1938.0,38.111,1.0,2.385
2021-04-15 21:00:00,EDSA-Center,SB,36.717,880.0,26.579,1.0,1.604
2021-04-15 22:00:00,EDSA-North,NB,37.723,1072.0,26.64,2.0,3.31
2021-04-15 23:00:00,EDSA-South,NB,32.707,1079.0,30.127,2.0,3.81
2021-04-16 00:00:00,EDSA-Center,NB,35.053,1166.0,26.433,1.5,2.477
2021-04-16 01:00:00,EDSA-North,SB,35.552,1373.0,34.647,2.0,3.562
2021-04-16 02:00:00,EDSA-North,NB,39.641,1272.0,31.852,2.0,3.382
2021-04-16 03:00:00,EDSA-Center,NB,30.556,858.0,24.155,1.5,2.923
2021-04-16 04:00:00,EDSA-North,NB,32.267,1259.0,28.905,2.0,3.796
2021-04-16 05:00:00,EDSA-North,NB,43.413,1170.0,28.87,1.5,2.021
2021-04-16 06:00:00,EDSA-Center,NB,21.181,2082.0,40.845,2.0,5.634
2021-04-16 07:00:00,EDSA-South,NB,16.327,2096.0,41.992,2.0,7.392
2021-04-16 08:00:00,EDSA-North,SB,20.252,2137.0,37.592,2.0,6.351
2021-04-16 09:00:00,EDSA-Center,NB,13.693,1975.0,39.293,1.5,6.801
2021-04-16 10:00:00,EDSA-South,NB,35.723,1117.0,23.615,1.5,2.726
2021-04-16 11:00:00,EDSA-South,SB,37.429,1363.0,30.321,1.0,1.49
2021-04-16 12:00:00,EDSA-South,SB,32.265,1023.0,29.676,1.5,2.565
2021-04-16 13:00:00,EDSA-North,SB,33.588,965.0,23.258,1.0,1.884
2021-04-16 14:00:00,EDSA-South,NB,37.771,1139.0,24.899,1.5,2.694
2021-04-16 15:00:00,EDSA-South,NB,29.749,946.0,26.326,1.0,2.448
2021-04-16 16:00:00,EDSA-North,NB,18.035,1790.0,39.059,1.5,4.377
2021-04-16 17:00:00,EDSA-Center,SB,21.316,2038.0,39.788,2.0,6.241
2021-04-16 18:00:00,EDSA-Center,NB,19.743,2361.0,39.039,1.0,3.143
2021-04-16 19:00:00,EDSA-Center,SB,21.118,2093.0,36.404,1.5,4.489
2021-04-16 20:00:00,EDSA-North,SB,18.209,2132.0,40.415,1.0,2.86
2021-04-16 21:00:00,EDSA-South,SB,35.643,767.0,21.457,1.0,1.624
2021-04-16 22:00:00,EDSA-South,NB,34.552,1229.0,29.405,1.0,1.942
2021-04-16 23:00:00,EDSA-Center,SB,36.648,1167.0,28.81,1.0,1.344
2021-04-17 00:00:00,EDSA-South,NB,33.601,780.0,22.994,1.5,1.956
2021-04-17 01:00:00,EDSA-Center,SB,33.62,932.0,29.352,1.0,1.869
2021-04-17 02:00:00,EDSA-South,SB,28.661,931.0,26.883,2.0,4.174
2021-04-17 03:00:00,EDSA-Center,SB,34.478,709.0,25.58,2.0,3.841
2021-04-17 04:00:00,EDSA-Center,NB,32.007,960.0,27.878,1.0,1.835
2021-04-17 05:00:00,EDSA-North,SB,32.5,1115.0,27.528,2.0,3.671
2021-04-17 06:00:00,EDSA-Center,NB,23.145,1809.0,36.114,1.5,4.063
2021-04-17 07:00:00,EDSA-North,NB,17.842,1694.0,34.584,1.5,5.303
2021-04-17 08:00:00,EDSA-North,NB,24.054,1818.0,37.97,2.0,4.812
2021-04-17 09:00:00,EDSA-North,SB,24.333,2004.0,37.443,2.0,5.168
2021-04-17 10:00:00,EDSA-South,SB,35.258,679.0,26.262,1.0,1.571
2021-04-17 11:00:00,EDSA-North,NB,30.058,1004.0,25.056,1.0,2.0
2021-04-17 12:00:00,EDSA-South,SB,26.441,778.0,24.375,1.5,3.571
2021-04-17 13:00:00,EDSA-South,SB,36.237,944.0,25.393,1.5,2.695
2021-04-17 14:00:00,EDSA-North,NB,33.334,798.0,23.28,2.0,3.679
2021-04-17 15:00:00,EDSA-Center,SB,30.764,798.0,28.521,1.5,2.655
2021-04-17 16:00:00,EDSA-Center,SB,23.521,2124.0,39.25,1.5,3.359
2021-04-17 17:00:00,EDSA-Center,NB,17.415,1596.0,33.449,1.0,3.398
2021-04-17 18:00:00,EDSA-South,NB,18.728,1937.0,36.651,1.5,5.049
2021-04-17 19:00:00,EDSA-Center,SB,21.575,2162.0,40.641,1.5,4.284
2021-04-17 20:00:00,EDSA-Center,NB,16.659,1973.0,38.191,1.5,5.463
2021-04-17 21:00:00,EDSA-Center,SB,32.672,660.0,20.356,2.0,3.671
2021-04-17 22:00:00,EDSA-South,NB,36.267,669.0,21.848,1.5,2.559
2021-04-17 23:00:00,EDSA-Center,NB,33.633,765.0,25.014,1.0,1.535
2021-04-18 00:00:00,EDSA-Center,NB,36.742,928.0,27.731,2.0,3.461
2021-04-18 01:00:00,EDSA-South,SB,36.401,941.0,25.866,1.5,2.684
2021-04-18 02:00:00,EDSA-South,SB,33.023,671.0,22.836,1.5,2.637
2021-04-18 03:00:00,EDSA-South,SB,25.99,743.0,22.821,2.0,4.726
2021-04-18 04:00:00,EDSA-South,NB,29.683,754.0,22.665,1.5,2.603
2021-04-18 05:00:00,EDSA-Center,SB,35.29,867.0,23.137,2.0,3.445
2021-04-18 06:00:00,EDSA-South,SB,15.349,2207.0,37.97,2.0,7.785
2021-04-18 07:00:00,EDSA-North,NB,19.02,1682.0,33.638,1.5,5.047
2021-04-18 08:00:00,EDSA-North,SB,21.015,1674.0,36.761,2.0,5.66
2021-04-18 09:00:00,EDSA-Center,NB,24.409,1646.0,33.781,1.0,2.675
2021-04-18 10:00:00,EDSA-South,SB,31.275,1014.0,25.974,2.0,3.739
2021-04-18 11:00:00,EDSA-Center,SB,31.07,893.0,24.533,2.0,3.291
2021-04-18 12:00:00,EDSA-Center,NB,32.843,739.0,25.984,1.0,1.771
2021-04-18 13:00:00,EDSA-Center,NB,34.053,835.0,22.742,1.0,1.811
2021-04-18 14:00:00,EDSA-North,SB,32.537,758.0,24.266,1.0,1.882
2021-04-18 15:00:00,EDSA-Center,NB,36.148,953.0,25.826,1.0,1.701
2021-04-18 16:00:00,EDSA-Center,NB,17.603,2333.0,42.668,2.0,6.691
2021-04-18 17:00:00,EDSA-Center,NB,20.36,1949.0,38.604,1.0,2.866
2021-04-18 18:00:00,EDSA-Center,SB,21.336,1833.0,36.897,1.0,2.531
2021-04-18 19:00:00,EDSA-North,NB,18.799,1730.0,37.185,1.5,4.288
2021-04-18 20:00:00,EDSA-South,NB,22.519,1608.0,34.136,1.5,3.97
2021-04-18 21:00:00,EDSA-Center,SB,33.447,1032.0,30.357,1.5,2.505
2021-04-18 22:00:00,EDSA-North,NB,35.367,1022.0,26.845,1.5,2.815
2021-04-18 23:00:00,EDSA-Center,SB,33.582,816.0,20.978,2.0,3.028
2021-04-19 00:00:00,EDSA-Center,SB,36.129,1368.0,32.013,1.5,2.564
2021-04-19 01:00:00,EDSA-North,SB,33.103,1154.0,29.053,1.5,3.249
2021-04-19 02:00:00,EDSA-North,NB,33.108,1289.0,29.894,1.0,1.767
2021-04-19 03:00:00,EDSA-North,SB,38.673,1203.0,28.319,2.0,3.102
2021-04-19 04:00:00,EDSA-Center,SB,36.907,1118.0,23.629,1.0,1.732
2021-04-19 05:00:00,EDSA-South,NB,31.931,978.0,22.355,1.5,2.945
2021-04-19 06:00:00,EDSA-South,NB,22.543,2074.0,42.844,2.0,5.221
2021-04-19 07:00:00,EDSA-Center,NB,14.879,2252.0,40.422,1.5,5.797
2021-04-19 08:00:00,EDSA-South,NB,20.278,2009.0,40.729,1.5,4.601
2021-04-19 09:00:00,EDSA-North,NB,24.883,2179.0,37.554,1.0,1.934
2021-04-19 10:00:00,EDSA-South,NB,34.625,955.0,23.89,2.0,3.674
2021-04-19 11:00:00,EDSA-Center,NB,35.354,1290.0,31.197,1.0,1.599
2021-04-19 12:00:00,EDSA-South,NB,25.951,1206.0,28.668,2.0,4.625
2021-04-19 13:00:00,EDSA-South,NB,33.823,934.0,26.812,1.5,2.529
2021-04-19 14:00:00,EDSA-Center,SB,36.015,1110.0,27.734,1.5,2.857
2021-04-19 15:00:00,EDSA-North,NB,36.396,1318.0,29.738,2.0,3.359
2021-04-19 16:00:00,EDSA-Center,NB,24.887,1873.0,35.884,2.0,4.741
2021-04-19 17:00:00,EDSA-South,NB,21.369,1907.0,35.245,1.0,2.72
2021-04-19 18:00:00,EDSA-South,NB,21.503,2087.0,42.512,1.5,4.148
2021-04-19 19:00:00,EDSA-South,NB,18.004,2484.0,47.401,1.5,5.598
2021-04-19 20:00:00,EDSA-North,NB,21.386,1979.0,36.38,1.0,2.476
2021-04-19 21:00:00,EDSA-Center,SB,31.215,1239.0,27.042,1.5,3.154
2021-04-19 22:00:00,EDSA-North,SB,29.456,1197.0,28.068,1.0,2.179
2021-04-19 23:00:00,EDSA-South,SB,31.744,1044.0,27.686,1.5,3.22
2021-04-20 00:00:00,EDSA-South,SB,39.526,1179.0,28.195,1.0,1.675
2021-04-20 01:00:00,EDSA-North,SB,34.188,1069.0,28.297,1.0,1.756
2021-04-20 02:00:00,EDSA-Center,NB,35.66,1086.0,27.386,2.0,3.62
2021-04-20 03:00:00,EDSA-South,SB,33.46,851.0,24.557,1.0,1.851
2021-04-20 04:00:00,EDSA-South,SB,29.628,1146.0,33.001,1.0,2.214
2021-04-20 05:00:00,EDSA-Center,SB,37.808,1312.0,29.036,1.0,1.944
2021-04-20 06:00:00,EDSA-North,SB,15.483,2110.0,43.249,1.0,3.898
2021-04-20 07:00:00,EDSA-South,NB,20.336,2296.0,45.001,2.0,5.795
2021-04-20 08:00:00,EDSA-South,SB,21.836,2204.0,42.059,2.0,5.335
2021-04-20 09:00:00,EDSA-Center,SB,22.691,2089.0,35.874,2.0,5.401
2021-04-20 10:00:00,EDSA-South,NB,32.821,1037.0,26.987,2.0,3.437
2021-04-20 11:00:00,EDSA-North,NB,29.486,1062.0,26.189,1.0,1.947
2021-04-20 12:00:00,EDSA-Center,SB,32.597,885.0,25.221,1.5,2.519
2021-04-20 13:00:00,EDSA-North,NB,32.754,1102.0,25.546,1.0,1.959
2021-04-20 14:00:00,EDSA-South,NB,32.681,1176.0,30.04,1.0,1.648
2021-04-20 15:00:00,EDSA-South,NB,37.91,1459.0,33.746,1.5,2.052
2021-04-20 16:00:00,EDSA-South,SB,18.359,2195.0,43.284,2.0,6.259
2021-04-20 17:00:00,EDSA-Center,NB,22.903,1944.0,37.295,1.0,2.477
2021-04-20 18:00:00,EDSA-North,NB,22.475,1841.0,34.752,1.0,2.55
2021-04-20 19:00:00,EDSA-North,NB,24.881,2063.0,40.126,2.0,4.886
2021-04-20 20:00:00,EDSA-Center,NB,21.601,2246.0,45.043,1.0,2.737
2021-04-20 21:00:00,EDSA-South,SB,37.373,1110.0,27.907,1.5,2.501
2021-04-20 22:00:00,EDSA-North,SB,34.483,1248.0,30.252,1.0,1.853
2021-04-20 23:00:00,EDSA-South,SB,36.303,1117.0,27.38,2.0,3.491
2021-04-21 00:00:00,EDSA-North,SB,30.491,1279.0,28.702,1.5,2.475
2021-04-21 01:00:00,EDSA-Center,SB,27.085,862.0,26.235,1.0,1.933
2021-04-21 02:00:00,EDSA-North,NB,36.133,1439.0,31.334,1.0,1.799
2021-04-21 03:00:00,EDSA-Center,SB,36.294,950.0,26.729,2.0,3.359
2021-04-21 04:00:00,EDSA-Center,NB,36.427,1293.0,30.883,2.0,3.539
2021-04-21 05:00:00,EDSA-North,SB,33.425,1101.0,28.357,2.0,3.204
2021-04-21 06:00:00,EDSA-Center,SB,26.469,2079.0,40.726,1.0,2.148
2021-04-21 07:00:00,EDSA-South,NB,20.62,2057.0,37.645,2.0,5.745
2021-04-21 08:00:00,EDSA-South,SB,23.263,2146.0,38.551,1.5,3.911
2021-04-21 09:00:00,EDSA-North,SB,23.784,2182.0,40.712,2.0,5.054
2021-04-21 10:00:00,EDSA-South,NB,40.156,1341.0,30.379,1.5,2.359
2021-04-21 11:00:00,EDSA-South,SB,34.049,1403.0,30.095,1.5,2.615
2021-04-21 12:00:00,EDSA-South,NB,33.04,1210.0,29.394,1.5,3.067
2021-04-21 13:00:00,EDSA-Center,NB,30.506,1458.0,33.589,1.0,2.39
2021-04-21 14:00:00,EDSA-South,NB,39.657,1167.0,30.792,2.0,2.746
2021-04-21 15:00:00,EDSA-Center,NB,36.264,1344.0,33.28,1.5,2.493
2021-04-21 16:00:00,EDSA-North,SB,23.359,2177.0,38.108,1.0,2.768
2021-04-21 17:00:00,EDSA-North,SB,31.35,2001.0,36.387,2.0,3.974
2021-04-21 18:00:00,EDSA-South,SB,22.975,2133.0,39.646,1.0,2.51
2021-04-21 19:00:00,EDSA-North,SB,18.093,2191.0,41.052,2.0,6.696
2021-04-21 20:00:00,EDSA-Center,SB,21.412,2094.0,39.307,1.0,2.406
2021-04-21 21:00:00,EDSA-South,NB,32.076,1224.0,27.974,1.5,2.801
2021-04-21 22:00:00,EDSA-North,NB,33.812,1306.0,29.407,1.5,2.297
2021-04-21 23:00:00,EDSA-Center,SB,33.792,1146.0,29.143,2.0,3.678
2021-04-22 00:00:00,EDSA-North,SB,33.239,620.0,19.472,1.0,1.526
2021-04-22 01:00:00,EDSA-Center,NB,30.82,1452.0,36.386,1.0,1.988
2021-04-22 02:00:00,EDSA-North,SB,39.778,1096.0,27.651,1.0,1.588
2021-04-22 03:00:00,EDSA-South,NB,35.897,1002.0,28.623,1.0,1.69
2021-04-22 04:00:00,EDSA-North,NB,34.324,948.0,24.738,1.5,2.464
2021-04-22 05:00:00,EDSA-South,NB,37.273,1089.0,28.677,1.5,2.362
2021-04-22 06:00:00,EDSA-South,NB,23.413,1999.0,38.885,2.0,5.421
2021-04-22 07:00:00,EDSA-South,NB,22.827,1967.0,40.038,1.5,3.837
2021-04-22 08:00:00,EDSA-South,SB,24.055,1977.0,38.041,1.5,3.747
2021-04-22 09:00:00,EDSA-North,SB,22.402,2195.0,44.05,1.0,2.539
2021-04-22 10:00:00,EDSA-South,SB,37.011,1515.0,29.444,1.0,1.876
2021-04-22 11:00:00,EDSA-Center,NB,37.259,1298.0,31.822,2.0,3.24
2021-04-22 12:00:00,EDSA-South,SB,35.488,1352.0,30.786,1.5,2.345
2021-04-22 13:00:00,EDSA-South,SB,34.339,1082.0,25.407,1.5,2.623
2021-04-22 14:00:00,EDSA-Center,NB,39.591,1169.0,32.346,1.5,2.213
2021-04-22 15:00:00,EDSA-Center,NB,33.566,1227.0,32.805,1.5,3.029
2021-04-22 16:00:00,EDSA-North,NB,23.174,1981.0,34.337,2.0,5.167
2021-04-22 17:00:00,EDSA-North,SB,23.242,2023.0,39.322,1.0,2.236
2021-04-22 18:00:00,EDSA-Center,SB,20.171,2254.0,43.03,1.5,4.586
2021-04-22 19:00:00,EDSA-South,SB,19.577,2296.0,42.99,1.0,3.511
2021-04-22 20:00:00,EDSA-Center,SB,20.938,2112.0,43.021,1.0,3.165
2021-04-22 21:00:00,EDSA-Center,SB,33.523,935.0,28.366,2.0,3.304
2021-04-22 22:00:00,EDSA-North,NB,30.626,1097.0,28.143,2.0,3.851
2021-04-22 23:00:00,EDSA-Center,SB,33.046,891.0,29.796,2.0,3.624
2021-04-23 00:00:00,EDSA-Center,NB,35.799,1164.0,30.254,1.0,1.671
2021-04-23 01:00:00,EDSA-South,SB,38.798,1196.0,28.051,1.0,1.642
2021-04-23 02:00:00,EDSA-South,SB,36.663,1101.0,26.56,1.5,2.369
2021-04-23 03:00:00,EDSA-Center,SB,27.201,1194.0,31.212,2.0,4.183
2021-04-23 04:00:00,EDSA-South,NB,36.924,1225.0,27.502,2.0,3.488
2021-04-23 05:00:00,EDSA-Center,SB,33.326,1196.0,27.937,2.0,3.32
2021-04-23 06:00:00,EDSA-South,SB,23.359,1884.0,36.884,2.0,4.937
2021-04-23 07:00:00,EDSA-Center,SB,21.958,2054.0,40.037,2.0,5.183
2021-04-23 08:00:00,EDSA-North,SB,21.422,2174.0,40.311,1.0,2.954
2021-04-23 09:00:00,EDSA-Center,NB,21.693,2384.0,40.484,1.5,4.175
2021-04-23 10:00:00,EDSA-North,NB,34.933,1101.0,29.986,1.5,2.797
2021-04-23 11:00:00,EDSA-North,NB,39.033,1249.0,28.556,1.5,2.109
2021-04-23 12:00:00,EDSA-South,SB,34.941,1308.0,34.083,2.0,3.121
2021-04-23 13:00:00,EDSA-South,NB,38.257,1115.0,28.426,2.0,3.026
2021-04-23 14:00:00,EDSA-North,SB,37.82,1357.0,33.137,1.5,2.334
2021-04-23 15:00:00,EDSA-South,NB,37.001,1366.0,31.975,1.5,2.485
2021-04-23 16:00:00,EDSA-North,SB,16.64,2348.0,45.338,2.0,6.791
2021-04-23 17:00:00,EDSA-North,NB,25.35,2183.0,41.94,1.0,2.487
2021-04-23 18:00:00,EDSA-South,SB,20.626,2525.0,45.206,1.0,2.685
2021-04-23 19:00:00,EDSA-North,NB,24.147,1989.0,40.763,1.5,3.565
2021-04-23 20:00:00,EDSA-South,NB,19.082,2482.0,49.219,1.0,3.438
2021-04-23 21:00:00,EDSA-South,SB,31.445,1288.0,29.276,1.5,2.316
2021-04-23 22:00:00,EDSA-North,NB,40.929,1391.0,32.589,1.5,2.28
2021-04-23 23:00:00,EDSA-North,NB,32.129,1092.0,27.552,1.5,2.881
2021-04-24 00:00:00,EDSA-South,NB,36.438,1052.0,28.11,1.5,2.265
2021-04-24 01:00:00,EDSA-Center,SB,33.355,1157.0,28.388,2.0,3.486
2021-04-24 02:00:00,EDSA-Center,NB,31.74,704.0,18.784,1.0,2.196
2021-04-24 03:00:00,EDSA-Center,NB,32.866,871.0,24.612,1.5,3.229
2021-04-24 04:00:00,EDSA-Center,SB,29.097,515.0,22.917,2.0,4.39
2021-04-24 05:00:00,EDSA-South,SB,32.959,868.0,23.45,1.0,2.292
2021-04-24 06:00:00,EDSA-Center,NB,16.752,1703.0,37.128,1.5,5.2
2021-04-24 07:00:00,EDSA-North,NB,18.814,1811.0,36.891,2.0,5.983
2021-04-24 08:00:00,EDSA-Center,NB,22.776,2376.0,42.644,1.5,3.938
2021-04-24 09:00:00,EDSA-South,NB,20.763,2159.0,42.342,1.0,3.091
2021-04-24 10:00:00,EDSA-North,SB,28.553,641.0,23.732,1.0,1.638
2021-04-24 11:00:00,EDSA-Center,NB,35.554,1000.0,27.341,1.0,1.456
2021-04-24 12:00:00,EDSA-South,SB,32.979,1044.0,29.036,1.0,1.616
2021-04-24 13:00:00,EDSA-Center,SB,31.373,839.0,25.057,2.0,3.914
2021-04-24 14:00:00,EDSA-North,NB,35.24,932.0,22.43,1.0,1.76
2021-04-24 15:00:00,EDSA-North,NB,32.498,950.0,25.165,2.0,3.499
2021-04-24 16:00:00,EDSA-Center,NB,16.503,1608.0,30.579,2.0,7.316
2021-04-24 17:00:00,EDSA-Center,SB,25.543,1664.0,36.155,2.0,4.412
2021-04-24 18:00:00,EDSA-South,SB,19.948,1881.0,39.124,2.0,5.909
2021-04-24 19:00:00,EDSA-Center,NB,19.756,1868.0,39.064,1.5,4.239
2021-04-24 20:00:00,EDSA-South,NB,18.785,1722.0,36.486,2.0,6.351
2021-04-24 21:00:00,EDSA-North,SB,36.54,757.0,25.641,1.5,2.263
2021-04-24 22:00:00,EDSA-Center,NB,31.425,884.0,22.011,1.0,2.082
2021-04-24 23:00:00,EDSA-North,NB,28.365,1060.0,26.969,2.0,4.224
2021-04-25 00:00:00,EDSA-Center,NB,30.964,886.0,22.362,2.0,3.819
2021-04-25 01:00:00,EDSA-North,SB,36.98,1192.0,27.992,2.0,3.687
2021-04-25 02:00:00,EDSA-Center,SB,35.496,775.0,27.142,1.5,2.631
2021-04-25 03:00:00,EDSA-Center,NB,32.235,935.0,27.936,1.0,1.769
2021-04-25 04:00:00,EDSA-North,NB,37.12,836.0,25.941,1.5,2.279
2021-04-25 05:00:00,EDSA-North,NB,35.244,1006.0,26.204,2.0,3.11
2021-04-25 06:00:00,EDSA-Center,SB,19.2,1709.0,33.37,2.0,6.233
2021-04-25 07:00:00,EDSA-South,NB,19.502,2197.0,41.339,1.5,4.692
2021-04-25 08:00:00,EDSA-North,NB,20.988,1546.0,35.697,2.0,5.239
2021-04-25 09:00:00,EDSA-Center,NB,17.504,2159.0,41.346,1.0,3.087
2021-04-25 10:00:00,EDSA-North,SB,33.014,916.0,22.365,1.5,2.597
2021-04-25 11:00:00,EDSA-South,NB,33.926,999.0,26.703,1.0,1.494
2021-04-25 12:00:00,EDSA-Center,SB,27.939,1140.0,24.286,2.0,4.306
2021-04-25 13:00:00,EDSA-South,SB,32.432,1054.0,28.734,1.0,1.896
2021-04-25 14:00:00,EDSA-North,SB,32.091,769.0,22.453,1.5,2.774
2021-04-25 15:00:00,EDSA-North,NB,36.084,1008.0,24.146,2.0,3.463
2021-04-25 16:00:00,EDSA-Center,NB,14.467,2186.0,42.477,1.0,4.001
2021-04-25 17:00:00,EDSA-Center,NB,18.855,1690.0,36.257,1.5,4.762
2021-04-25 18:00:00,EDSA-South,NB,18.555,2231.0,41.825,1.0,2.983
2021-04-25 19:00:00,EDSA-South,SB,22.88,1919.0,42.157,2.0,5.316
2021-04-25 20:00:00,EDSA-South,NB,19.869,1772.0,37.348,2.0,6.058
2021-04-25 21:00:00,EDSA-Center,NB,38.388,739.0,22.211,1.0,1.263
2021-04-25 22:00:00,EDSA-Center,SB,34.987,860.0,25.926,1.5,2.534
2021-04-25 23:00:00,EDSA-Center,NB,31.769,548.0,20.73,2.0,3.768
2021-04-26 00:00:00,EDSA-North,NB,35.719,1075.0,29.899,1.0,1.75
2021-04-26 01:00:00,EDSA-Center,SB,33.938,1103.0,28.243,1.5,2.731
2021-04-26 02:00:00,EDSA-Center,SB,37.578,957.0,26.761,1.0,1.416
2021-04-26 03:00:00,EDSA-North,SB,31.003,1285.0,26.888,2.0,4.061
2021-04-26 04:00:00,EDSA-North,NB,32.529,1111.0,27.895,1.5,2.898
2021-04-26 05:00:00,EDSA-Center,SB,36.367,1036.0,26.796,1.5,2.294
2021-04-26 06:00:00,EDSA-Center,SB,25.677,2041.0,37.128,2.0,4.388
2021-04-26 07:00:00,EDSA-South,NB,15.394,2164.0,40.142,2.0,7.633
2021-04-26 08:00:00,EDSA-Center,NB,26.123,2113.0,40.873,1.0,1.929
2021-04-26 09:00:00,EDSA-South,SB,21.58,1974.0,38.39,1.5,4.223
2021-04-26 10:00:00,EDSA-Center,NB,29.348,1173.0,25.661,1.0,2.34
2021-04-26 11:00:00,EDSA-North,NB,25.995,1141.0,27.574,1.5,3.818
2021-04-26 12:00:00,EDSA-North,SB,30.412,945.0,24.93,2.0,3.673
2021-04-26 13:00:00,EDSA-South,SB,34.941,1098.0,28.015,2.0,3.631
2021-04-26 14:00:00,EDSA-Center,NB,34.802,1254.0,29.595,2.0,3.469
2021-04-26 15:00:00,EDSA-North,SB,36.9,1253.0,28.586,1.5,1.84
2021-04-26 16:00:00,EDSA-Center,SB,20.352,2059.0,38.473,2.0,5.813
2021-04-26 17:00:00,EDSA-South,SB,18.676,2222.0,41.385,2.0,6.314
2021-04-26 18:00:00,EDSA-Center,NB,20.761,1924.0,39.747,1.5,4.638
2021-04-26 19:00:00,EDSA-North,NB,22.101,1929.0,38.443,1.0,2.497
2021-04-26 20:00:00,EDSA-North,SB,22.692,2055.0,42.176,1.0,2.785
2021-04-26 21:00:00,EDSA-South,NB,32.633,1420.0,33.591,1.5,2.731
2021-04-26 22:00:00,EDSA-South,SB,37.704,1179.0,31.556,2.0,2.821
2021-04-26 23:00:00,EDSA-South,SB,33.136,1100.0,30.392,2.0,3.483
2021-04-27 00:00:00,EDSA-South,NB,32.391,1428.0,34.547,1.0,2.235
2021-04-27 01:00:00,EDSA-North,SB,33.373,1098.0,25.325,2.0,3.552
2021-04-27 02:00:00,EDSA-North,SB,38.225,1552.0,34.146,2.0,3.366
2021-04-27 03:00:00,EDSA-North,SB,34.602,1058.0,29.603,1.5,2.814
2021-04-27 04:00:00,EDSA-North,SB,32.916,968.0,28.929,1.5,2.622
2021-04-27 05:00:00,EDSA-South,SB,37.778,1120.0,26.339,1.5,2.061
2021-04-27 06:00:00,EDSA-South,SB,28.428,2055.0,40.649,2.0,3.933
2021-04-27 07:00:00,EDSA-North,SB,22.629,1955.0,38.328,2.0,5.666
2021-04-27 08:00:00,EDSA-South,SB,25.702,2568.0,48.93,1.0,2.372
2021-04-27 09:00:00,EDSA-Center,NB,25.108,2157.0,37.735,1.5,3.151
2021-04-27 10:00:00,EDSA-North,NB,33.183,1234.0,27.647,1.0,2.017
2021-04-27 11:00:00,EDSA-South,NB,35.08,1067.0,23.648,2.0,2.974
2021-04-27 12:00:00,EDSA-South,SB,31.152,1046.0,27.318,1.5,2.682
2021-04-27 13:00:00,EDSA-Center,NB,34.385,1335.0,34.876,1.0,1.765
2021-04-27 14:00:00,EDSA-South,SB,33.121,848.0,24.667,1.0,2.442
2021-04-27 15:00:00,EDSA-Center,NB,33.791,944.0,26.061,1.0,1.98
2021-04-27 16:00:00,EDSA-South,NB,19.75,2055.0,40.439,1.5,4.436
2021-04-27 17:00:00,EDSA-Center,NB,21.139,2343.0,42.414,2.0,5.684
2021-04-27 18:00:00,EDSA-South,SB,23.597,2033.0,39.807,1.0,2.773
2021-04-27 19:00:00,EDSA-North,SB,21.642,2175.0,41.496,1.5,4.514
2021-04-27 20:00:00,EDSA-North,SB,16.407,2105.0,38.216,1.5,5.424
2021-04-27 21:00:00,EDSA-South,SB,32.762,1383.0,30.72,1.5,2.692
2021-04-27 22:00:00,EDSA-North,NB,30.442,865.0,26.428,2.0,3.734
2021-04-27 23:00:00,EDSA-North,SB,35.732,1282.0,31.606,1.0,1.845
2021-04-28 00:00:00,EDSA-South,NB,36.51,1114.0,30.41,1.5,2.722
2021-04-28 01:00:00,EDSA-North,NB,35.77,1316.0,30.81,2.0,2.87
2021-04-28 02:00:00,EDSA-Center,SB,32.638,1003.0,27.241,2.0,3.578
2021-04-28 03:00:00,EDSA-North,SB,35.741,1154.0,29.776,1.5,2.215
2021-04-28 04:00:00,EDSA-North,NB,33.59,1132.0,26.823,1.5,2.717
2021-04-28 05:00:00,EDSA-South,SB,31.585,970.0,24.878,2.0,3.49
2021-04-28 06:00:00,EDSA-North,NB,24.226,1870.0,36.95,1.5,3.385
2021-04-28 07:00:00,EDSA-North,SB,24.454,1996.0,36.099,1.5,3.961
2021-04-28 08:00:00,EDSA-South,SB,24.847,2123.0,40.933,1.5,3.581
2021-04-28 09:00:00,EDSA-South,SB,20.175,1964.0,40.381,1.5,4.446
2021-04-28 10:00:00,EDSA-North,SB,38.538,1091.0,26.122,2.0,3.222
2021-04-28 11:00:00,EDSA-South,SB,33.519,811.0,25.192,1.0,2.033
2021-04-28 12:00:00,EDSA-Center,NB,36.961,1083.0,26.199,1.0,1.519
2021-04-28 13:00:00,EDSA-South,SB,33.467,1334.0,28.311,1.5,2.59
2021-04-28 14:00:00,EDSA-North,NB,34.328,1277.0,33.796,2.0,3.398
2021-04-28 15:00:00,EDSA-South,NB,27.736,1134.0,26.041,1.0,2.434
2021-04-28 16:00:00,EDSA-Center,SB,21.094,2144.0,37.796,2.0,5.672
2021-04-28 17:00:00,EDSA-South,SB,22.273,1951.0,38.565,1.0,2.621
2021-04-28 18:00:00,EDSA-Center,NB,20.77,2392.0,43.75,1.5,4.431
2021-04-28 19:00:00,EDSA-South,NB,27.269,2472.0,45.465,1.5,3.758
2021-04-28 20:00:00,EDSA-Center,SB,18.513,2130.0,44.194,1.0,3.26
2021-04-28 21:00:00,EDSA-North,NB,33.309,1616.0,32.033,2.0,3.535
2021-04-28 22:00:00,EDSA-South,NB,32.285,1028.0,25.66,1.0,2.344
2021-04-28 23:00:00,EDSA-South,NB,33.309,925.0,28.853,1.5,3.034
2021-04-29 00:00:00,EDSA-North,NB,38.094,1022.0,28.634,1.5,2.659
2021-04-29 01:00:00,EDSA-Center,SB,39.434,1110.0,29.371,1.5,2.157
2021-04-29 02:00:00,EDSA-Center,SB,32.898,1566.0,31.831,1.0,1.674
2021-04-29 03:00:00,EDSA-Center,SB,32.831,1099.0,29.895,1.5,2.283
2021-04-29 04:00:00,EDSA-South,NB,31.529,995.0,28.052,1.5,3.096
2021-04-29 05:00:00,EDSA-South,SB,38.919,988.0,26.744,1.5,2.332
2021-04-29 06:00:00,EDSA-North,SB,25.363,2305.0,41.04,2.0,4.281
2021-04-29 07:00:00,EDSA-South,NB,21.682,2280.0,42.128,2.0,5.835
2021-04-29 08:00:00,EDSA-Center,NB,17.812,2013.0,42.142,1.0,3.284
2021-04-29 09:00:00,EDSA-South,NB,18.08,1762.0,33.779,2.0,6.584
2021-04-29 10:00:00,EDSA-South,SB,35.512,947.0,24.289,2.0,3.001
2021-04-29 11:00:00,EDSA-Center,SB,36.648,1460.0,30.532,2.0,3.397
2021-04-29 12:00:00,EDSA-Center,NB,28.802,1274.0,28.829,2.0,4.292
2021-04-29 13:00:00,EDSA-Center,NB,34.036,1162.0,28.329,1.0,1.751
2021-04-29 14:00:00,EDSA-South,NB,39.855,1486.0,34.011,1.5,2.154
2021-04-29 15:00:00,EDSA-Center,SB,34.347,1502.0,33.202,1.5,3.277
2021-04-29 16:00:00,EDSA-North,NB,26.469,2094.0,39.897,2.0,4.233
2021-04-29 17:00:00,EDSA-Center,NB,23.947,2097.0,40.368,2.0,4.831
2021-04-29 18:00:00,EDSA-North,NB,18.747,1995.0,39.893,1.0,3.378
2021-04-29 19:00:00,EDSA-Center,SB,21.122,2049.0,35.897,2.0,5.428
2021-04-29 20:00:00,EDSA-North,NB,21.614,1832.0,38.916,2.0,5.28
2021-04-29 21:00:00,EDSA-North,SB,32.142,882.0,23.487,1.5,3.083
2021-04-29 22:00:00,EDSA-South,SB,32.09,840.0,23.772,1.5,2.956
2021-04-29 23:00:00,EDSA-North,SB,39.52,1345.0,31.15,1.5,2.398
2021-04-30 00:00:00,EDSA-Center,NB,32.068,869.0,24.842,2.0,3.788
2021-04-30 01:00:00,EDSA-South,NB,38.235,1501.0,33.235,2.0,2.965
2021-04-30 02:00:00,EDSA-South,NB,33.691,1019.0,26.997,1.5,2.608
2021-04-30 03:00:00,EDSA-Center,SB,34.923,1463.0,31.243,2.0,3.416
2021-04-30 04:00:00,EDSA-North,SB,36.686,1084.0,30.527,1.0,1.847
2021-04-30 05:00:00,EDSA-South,SB,33.204,868.0,26.399,1.5,2.817
2021-04-30 06:00:00,EDSA-South,SB,23.704,2331.0,43.112,1.5,3.565
2021-04-30 07:00:00,EDSA-Center,SB,15.861,2352.0,44.137,1.0,3.98
2021-04-30 08:00:00,EDSA-North,NB,23.319,1937.0,36.564,1.5,3.44
2021-04-30 09:00:00,EDSA-North,SB,14.594,2040.0,43.513,2.0,8.142
2021-04-30 10:00:00,EDSA-North,SB,34.319,987.0,24.175,2.0,3.211
2021-04-30 11:00:00,EDSA-North,NB,37.563,1128.0,28.202,2.0,2.98
2021-04-30 12:00:00,EDSA-South,SB,36.867,1169.0,27.875,1.0,2.109
2021-04-30 13:00:00,EDSA-North,NB,31.105,1087.0,26.849,1.0,1.561
2021-04-30 14:00:00,EDSA-North,NB,31.491,823.0,23.551,1.5,2.653
2021-04-30 15:00:00,EDSA-South,NB,32.934,1045.0,25.479,1.0,1.949
2021-04-30 16:00:00,EDSA-South,NB,22.559,2227.0,43.683,1.0,2.542
2021-04-30 17:00:00,EDSA-North,NB,15.904,2062.0,37.008,1.5,5.698
2021-04-30 18:00:00,EDSA-Center,NB,21.96,2041.0,41.139,2.0,5.822
2021-04-30 19:00:00,EDSA-Center,SB,22.934,1932.0,39.22,2.0,5.396
2021-04-30 20:00:00,EDSA-Center,NB,21.151,1990.0,37.825,1.0,2.72
2021-04-30 21:00:00,EDSA-South,NB,36.576,1404.0,32.207,2.0,3.247
2021-04-30 22:00:00,EDSA-South,SB,35.671,945.0,25.55,1.5,2.656
2021-04-30 23:00:00,EDSA-South,NB,33.375,1280.0,27.515,1.0,1.956
2021-05-01 00:00:00,EDSA-North,NB,27.191,908.0,23.267,1.5,3.315
2021-05-01 01:00:00,EDSA-North,NB,33.4,944.0,27.168,1.0,1.887
2021-05-01 02:00:00,EDSA-Center,SB,30.141,768.0,25.041,2.0,4.072
2021-05-01 03:00:00,EDSA-North,NB,31.265,837.0,25.106,2.0,3.815
2021-05-01 04:00:00,EDSA-Center,SB,34.437,899.0,24.555,2.0,3.333
2021-05-01 05:00:00,EDSA-North,NB,37.252,806.0,23.891,1.0,1.796
2021-05-01 06:00:00,EDSA-South,NB,19.886,1910.0,37.01,1.5,4.599
2021-05-01 07:00:00,EDSA-North,SB,21.662,1932.0,34.428,1.5,3.634
2021-05-01 08:00:00,EDSA-North,SB,15.667,2241.0,41.595,2.0,7.453
2021-05-01 09:00:00,EDSA-North,NB,20.737,1900.0,38.596,1.5,4.22
2021-05-01 10:00:00,EDSA-North,NB,32.82,556.0,21.527,1.5,2.692
2021-05-01 11:00:00,EDSA-Center,SB,36.688,1109.0,31.296,1.5,2.754
2021-05-01 12:00:00,EDSA-Center,NB,31.379,863.0,22.919,1.0,2.713
2021-05-01 13:00:00,EDSA-South,NB,32.275,1262.0,28.192,2.0,3.103
2021-05-01 14:00:00,EDSA-North,SB,36.176,1165.0,28.661,2.0,3.393
2021-05-01 15:00:00,EDSA-Center,NB,32.724,809.0,24.792,1.0,1.851
2021-05-01 16:00:00,EDSA-Center,SB,16.673,1980.0,34.667,1.5,5.353
2021-05-01 17:00:00,EDSA-Center,SB,27.655,1743.0,36.951,2.0,4.475
2021-05-01 18:00:00,EDSA-South,SB,16.764,1850.0,37.477,1.0,3.616
2021-05-01 19:00:00,EDSA-North,NB,19.806,1972.0,34.136,1.5,4.454
2021-05-01 20:00:00,EDSA-Center,NB,21.04,2050.0,39.045,1.5,4.285
2021-05-01 21:00:00,EDSA-South,NB,33.803,1061.0,25.586,1.5,2.802
2021-05-01 22:00:00,EDSA-South,NB,32.431,913.0,24.599,1.5,2.891
2021-05-01 23:00:00,EDSA-Center,SB,32.446,1347.0,27.814,2.0,3.746
2021-05-02 00:00:00,EDSA-Center,SB,32.295,834.0,25.427,1.0,1.712
2021-05-02 01:00:00,EDSA-South,SB,29.652,611.0,25.547,1.0,2.728
2021-05-02 02:00:00,EDSA-Center,SB,39.451,645.0,22.952,1.5,2.371
2021-05-02 03:00:00,EDSA-South,SB,32.34,1165.0,24.082,2.0,3.901
2021-05-02 04:00:00,EDSA-North,NB,34.791,886.0,25.763,1.5,2.46
2021-05-02 05:00:00,EDSA-Center,NB,31.996,929.0,25.29,1.0,1.923
2021-05-02 06:00:00,EDSA-North,NB,18.936,1752.0,33.65,1.0,3.214
2021-05-02 07:00:00,EDSA-North,SB,18.634,1769.0,36.745,2.0,5.962
2021-05-02 08:00:00,EDSA-Center,NB,15.35,1708.0,37.105,1.0,3.73
2021-05-02 09:00:00,EDSA-North,SB,19.518,1935.0,36.613,1.0,2.89
2021-05-02 10:00:00,EDSA-Center,NB,31.779,882.0,21.861,1.5,2.682
2021-05-02 11:00:00,EDSA-Center,SB,36.515,978.0,22.227,1.5,2.197
2021-05-02 12:00:00,EDSA-Center,SB,29.41,961.0,24.721,1.0,2.051
2021-05-02 13:00:00,EDSA-South,NB,31.269,823.0,24.157,1.0,2.268
2021-05-02 14:00:00,EDSA-South,NB,30.305,637.0,21.298,1.0,2.013
2021-05-02 15:00:00,EDSA-Center,NB,37.328,622.0,20.784,1.5,2.116
2021-05-02 16:00:00,EDSA-North,NB,17.392,2395.0,44.376,2.0,6.642
2021-05-02 17:00:00,EDSA-South,NB,21.687,2116.0,40.96,1.0,2.672
2021-05-02 18:00:00,EDSA-North,SB,22.91,2091.0,40.148,1.5,3.574
2021-05-02 19:00:00,EDSA-Center,NB,19.562,1729.0,37.212,1.0,3.143
2021-05-02 20:00:00,EDSA-Center,NB,15.87,1852.0,35.682,2.0,7.9
2021-05-02 21:00:00,EDSA-North,SB,28.908,753.0,21.473,1.0,1.932
2021-05-02 22:00:00,EDSA-Center,SB,35.579,664.0,21.589,1.0,1.705
2021-05-02 23:00:00,EDSA-North,NB,29.218,794.0,22.949,1.0,1.946
2021-05-03 00:00:00,EDSA-North,SB,36.176,1389.0,26.868,1.5,2.33
2021-05-03 01:00:00,EDSA-Center,NB,35.343,1301.0,28.874,2.0,3.443
2021-05-03 02:00:00,EDSA-North,NB,36.131,975.0,28.427,1.0,1.495
2021-05-03 03:00:00,EDSA-South,NB,36.415,1093.0,29.175,1.5,2.269
2021-05-03 04:00:00,EDSA-North,NB,32.199,1285.0,30.826,1.0,1.459
2021-05-03 05:00:00,EDSA-Center,NB,32.073,1047.0,27.306,1.0,1.887
2021-05-03 06:00:00,EDSA-South,SB,24.145,2114.0,42.913,1.0,2.752
2021-05-03 07:00:00,EDSA-North,NB,20.112,2172.0,38.561,2.0,6.143
2021-05-03 08:00:00,EDSA-South,NB,13.75,2170.0,38.73,1.5,6.919
2021-05-03 09:00:00,EDSA-South,NB,23.946,2146.0,42.625,1.5,3.59
2021-05-03 10:00:00,EDSA-South,NB,31.891,1032.0,26.927,1.0,2.094
2021-05-03 11:00:00,EDSA-North,NB,36.401,1051.0,25.742,1.0,1.373
2021-05-03 12:00:00,EDSA-South,SB,39.178,946.0,26.982,2.0,3.24
2021-05-03 13:00:00,EDSA-South,SB,35.05,869.0,24.116,1.5,2.979
2021-05-03 14:00:00,EDSA-South,SB,37.987,1129.0,26.312,1.0,1.704
2021-05-03 15:00:00,EDSA-North,NB,35.461,1297.0,28.184,1.5,2.953
2021-05-03 16:00:00,EDSA-South,SB,26.762,1852.0,37.636,1.5,3.213
2021-05-03 17:00:00,EDSA-North,SB,18.814,2149.0,40.827,1.5,4.75
2021-05-03 18:00:00,EDSA-Center,SB,21.975,2241.0,44.508,1.5,3.867
2021-05-03 19:00:00,EDSA-Center,NB,24.019,1769.0,35.468,2.0,5.005
2021-05-03 20:00:00,EDSA-Center,SB,21.429,2051.0,38.676,1.0,2.867
2021-05-03 21:00:00,EDSA-Center,NB,38.457,1446.0,34.512,1.5,2.347
2021-05-03 22:00:00,EDSA-North,SB,33.704,1249.0,31.339,2.0,3.442
2021-05-03 23:00:00,EDSA-Center,NB,41.208,813.0,24.643,2.0,2.789
2021-05-04 00:00:00,EDSA-South,SB,41.367,1269.0,26.466,2.0,2.987
2021-05-04 01:00:00,EDSA-Center,NB,35.846,1015.0,25.053,2.0,3.308
2021-05-04 02:00:00,EDSA-North,SB,36.658,1274.0,27.548,1.0,1.349
2021-05-04 03:00:00,EDSA-South,NB,38.575,1026.0,26.869,2.0,2.637
2021-05-04 04:00:00,EDSA-North,SB,31.438,1140.0,27.099,1.0,1.76
2021-05-04 05:00:00,EDSA-Center,NB,31.064,1053.0,30.318,1.5,2.552
2021-05-04 06:00:00,EDSA-Center,SB,25.769,2101.0,36.714,1.5,3.284
2021-05-04 07:00:00,EDSA-Center,SB,22.822,1998.0,36.353,2.0,5.152
2021-05-04 08:00:00,EDSA-South,NB,21.32,2060.0,39.877,2.0,5.592
2021-05-04 09:00:00,EDSA-Center,NB,22.033,1888.0,38.459,2.0,5.28
2021-05-04 10:00:00,EDSA-South,SB,27.842,1238.0,24.066,1.0,2.703
2021-05-04 11:00:00,EDSA-North,NB,34.428,1182.0,25.117,2.0,3.17
2021-05-04 12:00:00,EDSA-South,NB,32.741,859.0,24.352,2.0,3.967
2021-05-04 13:00:00,EDSA-Center,SB,37.754,1329.0,32.992,1.0,1.549
2021-05-04 14:00:00,EDSA-North,NB,37.985,1118.0,31.636,1.5,2.205
2021-05-04 15:00:00,EDSA-North,NB,36.73,1179.0,27.731,1.0,1.78
2021-05-04 16:00:00,EDSA-South,NB,23.186,2238.0,41.091,1.5,3.768
2021-05-04 17:00:00,EDSA-Center,NB,17.508,2159.0,38.856,1.0,3.225
2021-05-04 18:00:00,EDSA-Center,NB,23.772,2310.0,43.528,1.5,4.233
2021-05-04 19:00:00,EDSA-North,NB,23.888,2047.0,42.3,1.0,1.963
2021-05-04 20:00:00,EDSA-Center,NB,25.736,2286.0,44.503,2.0,4.602
2021-05-04 21:00:00,EDSA-South,NB,41.355,1172.0,28.421,2.0,2.949
2021-05-04 22:00:00,EDSA-North,NB,29.922,1241.0,27.599,2.0,4.362
2021-05-04 23:00:00,EDSA-Center,NB,33.835,1223.0,29.077,2.0,3.447
2021-05-05 00:00:00,EDSA-Center,NB,32.773,1373.0,33.555,1.5,3.411
2021-05-05 01:00:00,EDSA-South,SB,35.518,1280.0,28.917,1.0,1.879
2021-05-05 02:00:00,EDSA-North,NB,35.04,1070.0,23.677,1.5,1.977
2021-05-05 03:00:00,EDSA-Center,SB,34.298,1035.0,26.178,1.5,2.261
2021-05-05 04:00:00,EDSA-South,SB,38.083,1141.0,27.564,1.0,1.635
2021-05-05 05:00:00,EDSA-North,SB,31.696,1013.0,23.009,1.0,1.607
2021-05-05 06:00:00,EDSA-South,SB,18.877,1911.0,38.136,1.0,3.315
2021-05-05 07:00:00,EDSA-South,NB,18.927,1717.0,36.457,2.0,6.227
2021-05-05 08:00:00,EDSA-South,SB,20.919,1821.0,40.363,1.0,2.569
2021-05-05 09:00:00,EDSA-Center,NB,18.314,2457.0,41.295,2.0,6.311
2021-05-05 10:00:00,EDSA-South,SB,34.854,1032.0,28.327,2.0,3.656
2021-05-05 11:00:00,EDSA-South,NB,34.504,1493.0,34.099,1.0,1.233
2021-05-05 12:00:00,EDSA-South,NB,32.64,1223.0,30.099,1.0,2.1
2021-05-05 13:00:00,EDSA-Center,NB,37.621,1141.0,26.108,1.5,2.661
2021-05-05 14:00:00,EDSA-Center,NB,34.821,880.0,22.989,1.0,1.64
2021-05-05 15:00:00,EDSA-Center,NB,38.188,1151.0,28.429,2.0,2.791
2021-05-05 16:00:00,EDSA-North,SB,21.415,2441.0,43.947,2.0,5.743
2021-05-05 17:00:00,EDSA-South,NB,21.927,2380.0,41.955,1.5,3.983
2021-05-05 18:00:00,EDSA-South,SB,20.312,2149.0,43.001,1.0,2.575
2021-05-05 19:00:00,EDSA-Center,NB,21.979,1893.0,36.671,2.0,5.937
2021-05-05 20:00:00,EDSA-North,SB,24.137,1928.0,34.081,1.5,3.508
2021-05-05 21:00:00,EDSA-Center,NB,33.766,997.0,26.012,1.5,2.297
2021-05-05 22:00:00,EDSA-Center,NB,36.555,1380.0,31.831,2.0,3.354
2021-05-05 23:00:00,EDSA-Center,NB,32.562,1444.0,32.287,1.0,1.826
2021-05-06 00:00:00,EDSA-South,SB,37.277,1185.0,29.299,1.5,2.786
2021-05-06 01:00:00,EDSA-South,SB,33.26,1095.0,30.586,2.0,3.513
2021-05-06 02:00:00,EDSA-South,NB,37.555,1429.0,29.201,2.0,3.103
2021-05-06 03:00:00,EDSA-South,NB,35.183,974.0,25.352,1.0,1.789
2021-05-06 04:00:00,EDSA-South,SB,39.563,1159.0,31.422,1.0,1.566
2021-05-06 05:00:00,EDSA-Center,SB,31.538,1233.0,25.249,2.0,3.862
2021-05-06 06:00:00,EDSA-Center,NB,17.571,1945.0,37.957,1.5,5.19
2021-05-06 07:00:00,EDSA-Center,NB,20.151,1986.0,40.991,2.0,5.996
2021-05-06 08:00:00,EDSA-Center,NB,17.846,1972.0,40.801,2.0,6.62
2021-05-06 09:00:00,EDSA-South,SB,17.852,2355.0,44.103,1.0,3.569
2021-05-06 10:00:00,EDSA-Center,SB,36.865,1495.0,33.559,1.0,1.538
2021-05-06 11:00:00,EDSA-Center,NB,34.987,1171.0,26.381,1.5,2.773
2021-05-06 12:00:00,EDSA-North,NB,33.561,1102.0,30.416,1.0,2.135
2021-05-06 13:00:00,EDSA-South,NB,33.839,1042.0,24.583,2.0,3.377
2021-05-06 14:00:00,EDSA-Center,SB,33.208,1150.0,25.948,1.0,2.408
2021-05-06 15:00:00,EDSA-Center,NB,39.951,1051.0,27.862,2.0,2.826
2021-05-06 16:00:00,EDSA-Center,NB,19.793,2083.0,38.663,2.0,5.886
2021-05-06 17:00:00,EDSA-North,NB,18.034,2174.0,41.119,1.5,5.126
2021-05-06 18:00:00,EDSA-Center,NB,24.388,2027.0,39.873,1.0,2.571
2021-05-06 19:00:00,EDSA-South,SB,21.353,2066.0,43.014,2.0,5.638
2021-05-06 20:00:00,EDSA-Center,NB,28.116,2067.0,40.334,1.5,3.406
2021-05-06 21:00:00,EDSA-North,NB,33.421,1093.0,26.331,1.0,1.858
2021-05-06 22:00:00,EDSA-Center,SB,37.538,1071.0,28.664,1.5,2.914
2021-05-06 23:00:00,EDSA-North,NB,38.247,1287.0,28.139,2.0,3.124
2021-05-07 00:00:00,EDSA-Center,NB,33.436,831.0,26.386,2.0,3.375
2021-05-07 01:00:00,EDSA-Center,SB,32.771,1433.0,31.613,2.0,3.524
2021-05-07 02:00:00,EDSA-North,SB,37.224,1174.0,29.307,1.5,2.536
2021-05-07 03:00:00,EDSA-South,NB,36.725,1260.0,25.926,1.0,1.755
2021-05-07 04:00:00,EDSA-North,NB,30.768,1281.0,25.224,2.0,3.952
2021-05-07 05:00:00,EDSA-South,SB,31.615,1023.0,23.756,2.0,3.583
2021-05-07 06:00:00,EDSA-South,NB,14.391,1935.0,41.449,1.5,6.531
2021-05-07 07:00:00,EDSA-North,SB,23.786,1914.0,35.417,2.0,5.529
2021-05-07 08:00:00,EDSA-Center,SB,21.215,2056.0,40.803,1.5,4.25
2021-05-07 09:00:00,EDSA-North,NB,21.514,2226.0,40.014,2.0,6.031
2021-05-07 10:00:00,EDSA-North,SB,29.926,1045.0,26.537,2.0,4.226
2021-05-07 11:00:00,EDSA-South,NB,31.706,1259.0,29.394,1.5,3.393
2021-05-07 12:00:00,EDSA-South,SB,33.566,724.0,26.611,1.0,1.906
2021-05-07 13:00:00,EDSA-North,NB,32.983,1081.0,28.596,2.0,3.672
2021-05-07 14:00:00,EDSA-North,NB,35.354,1360.0,31.411,2.0,3.605
2021-05-07 15:00:00,EDSA-North,SB,36.75,1119.0,30.464,2.0,3.157
2021-05-07 16:00:00,EDSA-Center,SB,28.809,1951.0,36.867,2.0,4.267
2021-05-07 17:00:00,EDSA-North,NB,21.94,1982.0,40.627,1.5,4.435
2021-05-07 18:00:00,EDSA-North,SB,25.346,1555.0,35.385,2.0,4.939
2021-05-07 19:00:00,EDSA-Center,NB,19.51,1918.0,39.535,1.0,3.068
2021-05-07 20:00:00,EDSA-North,NB,16.975,2290.0,41.728,1.5,5.352
2021-05-07 21:00:00,EDSA-South,NB,33.943,1045.0,26.144,2.0,3.725
2021-05-07 22:00:00,EDSA-South,NB,30.207,1066.0,25.524,2.0,4.154
2021-05-07 23:00:00,EDSA-South,SB,35.044,730.0,21.784,1.5,2.756
2021-05-08 00:00:00,EDSA-North,SB,30.659,606.0,20.14,1.5,3.02
2021-05-08 01:00:00,EDSA-South,SB,27.137,1114.0,28.547,1.5,3.11
2021-05-08 02:00:00,EDSA-South,NB,38.208,1011.0,26.171,2.0,2.974
2021-05-08 03:00:00,EDSA-North,SB,31.387,666.0,23.527,2.0,3.938
2021-05-08 04:00:00,EDSA-South,NB,28.087,786.0,25.02,1.0,2.344
2021-05-08 05:00:00,EDSA-Center,SB,35.695,895.0,23.17,1.0,1.856
2021-05-08 06:00:00,EDSA-South,SB,17.814,1635.0,32.319,2.0,6.567
2021-05-08 07:00:00,EDSA-Center,SB,23.27,1489.0,32.369,2.0,5.119
2021-05-08 08:00:00,EDSA-South,SB,17.8,1821.0,35.095,1.0,3.077
2021-05-08 09:00:00,EDSA-North,NB,18.377,1953.0,36.399,1.5,4.549
2021-05-08 10:00:00,EDSA-Center,SB,34.034,1007.0,29.967,1.5,2.665
2021-05-08 11:00:00,EDSA-North,SB,34.78,1058.0,24.095,1.0,2.065
2021-05-08 12:00:00,EDSA-North,NB,35.305,620.0,26.18,1.5,2.574
2021-05-08 13:00:00,EDSA-North,SB,32.731,910.0,26.048,2.0,4.143
2021-05-08 14:00:00,EDSA-Center,NB,34.586,852.0,26.767,1.0,1.694
2021-05-08 15:00:00,EDSA-North,NB,35.237,884.0,26.906,2.0,3.413
2021-05-08 16:00:00,EDSA-South,SB,20.602,1812.0,37.771,1.0,2.665
2021-05-08 17:00:00,EDSA-Center,SB,19.572,1731.0,38.932,1.0,2.979
2021-05-08 18:00:00,EDSA-South,NB,15.664,1307.0,28.563,1.5,5.448
2021-05-08 19:00:00,EDSA-South,SB,21.798,2059.0,39.067,2.0,5.119
2021-05-08 20:00:00,EDSA-North,SB,20.127,1909.0,35.952,2.0,5.669
2021-05-08 21:00:00,EDSA-North,NB,31.759,633.0,18.885,2.0,3.8
2021-05-08 22:00:00,EDSA-Center,NB,36.833,985.0,25.007,2.0,3.074
2021-05-08 23:00:00,EDSA-Center,NB,28.716,819.0,28.169,2.0,4.054
2021-05-09 00:00:00,EDSA-North,SB,37.932,825.0,24.136,1.5,2.475
2021-05-09 01:00:00,EDSA-South,NB,32.933,762.0,27.726,1.0,1.435
2021-05-09 02:00:00,EDSA-Center,SB,33.953,997.0,30.633,2.0,3.555
2021-05-09 03:00:00,EDSA-South,SB,31.815,756.0,29.685,1.0,2.098
2021-05-09 04:00:00,EDSA-North,SB,27.999,703.0,26.891,1.5,3.448
2021-05-09 05:00:00,EDSA-South,NB,32.581,1104.0,32.409,2.0,3.812
2021-05-09 06:00:00,EDSA-North,NB,21.004,1818.0,37.255,1.0,2.844
2021-05-09 07:00:00,EDSA-Center,SB,22.029,1823.0,37.126,2.0,5.292
2021-05-09 08:00:00,EDSA-Center,SB,19.406,1975.0,38.998,1.0,3.071
2021-05-09 09:00:00,EDSA-South,NB,13.422,1730.0,35.593,1.0,4.884
2021-05-09 10:00:00,EDSA-North,SB,28.375,816.0,24.68,1.5,3.24
2021-05-09 11:00:00,EDSA-North,SB,39.156,955.0,27.487,1.5,2.272
2021-05-09 12:00:00,EDSA-Center,SB,29.722,623.0,21.228,1.5,3.169
2021-05-09 13:00:00,EDSA-Center,NB,37.281,940.0,23.052,1.0,1.622
2021-05-09 14:00:00,EDSA-North,SB,30.198,764.0,24.513,1.0,2.043
2021-05-09 15:00:00,EDSA-North,SB,32.453,1054.0,25.735,1.5,2.712
2021-05-09 16:00:00,EDSA-North,SB,21.876,1948.0,36.928,1.0,2.639
2021-05-09 17:00:00,EDSA-Center,NB,17.539,1925.0,37.548,1.5,5.38
2021-05-09 18:00:00,EDSA-Center,SB,24.777,1561.0,32.904,2.0,4.356
2021-05-09 19:00:00,EDSA-Center,NB,20.227,1831.0,38.981,1.0,3.086
2021-05-09 20:00:00,EDSA-South,SB,21.383,1638.0,34.205,1.0,2.687
2021-05-09 21:00:00,EDSA-North,NB,32.197,893.0,27.595,1.5,2.319
2021-05-09 22:00:00,EDSA-South,NB,34.976,483.0,20.969,1.0,1.472
2021-05-09 23:00:00,EDSA-South,NB,37.736,623.0,21.983,1.5,2.376
2021-05-10 00:00:00,EDSA-North,NB,34.606,1364.0,31.003,1.5,2.626
2021-05-10 01:00:00,EDSA-North,NB,40.189,1216.0,26.406,1.5,2.424
2021-05-10 02:00:00,EDSA-North,NB,33.165,1086.0,28.169,1.5,2.916
2021-05-10 03:00:00,EDSA-North,SB,37.292,986.0,28.042,2.0,2.831
2021-05-10 04:00:00,EDSA-Center,NB,36.467,955.0,27.962,1.0,1.74
2021-05-10 05:00:00,EDSA-North,SB,31.794,1186.0,25.935,1.0,2.069
2021-05-10 06:00:00,EDSA-North,NB,22.641,2038.0,36.101,2.0,5.355
2021-05-10 07:00:00,EDSA-Center,SB,22.022,2378.0,41.978,1.0,2.85
2021-05-10 08:00:00,EDSA-South,NB,19.44,2067.0,42.237,1.5,4.146
2021-05-10 09:00:00,EDSA-North,SB,23.074,2111.0,40.414,1.5,3.653
2021-05-10 10:00:00,EDSA-South,NB,35.439,900.0,23.801,1.5,2.881
2021-05-10 11:00:00,EDSA-Center,NB,34.782,1085.0,24.572,1.5,2.518
2021-05-10 12:00:00,EDSA-South,SB,34.794,1182.0,27.223,1.0,2.28
2021-05-10 13:00:00,EDSA-North,SB,34.73,1083.0,25.95,1.0,1.408
2021-05-10 14:00:00,EDSA-Center,NB,33.897,1063.0,29.091,1.0,2.161
2021-05-10 15:00:00,EDSA-South,SB,35.42,1209.0,30.927,2.0,3.235
2021-05-10 16:00:00,EDSA-North,NB,20.068,2373.0,40.886,2.0,6.195
2021-05-10 17:00:00,EDSA-South,NB,29.97,2126.0,41.656,1.0,1.928
2021-05-10 18:00:00,EDSA-Center,NB,17.772,2306.0,43.52,1.0,3.405
2021-05-10 19:00:00,EDSA-Center,SB,20.246,2212.0,38.777,1.0,3.112
2021-05-10 20:00:00,EDSA-Center,NB,20.483,2295.0,41.927,2.0,5.705
2021-05-10 21:00:00,EDSA-Center,NB,41.121,1040.0,27.645,2.0,3.118
2021-05-10 22:00:00,EDSA-North,NB,31.04,1113.0,28.123,1.5,2.833
2021-05-10 23:00:00,EDSA-South,SB,36.278,1114.0,24.384,2.0,3.352
2021-05-11 00:00:00,EDSA-Center,NB,35.745,1248.0,29.618,1.0,1.017
2021-05-11 01:00:00,EDSA-South,SB,36.001,1293.0,31.138,1.5,2.416
2021-05-11 02:00:00,EDSA-Center,SB,38.709,1173.0,31.643,2.0,3.416
2021-05-11 03:00:00,EDSA-Center,SB,38.647,1308.0,28.702,1.0,1.726
2021-05-11 04:00:00,EDSA-Center,SB,33.647,1049.0,25.968,1.5,2.896
2021-05-11 05:00:00,EDSA-South,NB,35.582,1309.0,29.64,1.5,2.543
2021-05-11 06:00:00,EDSA-South,NB,16.408,2283.0,42.535,1.0,4.076
2021-05-11 07:00:00,EDSA-South,SB,22.297,2222.0,41.446,1.0,2.763
2021-05-11 08:00:00,EDSA-Center,NB,19.618,2124.0,41.336,2.0,5.952
2021-05-11 09:00:00,EDSA-South,NB,21.441,2228.0,39.076,1.5,4.411
2021-05-11 10:00:00,EDSA-Center,NB,29.944,989.0,27.168,1.0,2.234
2021-05-11 11:00:00,EDSA-Center,SB,36.215,1186.0,27.151,2.0,3.471
2021-05-11 12:00:00,EDSA-South,SB,29.91,1204.0,28.56,1.5,2.908
2021-05-11 13:00:00,EDSA-North,NB,35.445,911.0,28.889,1.5,2.61
2021-05-11 14:00:00,EDSA-South,SB,31.32,1235.0,26.411,1.5,3.222
2021-05-11 15:00:00,EDSA-North,SB,32.451,925.0,25.081,1.5,2.893
2021-05-11 16:00:00,EDSA-Center,SB,25.464,2023.0,36.415,2.0,4.343
2021-05-11 17:00:00,EDSA-Center,SB,23.764,2107.0,40.238,2.0,4.893
2021-05-11 18:00:00,EDSA-Center,SB,25.448,1968.0,40.434,1.5,3.368
2021-05-11 19:00:00,EDSA-Center,NB,26.679,2115.0,40.36,1.0,2.06
2021-05-11 20:00:00,EDSA-Center,SB,19.681,2112.0,39.754,1.0,2.521
2021-05-11 21:00:00,EDSA-Center,NB,39.497,1002.0,29.184,1.0,1.992
2021-05-11 22:00:00,EDSA-Center,NB,30.603,1252.0,30.062,1.0,1.741
2021-05-11 23:00:00,EDSA-Center,SB,37.238,1012.0,28.282,2.0,3.022
2021-05-12 00:00:00,EDSA-South,SB,33.52,1562.0,34.392,1.5,2.2
2021-05-12 01:00:00,EDSA-Center,NB,32.209,1130.0,22.246,1.0,2.079
2021-05-12 02:00:00,EDSA-Center,SB,36.843,939.0,25.647,2.0,3.234
2021-05-12 03:00:00,EDSA-South,NB,37.835,973.0,24.031,1.0,1.498
2021-05-12 04:00:00,EDSA-South,NB,37.746,1357.0,28.942,1.5,2.31
2021-05-12 05:00:00,EDSA-North,NB,35.645,1076.0,30.327,1.0,1.83
2021-05-12 06:00:00,EDSA-South,SB,22.396,1855.0,36.277,1.5,3.899
2021-05-12 07:00:00,EDSA-North,NB,23.581,2254.0,45.402,1.5,3.319
2021-05-12 08:00:00,EDSA-North,NB,22.911,2025.0,36.174,2.0,4.915
2021-05-12 09:00:00,EDSA-South,SB,23.624,2218.0,39.035,1.5,3.474
2021-05-12 10:00:00,EDSA-North,NB,35.612,1318.0,31.686,1.5,2.596
2021-05-12 11:00:00,EDSA-South,SB,37.528,1199.0,28.11,1.5,2.631
2021-05-12 12:00:00,EDSA-South,NB,30.118,1581.0,33.799,1.5,3.355
2021-05-12 13:00:00,EDSA-South,NB,34.606,840.0,24.43,1.5,2.192
2021-05-12 14:00:00,EDSA-South,SB,30.848,1003.0,26.247,2.0,4.045
2021-05-12 15:00:00,EDSA-South,NB,35.83,1104.0,27.087,1.5,2.358
2021-05-12 16:00:00,EDSA-North,NB,26.926,2507.0,44.89,2.0,5.188
2021-05-12 17:00:00,EDSA-South,NB,20.578,2424.0,44.855,1.0,3.262
2021-05-12 18:00:00,EDSA-North,NB,22.382,2332.0,45.746,2.0,5.787
2021-05-12 19:00:00,EDSA-North,NB,24.269,1957.0,37.801,2.0,5.145
2021-05-12 20:00:00,EDSA-North,NB,15.797,1978.0,37.66,2.0,7.692
2021-05-12 21:00:00,EDSA-Center,SB,33.434,1001.0,25.465,2.0,3.489
2021-05-12 22:00:00,EDSA-South,NB,36.094,1009.0,29.543,1.5,2.344
2021-05-12 23:00:00,EDSA-North,NB,26.309,1419.0,32.696,1.5,3.221
2021-05-13 00:00:00,EDSA-South,NB,32.07,1106.0,23.922,1.0,2.025
2021-05-13 01:00:00,EDSA-Center,SB,38.303,1130.0,24.108,1.5,2.74
2021-05-13 02:00:00,EDSA-Center,SB,38.009,1289.0,28.168,1.0,1.489
2021-05-13 03:00:00,EDSA-South,SB,36.123,851.0,25.242,2.0,3.141
2021-05-13 04:00:00,EDSA-Center,NB,37.647,1159.0,28.267,2.0,2.817
2021-05-13 05:00:00,EDSA-Center,SB,35.645,953.0,26.984,1.0,1.744
2021-05-13 06:00:00,EDSA-South,NB,23.666,2047.0,38.89,2.0,5.378
2021-05-13 07:00:00,EDSA-Center,SB,21.053,1994.0,41.431,1.0,3.17
2021-05-13 08:00:00,EDSA-Center,NB,22.347,1985.0,40.074,2.0,5.714
2021-05-13 09:00:00,EDSA-North,NB,20.103,2141.0,40.472,2.0,6.073
2021-05-13 10:00:00,EDSA-North,SB,38.79,1190.0,30.974,2.0,3.116
2021-05-13 11:00:00,EDSA-North,NB,39.565,1110.0,24.472,1.0,1.837
2021-05-13 12:00:00,EDSA-North,NB,39.14,1217.0,28.822,1.0,1.255
2021-05-13 13:00:00,EDSA-North,NB,33.776,994.0,26.702,1.0,1.666
2021-05-13 14:00:00,EDSA-South,SB,32.139,1273.0,30.84,2.0,4.162
2021-05-13 15:00:00,EDSA-North,SB,38.831,1113.0,24.368,1.5,2.049
2021-05-13 16:00:00,EDSA-Center,SB,23.632,2013.0,38.328,1.0,2.53
2021-05-13 17:00:00,EDSA-South,SB,22.986,1957.0,39.006,1.5,4.073
2021-05-13 18:00:00,EDSA-South,NB,20.099,2057.0,40.305,1.5,4.498
2021-05-13 19:00:00,EDSA-Center,NB,23.277,2437.0,46.094,1.5,4.154
2021-05-13 20:00:00,EDSA-North,NB,18.744,2089.0,41.242,1.5,5.183
2021-05-13 21:00:00,EDSA-South,NB,36.902,944.0,25.734,1.0,1.746
2021-05-13 22:00:00,EDSA-North,NB,39.137,1315.0,31.477,1.5,2.647
2021-05-13 23:00:00,EDSA-South,NB,39.893,1065.0,26.845,2.0,2.776
2021-05-14 00:00:00,EDSA-South,NB,37.126,1201.0,29.106,2.0,3.193
2021-05-14 01:00:00,EDSA-North,SB,30.854,1041.0,28.561,1.0,2.546
2021-05-14 02:00:00,EDSA-South,NB,35.592,1381.0,30.786,1.5,3.014
2021-05-14 03:00:00,EDSA-North,SB,41.419,1044.0,27.726,2.0,2.578
2021-05-14 04:00:00,EDSA-North,NB,32.394,1402.0,33.041,1.5,2.775
2021-05-14 05:00:00,EDSA-South,SB,34.822,961.0,27.477,1.0,1.757
2021-05-14 06:00:00,EDSA-South,SB,26.241,2047.0,41.711,1.5,3.534
2021-05-14 07:00:00,EDSA-North,SB,23.851,2352.0,47.405,1.0,2.834
2021-05-14 08:00:00,EDSA-South,NB,29.44,2130.0,41.604,1.5,3.517
2021-05-14 09:00:00,EDSA-South,NB,19.801,2509.0,43.629,1.5,4.554
2021-05-14 10:00:00,EDSA-South,SB,32.031,1102.0,28.692,1.0,2.154
2021-05-14 11:00:00,EDSA-North,SB,38.672,1196.0,29.695,1.0,1.714
2021-05-14 12:00:00,EDSA-North,NB,31.412,1493.0,33.396,2.0,3.815
2021-05-14 13:00:00,EDSA-South,SB,34.41,877.0,28.081,1.5,2.191
2021-05-14 14:00:00,EDSA-South,NB,34.803,855.0,21.467,1.5,2.841
2021-05-14 15:00:00,EDSA-South,NB,38.108,1007.0,29.606,1.0,1.726
2021-05-14 16:00:00,EDSA-Center,NB,23.843,2246.0,45.235,1.0,2.614
2021-05-14 17:00:00,EDSA-North,SB,23.371,1810.0,37.654,1.5,3.606
2021-05-14 18:00:00,EDSA-South,SB,20.793,2207.0,42.27,1.5,4.818
2021-05-14 19:00:00,EDSA-North,NB,25.645,2195.0,40.457,1.0,2.378
2021-05-14 20:00:00,EDSA-Center,SB,34.077,2463.0,44.032,2.0,3.236
2021-05-14 21:00:00,EDSA-South,SB,37.074,1338.0,31.785,1.5,2.102
2021-05-14 22:00:00,EDSA-Center,NB,35.299,1216.0,30.246,1.0,1.869
2021-05-14 23:00:00,EDSA-North,SB,31.106,1395.0,32.48,1.0,2.106
2021-05-15 00:00:00,EDSA-North,SB,31.088,997.0,27.719,2.0,3.744
2021-05-15 01:00:00,EDSA-Center,SB,32.359,817.0,26.194,1.5,2.897
2021-05-15 02:00:00,EDSA-South,NB,31.396,694.0,24.554,1.5,3.033
2021-05-15 03:00:00,EDSA-Center,SB,32.952,798.0,22.123,1.0,1.856
2021-05-15 04:00:00,EDSA-South,NB,38.334,893.0,26.932,2.0,2.955
2021-05-15 05:00:00,EDSA-North,NB,36.742,932.0,29.429,2.0,3.506
2021-05-15 06:00:00,EDSA-South,SB,19.524,1466.0,32.502,1.0,3.283
2021-05-15 07:00:00,EDSA-South,SB,16.375,1810.0,39.519,2.0,7.47
2021-05-15 08:00:00,EDSA-Center,SB,24.012,1855.0,35.2,1.5,3.54
2021-05-15 09:00:00,EDSA-South,SB,19.853,1949.0,38.049,1.0,2.689
2021-05-15 10:00:00,EDSA-Center,SB,27.82,1193.0,27.435,2.0,4.332
2021-05-15 11:00:00,EDSA-Center,SB,35.137,933.0,28.493,1.0,1.94
2021-05-15 12:00:00,EDSA-South,NB,36.077,736.0,26.748,2.0,3.586
2021-05-15 13:00:00,EDSA-South,SB,25.722,573.0,21.388,1.0,2.479
2021-05-15 14:00:00,EDSA-South,NB,30.526,1024.0,29.114,1.0,1.853
2021-05-15 15:00:00,EDSA-North,NB,32.669,744.0,26.852,1.0,1.636
2021-05-15 16:00:00,EDSA-South,SB,22.204,2006.0,38.704,1.0,2.698
2021-05-15 17:00:00,EDSA-North,SB,18.453,2102.0,40.127,1.5,4.875
2021-05-15 18:00:00,EDSA-Center,NB,17.504,1572.0,35.246,2.0,7.133
2021-05-15 19:00:00,EDSA-Center,SB,22.182,1950.0,36.436,1.5,3.938
2021-05-15 20:00:00,EDSA-Center,SB,18.595,2083.0,39.871,1.5,4.741
2021-05-15 21:00:00,EDSA-South,NB,34.626,1083.0,31.745,2.0,3.979
2021-05-15 22:00:00,EDSA-South,SB,29.665,523.0,20.01,1.5,3.422
2021-05-15 23:00:00,EDSA-North,NB,28.943,746.0,25.291,2.0,3.925
2021-05-16 00:00:00,EDSA-North,SB,35.266,670.0,23.748,1.5,2.919
2021-05-16 01:00:00,EDSA-North,SB,33.758,994.0,26.106,1.0,1.497
2021-05-16 02:00:00,EDSA-South,SB,35.767,974.0,26.649,1.0,1.569
2021-05-16 03:00:00,EDSA-Center,SB,31.402,414.0,23.271,1.0,1.831
2021-05-16 04:00:00,EDSA-South,SB,30.615,846.0,25.834,2.0,3.9
2021-05-16 05:00:00,EDSA-South,SB,37.082,1044.0,28.427,1.0,1.773
2021-05-16 06:00:00,EDSA-South,NB,15.431,1877.0,40.483,2.0,7.803
2021-05-16 07:00:00,EDSA-North,NB,23.754,1876.0,36.699,1.0,2.68
2021-05-16 08:00:00,EDSA-North,NB,23.962,1784.0,34.126,1.0,2.404
2021-05-16 09:00:00,EDSA-Center,SB,22.58,1659.0,38.32,1.5,4.079
2021-05-16 10:00:00,EDSA-Center,SB,30.937,897.0,25.588,1.0,1.959
2021-05-16 11:00:00,EDSA-South,NB,30.55,909.0,27.245,1.0,1.617
2021-05-16 12:00:00,EDSA-North,NB,32.37,1011.0,25.099,2.0,3.828
2021-05-16 13:00:00,EDSA-Center,SB,29.115,1025.0,27.569,1.0,2.085
2021-05-16 14:00:00,EDSA-North,SB,30.115,915.0,23.334,1.5,2.81
2021-05-16 15:00:00,EDSA-North,NB,34.934,1097.0,27.744,1.0,1.611
2021-05-16 16:00:00,EDSA-North,SB,21.948,1783.0,34.903,1.0,2.634
2021-05-16 17:00:00,EDSA-North,SB,16.851,1590.0,32.231,2.0,7.06
2021-05-16 18:00:00,EDSA-Center,SB,22.028,1936.0,37.356,1.5,4.525
2021-05-16 19:00:00,EDSA-Center,SB,21.363,1873.0,32.65,1.0,3.331
2021-05-16 20:00:00,EDSA-Center,SB,24.53,1939.0,35.684,2.0,4.211
2021-05-16 21:00:00,EDSA-Center,SB,34.707,672.0,24.297,2.0,3.58
2021-05-16 22:00:00,EDSA-South,SB,36.176,1222.0,29.752,1.5,2.727
2021-05-16 23:00:00,EDSA-South,SB,34.431,1028.0,24.672,1.5,2.56
2021-05-17 00:00:00,EDSA-Center,NB,37.94,1098.0,28.725,2.0,3.395
2021-05-17 01:00:00,EDSA-Center,NB,31.139,982.0,24.532,1.5,3.304
2021-05-17 02:00:00,EDSA-South,NB,34.635,1344.0,31.899,1.5,2.256
2021-05-17 03:00:00,EDSA-South,SB,34.883,952.0,25.713,1.5,2.613
2021-05-17 04:00:00,EDSA-North,NB,34.269,1557.0,32.256,2.0,3.991
2021-05-17 05:00:00,EDSA-South,SB,36.332,1040.0,26.774,1.5,2.168
2021-05-17 06:00:00,EDSA-North,NB,23.903,2410.0,48.531,1.5,3.736
2021-05-17 07:00:00,EDSA-Center,NB,23.177,2067.0,37.951,1.5,3.771
2021-05-17 08:00:00,EDSA-Center,NB,21.469,2385.0,43.575,1.0,3.058
2021-05-17 09:00:00,EDSA-Center,SB,19.793,1968.0,39.892,1.5,4.845
2021-05-17 10:00:00,EDSA-North,NB,38.292,1153.0,26.339,1.0,1.608
2021-05-17 11:00:00,EDSA-South,SB,36.049,1295.0,26.702,1.5,2.505
2021-05-17 12:00:00,EDSA-North,SB,31.944,1269.0,28.393,1.0,1.448
2021-05-17 13:00:00,EDSA-North,SB,34.419,1348.0,32.023,1.0,2.099
2021-05-17 14:00:00,EDSA-South,NB,29.77,1062.0,26.532,1.5,2.935
2021-05-17 15:00:00,EDSA-South,SB,35.106,1165.0,27.938,1.0,1.674
2021-05-17 16:00:00,EDSA-North,SB,21.405,2325.0,44.256,1.0,3.046
2021-05-17 17:00:00,EDSA-South,NB,20.277,1973.0,36.777,2.0,5.968
2021-05-17 18:00:00,EDSA-South,NB,26.754,2203.0,40.858,2.0,4.736
2021-05-17 19:00:00,EDSA-North,SB,18.532,2061.0,36.369,1.5,5.007
2021-05-17 20:00:00,EDSA-Center,SB,24.119,2137.0,40.918,2.0,5.026
2021-05-17 21:00:00,EDSA-Center,NB,41.56,1165.0,28.859,2.0,2.965
2021-05-17 22:00:00,EDSA-North,NB,38.232,1008.0,28.184,2.0,2.858
2021-05-17 23:00:00,EDSA-North,NB,34.905,1103.0,25.395,2.0,3.401
2021-05-18 00:00:00,EDSA-North,SB,31.598,1176.0,28.141,1.0,2.17
2021-05-18 01:00:00,EDSA-North,NB,30.914,1132.0,25.455,1.5,2.687
2021-05-18 02:00:00,EDSA-Center,NB,33.765,1433.0,30.988,2.0,3.375
2021-05-18 03:00:00,EDSA-Center,NB,32.939,1332.0,33.279,2.0,3.423
2021-05-18 04:00:00,EDSA-North,NB,32.841,1202.0,28.184,1.5,2.779
2021-05-18 05:00:00,EDSA-North,NB,34.021,1013.0,23.913,1.5,2.996
2021-05-18 06:00:00,EDSA-North,NB,21.693,1952.0,36.785,1.0,2.903
2021-05-18 07:00:00,EDSA-South,SB,23.456,2455.0,40.714,1.5,3.293
2021-05-18 08:00:00,EDSA-North,SB,18.287,1918.0,35.168,1.5,5.084
2021-05-18 09:00:00,EDSA-South,NB,19.953,2120.0,41.428,1.5,4.4
2021-05-18 10:00:00,EDSA-Center,NB,34.521,1215.0,26.08,1.5,2.734
2021-05-18 11:00:00,EDSA-South,NB,34.414,1094.0,28.205,1.0,1.706
2021-05-18 12:00:00,EDSA-Center,SB,40.509,970.0,26.202,2.0,2.747
2021-05-18 13:00:00,EDSA-North,NB,35.697,1009.0,25.537,1.0,1.663
2021-05-18 14:00:00,EDSA-Center,NB,30.159,1052.0,27.548,1.5,2.874
2021-05-18 15:00:00,EDSA-North,SB,36.255,1022.0,24.881,1.5,2.559
2021-05-18 16:00:00,EDSA-North,NB,23.637,2339.0,44.28,1.0,2.317
2021-05-18 17:00:00,EDSA-North,NB,21.625,2098.0,38.434,1.0,2.493
2021-05-18 18:00:00,EDSA-North,NB,18.36,2006.0,37.993,1.5,5.085
2021-05-18 19:00:00,EDSA-North,NB,27.274,2119.0,39.061,1.0,2.477
2021-05-18 20:00:00,EDSA-North,SB,18.79,2220.0,42.612,2.0,6.531
2021-05-18 21:00:00,EDSA-South,SB,36.982,1088.0,28.601,2.0,3.083
2021-05-18 22:00:00,EDSA-Center,NB,35.6,1312.0,24.849,1.5,2.343
2021-05-18 23:00:00,EDSA-Center,NB,36.802,921.0,26.102,1.5,2.275
2021-05-19 00:00:00,EDSA-South,NB,40.121,1361.0,27.16,2.0,3.214
2021-05-19 01:00:00,EDSA-North,SB,36.685,1148.0,27.524,1.0,1.429
2021-05-19 02:00:00,EDSA-Center,NB,33.324,1141.0,27.909,1.5,2.922
2021-05-19 03:00:00,EDSA-South,NB,38.318,1025.0,26.086,1.0,1.725
2021-05-19 04:00:00,EDSA-Center,SB,33.107,929.0,26.685,1.0,2.122
2021-05-19 05:00:00,EDSA-Center,NB,35.491,850.0,26.215,2.0,3.647
2021-05-19 06:00:00,EDSA-North,NB,18.121,1963.0,36.724,1.0,3.447
2021-05-19 07:00:00,EDSA-North,NB,18.9,2206.0,39.447,2.0,5.982
2021-05-19 08:00:00,EDSA-North,SB,22.154,1927.0,37.788,2.0,5.569
2021-05-19 09:00:00,EDSA-North,SB,23.104,1821.0,33.557,1.5,3.924
2021-05-19 10:00:00,EDSA-South,SB,29.893,986.0,25.389,2.0,3.921
2021-05-19 11:00:00,EDSA-Center,NB,36.492,1081.0,30.125,1.0,1.985
2021-05-19 12:00:00,EDSA-Center,SB,32.542,1088.0,24.497,1.0,1.806
2021-05-19 13:00:00,EDSA-South,SB,38.839,1127.0,27.278,1.5,2.185
2021-05-19 14:00:00,EDSA-North,NB,33.944,1336.0,29.178,2.0,3.816
2021-05-19 15:00:00,EDSA-North,NB,31.629,1375.0,34.821,1.0,1.796
2021-05-19 16:00:00,EDSA-Center,NB,22.227,2461.0,42.926,1.0,2.554
2021-05-19 17:00:00,EDSA-South,SB,19.251,1808.0,35.527,2.0,5.952
2021-05-19 18:00:00,EDSA-Center,NB,25.807,1946.0,36.017,1.5,3.282
2021-05-19 19:00:00,EDSA-South,NB,22.002,2226.0,41.315,1.5,3.907
2021-05-19 20:00:00,EDSA-North,SB,21.545,2018.0,39.45,1.5,4.333
2021-05-19 21:00:00,EDSA-South,NB,36.775,1305.0,28.235,2.0,3.008
2021-05-19 22:00:00,EDSA-North,SB,31.985,1187.0,30.631,2.0,3.287
2021-05-19 23:00:00,EDSA-North,NB,31.133,1434.0,32.036,1.5,2.967
2021-05-20 00:00:00,EDSA-Center,NB,36.225,1338.0,32.087,1.0,1.498
2021-05-20 01:00:00,EDSA-North,SB,31.701,1341.0,29.765,2.0,3.781
2021-05-20 02:00:00,EDSA-South,SB,31.7,1076.0,27.859,1.0,2.213
2021-05-20 03:00:00,EDSA-South,NB,37.51,1132.0,27.597,1.5,2.417
2021-05-20 04:00:00,EDSA-Center,SB,36.575,1095.0,30.508,2.0,3.658
2021-05-20 05:00:00,EDSA-North,SB,31.239,879.0,25.34,1.5,2.864
2021-05-20 06:00:00,EDSA-North,NB,20.143,2365.0,42.914,2.0,6.209
2021-05-20 07:00:00,EDSA-Center,SB,19.289,2234.0,40.476,1.5,4.529
2021-05-20 08:00:00,EDSA-Center,NB,27.329,2038.0,38.104,2.0,4.418
2021-05-20 09:00:00,EDSA-South,SB,24.718,2335.0,43.026,1.5,3.408
2021-05-20 10:00:00,EDSA-Center,NB,33.737,1037.0,28.559,1.0,1.575
2021-05-20 11:00:00,EDSA-North,NB,36.729,819.0,23.051,2.0,3.211
2021-05-20 12:00:00,EDSA-North,SB,30.931,1331.0,30.563,1.5,2.578
2021-05-20 13:00:00,EDSA-South,SB,32.982,920.0,25.947,1.5,2.769
2021-05-20 14:00:00,EDSA-North,NB,35.315,1115.0,28.536,1.5,2.473
2021-05-20 15:00:00,EDSA-South,SB,36.357,1187.0,25.237,2.0,3.359
2021-05-20 16:00:00,EDSA-North,NB,21.708,2169.0,38.798,2.0,5.2
2021-05-20 17:00:00,EDSA-South,SB,22.744,2253.0,38.875,1.5,4.133
2021-05-20 18:00:00,EDSA-South,SB,22.235,2205.0,41.118,1.0,3.123
2021-05-20 19:00:00,EDSA-Center,SB,21.509,2199.0,39.186,1.0,3.161
2021-05-20 20:00:00,EDSA-North,SB,21.112,1958.0,37.221,1.0,3.318
2021-05-20 21:00:00,EDSA-South,SB,33.721,1203.0,26.446,1.0,1.79
2021-05-20 22:00:00,EDSA-North,SB,35.696,879.0,24.302,1.5,2.433
2021-05-20 23:00:00,EDSA-Center,SB,36.232,1431.0,29.21,1.0,1.778
2021-05-21 00:00:00,EDSA-South,NB,35.595,898.0,26.838,1.5,2.469
2021-05-21 01:00:00,EDSA-South,SB,31.464,1088.0,28.466,2.0,3.379
2021-05-21 02:00:00,EDSA-North,SB,32.003,913.0,25.795,1.5,3.017
2021-05-21 03:00:00,EDSA-South,NB,36.197,1019.0,26.11,1.0,1.599
2021-05-21 04:00:00,EDSA-North,SB,39.415,1152.0,24.177,1.5,1.917
2021-05-21 05:00:00,EDSA-South,SB,35.457,1055.0,26.214,1.5,2.411
2021-05-21 06:00:00,EDSA-Center,NB,20.765,2306.0,40.696,1.5,4.281
2021-05-21 07:00:00,EDSA-North,NB,22.673,2141.0,40.814,1.0,2.649
2021-05-21 08:00:00,EDSA-Center,NB,18.59,2017.0,40.131,1.0,3.234
2021-05-21 09:00:00,EDSA-North,SB,25.927,2076.0,40.223,2.0,4.971
2021-05-21 10:00:00,EDSA-South,SB,35.56,1370.0,33.276,1.0,1.365
2021-05-21 11:00:00,EDSA-North,SB,32.992,1314.0,28.97,2.0,3.599
2021-05-21 12:00:00,EDSA-North,SB,34.5,945.0,24.648,1.0,1.519
2021-05-21 13:00:00,EDSA-Center,NB,33.419,1027.0,28.892,2.0,3.905
2021-05-21 14:00:00,EDSA-South,SB,38.935,1235.0,29.54,1.0,1.401
2021-05-21 15:00:00,EDSA-Center,NB,34.393,1214.0,28.462,1.0,1.659
2021-05-21 16:00:00,EDSA-Center,NB,22.466,1911.0,41.369,1.5,4.268
2021-05-21 17:00:00,EDSA-Center,NB,23.721,2235.0,42.556,1.5,4.125
2021-05-21 18:00:00,EDSA-South,SB,19.778,1940.0,37.625,1.0,3.402
2021-05-21 19:00:00,EDSA-Center,NB,22.581,2335.0,41.177,1.0,2.246
2021-05-21 20:00:00,EDSA-South,NB,22.823,2195.0,43.599,2.0,5.379
2021-05-21 21:00:00,EDSA-South,NB,30.338,946.0,26.296,2.0,4.023
2021-05-21 22:00:00,EDSA-South,NB,35.758,1055.0,27.179,1.5,2.504
2021-05-21 23:00:00,EDSA-South,SB,34.863,1052.0,28.446,1.0,1.738
2021-05-22 00:00:00,EDSA-South,SB,33.39,929.0,27.441,1.0,2.118
2021-05-22 01:00:00,EDSA-North,SB,33.107,863.0,26.028,2.0,3.884
2021-05-22 02:00:00,EDSA-South,SB,33.778,694.0,24.747,2.0,3.777
2021-05-22 03:00:00,EDSA-South,SB,37.012,649.0,23.367,2.0,3.294
2021-05-22 04:00:00,EDSA-North,SB,29.461,999.0,27.596,2.0,4.641
2021-05-22 05:00:00,EDSA-South,NB,31.974,952.0,24.479,2.0,3.653
2021-05-22 06:00:00,EDSA-North,SB,22.0,1869.0,40.814,1.5,3.687
2021-05-22 07:00:00,EDSA-Center,SB,21.443,1899.0,35.068,2.0,5.53
2021-05-22 08:00:00,EDSA-South,SB,21.378,1739.0,36.313,1.5,4.224
2021-05-22 09:00:00,EDSA-North,NB,28.261,1883.0,34.682,1.5,3.51
2021-05-22 10:00:00,EDSA-Center,NB,34.842,1357.0,30.408,1.5,2.455
2021-05-22 11:00:00,EDSA-South,SB,36.393,1111.0,26.639,1.0,1.771
2021-05-22 12:00:00,EDSA-Center,SB,32.079,848.0,25.025,1.5,2.436
2021-05-22 13:00:00,EDSA-South,NB,30.021,806.0,24.95,1.5,3.268
2021-05-22 14:00:00,EDSA-North,SB,32.057,385.0,17.516,1.5,2.825
2021-05-22 15:00:00,EDSA-South,NB,35.136,1092.0,27.503,1.0,1.638
2021-05-22 16:00:00,EDSA-South,SB,21.22,1992.0,41.391,2.0,6.188
2021-05-22 17:00:00,EDSA-South,NB,21.21,1752.0,33.225,2.0,5.925
2021-05-22 18:00:00,EDSA-North,NB,19.357,1592.0,32.303,1.0,2.84
2021-05-22 19:00:00,EDSA-South,SB,18.879,1642.0,36.305,1.5,4.74
2021-05-22 20:00:00,EDSA-Center,SB,19.46,1930.0,38.05,1.5,5.309
2021-05-22 21:00:00,EDSA-Center,NB,35.173,884.0,25.467,2.0,3.906
2021-05-22 22:00:00,EDSA-Center,NB,35.522,1024.0,28.826,2.0,3.609
2021-05-22 23:00:00,EDSA-Center,SB,29.981,916.0,23.941,2.0,3.541
2021-05-23 00:00:00,EDSA-Center,NB,35.287,1074.0,26.313,1.5,2.884
2021-05-23 01:00:00,EDSA-Center,SB,31.048,967.0,24.83,1.0,1.774
2021-05-23 02:00:00,EDSA-North,SB,34.407,1049.0,26.369,2.0,3.819
2021-05-23 03:00:00,EDSA-South,SB,32.424,524.0,23.703,1.0,1.67
2021-05-23 04:00:00,EDSA-North,NB,37.697,678.0,19.393,1.5,2.51
2021-05-23 05:00:00,EDSA-North,NB,31.746,834.0,22.207,1.5,2.675
2021-05-23 06:00:00,EDSA-Center,SB,20.536,2044.0,36.478,1.5,4.292
2021-05-23 07:00:00,EDSA-Center,NB,21.82,2188.0,43.671,1.0,2.905
2021-05-23 08:00:00,EDSA-Center,SB,17.378,1820.0,35.406,2.0,6.576
2021-05-23 09:00:00,EDSA-South,NB,19.781,1740.0,35.056,2.0,6.659
2021-05-23 10:00:00,EDSA-North,SB,32.2,548.0,18.074,1.5,2.538
2021-05-23 11:00:00,EDSA-North,NB,31.459,1055.0,26.613,2.0,3.544
2021-05-23 12:00:00,EDSA-Center,SB,31.681,801.0,25.944,2.0,3.944
2021-05-23 13:00:00,EDSA-South,SB,36.336,1433.0,31.98,2.0,3.625
2021-05-23 14:00:00,EDSA-Center,NB,31.204,767.0,23.604,2.0,3.765
2021-05-23 15:00:00,EDSA-Center,NB,34.699,1279.0,26.578,1.5,2.326
2021-05-23 16:00:00,EDSA-Center,NB,20.944,1985.0,37.868,1.5,4.067
2021-05-23 17:00:00,EDSA-South,NB,15.809,1665.0,35.14,2.0,7.333
2021-05-23 18:00:00,EDSA-Center,NB,21.558,1892.0,35.472,1.5,4.252
2021-05-23 19:00:00,EDSA-South,NB,15.759,1989.0,39.882,1.5,5.693
2021-05-23 20:00:00,EDSA-South,SB,21.884,1809.0,38.279,1.5,4.219
2021-05-23 21:00:00,EDSA-North,SB,31.478,1051.0,26.027,2.0,3.903
2021-05-23 22:00:00,EDSA-North,NB,33.025,1047.0,28.491,2.0,3.84
2021-05-23 23:00:00,EDSA-South,NB,29.117,1007.0,26.365,2.0,4.019
2021-05-24 00:00:00,EDSA-North,NB,35.367,1147.0,30.485,1.0,1.512
2021-05-24 01:00:00,EDSA-Center,SB,37.781,939.0,29.861,2.0,3.215
2021-05-24 02:00:00,EDSA-North,NB,32.579,1136.0,25.879,1.0,1.828
2021-05-24 03:00:00,EDSA-Center,NB,33.178,1182.0,30.128,1.0,1.872
2021-05-24 04:00:00,EDSA-North,NB,36.364,812.0,26.952,1.0,1.472
2021-05-24 05:00:00,EDSA-Center,SB,36.439,1180.0,26.634,2.0,3.454
2021-05-24 06:00:00,EDSA-South,NB,14.697,2083.0,38.499,2.0,7.87
2021-05-24 07:00:00,EDSA-South,SB,28.046,1867.0,35.993,1.0,2.029
2021-05-24 08:00:00,EDSA-South,NB,23.586,2040.0,38.895,1.0,2.826
2021-05-24 09:00:00,EDSA-North,NB,24.091,2044.0,38.492,1.5,3.453
2021-05-24 10:00:00,EDSA-Center,NB,34.569,1497.0,31.824,1.0,1.998
2021-05-24 11:00:00,EDSA-North,NB,29.434,1190.0,30.357,1.5,2.705
2021-05-24 12:00:00,EDSA-South,SB,37.024,1336.0,26.578,2.0,2.845
2021-05-24 13:00:00,EDSA-South,NB,33.304,1129.0,26.033,1.0,1.428
2021-05-24 14:00:00,EDSA-North,NB,36.632,813.0,25.686,1.0,1.667
2021-05-24 15:00:00,EDSA-Center,NB,34.344,1271.0,30.722,1.0,1.929
2021-05-24 16:00:00,EDSA-Center,SB,22.714,1982.0,36.37,2.0,5.606
2021-05-24 17:00:00,EDSA-Center,NB,19.675,2040.0,40.275,1.0,3.353
2021-05-24 18:00:00,EDSA-Center,SB,24.593,1910.0,40.324,1.0,2.655
2021-05-24 19:00:00,EDSA-North,SB,18.435,2113.0,39.903,2.0,6.301
2021-05-24 20:00:00,EDSA-Center,SB,28.737,2292.0,40.039,1.0,1.878
2021-05-24 21:00:00,EDSA-Center,SB,41.714,1318.0,31.906,1.5,2.355
2021-05-24 22:00:00,EDSA-South,SB,39.898,1436.0,34.955,1.0,1.859
2021-05-24 23:00:00,EDSA-South,NB,38.826,1461.0,30.03,2.0,2.833
2021-05-25 00:00:00,EDSA-South,SB,34.746,782.0,24.069,2.0,3.777
2021-05-25 01:00:00,EDSA-North,SB,38.5,935.0,27.935,2.0,2.637
2021-05-25 02:00:00,EDSA-South,NB,34.711,825.0,24.713,1.5,2.69
2021-05-25 03:00:00,EDSA-Center,NB,30.339,1264.0,26.039,1.5,2.94
2021-05-25 04:00:00,EDSA-Center,SB,39.51,1025.0,27.677,2.0,2.986
2021-05-25 05:00:00,EDSA-South,SB,38.386,1062.0,25.255,2.0,3.134
2021-05-25 06:00:00,EDSA-South,SB,21.906,2061.0,36.86,1.0,2.526
2021-05-25 07:00:00,EDSA-North,NB,18.324,2169.0,37.186,1.5,5.023
2021-05-25 08:00:00,EDSA-Center,NB,20.241,1833.0,39.156,1.5,4.462
2021-05-25 09:00:00,EDSA-South,SB,16.537,1873.0,35.575,1.0,3.862
2021-05-25 10:00:00,EDSA-Center,NB,37.835,1150.0,28.894,1.5,2.776
2021-05-25 11:00:00,EDSA-North,SB,30.19,1366.0,31.864,2.0,4.007
2021-05-25 12:00:00,EDSA-Center,SB,35.86,1145.0,28.496,1.0,1.468
2021-05-25 13:00:00,EDSA-South,NB,32.469,1008.0,27.179,2.0,3.411
2021-05-25 14:00:00,EDSA-North,SB,30.72,763.0,24.54,2.0,4.331
2021-05-25 15:00:00,EDSA-South,NB,35.715,1321.0,30.473,1.0,2.073
2021-05-25 16:00:00,EDSA-South,NB,20.999,1968.0,36.806,1.0,3.079
2021-05-25 17:00:00,EDSA-South,NB,24.515,1893.0,35.776,2.0,4.91
2021-05-25 18:00:00,EDSA-North,SB,18.197,1791.0,36.089,2.0,6.798
2021-05-25 19:00:00,EDSA-North,SB,19.728,1841.0,36.619,1.0,3.367
2021-05-25 20:00:00,EDSA-Center,NB,14.837,1927.0,38.719,1.0,3.889
2021-05-25 21:00:00,EDSA-Center,SB,28.447,1107.0,29.934,2.0,4.226
2021-05-25 22:00:00,EDSA-Center,SB,40.395,932.0,26.411,1.0,1.209
2021-05-25 23:00:00,EDSA-South,SB,41.251,1183.0,26.988,1.5,2.15
2021-05-26 00:00:00,EDSA-South,SB,35.278,1106.0,23.353,2.0,3.788
2021-05-26 01:00:00,EDSA-North,SB,32.529,1550.0,31.287,1.0,2.114
2021-05-26 02:00:00,EDSA-South,SB,34.105,843.0,22.008,1.0,1.793
2021-05-26 03:00:00,EDSA-North,SB,37.621,1179.0,27.099,2.0,2.516
2021-05-26 04:00:00,EDSA-Center,NB,33.457,1181.0,29.07,2.0,3.423
2021-05-26 05:00:00,EDSA-North,NB,35.713,964.0,26.261,1.5,2.546
2021-05-26 06:00:00,EDSA-Center,NB,21.962,2117.0,43.764,1.0,2.678
2021-05-26 07:00:00,EDSA-South,SB,20.294,2239.0,42.409,1.0,2.965
2021-05-26 08:00:00,EDSA-Center,SB,20.421,2117.0,43.868,2.0,5.937
2021-05-26 09:00:00,EDSA-South,SB,22.88,2349.0,44.146,2.0,5.111
2021-05-26 10:00:00,EDSA-North,NB,32.069,758.0,25.889,2.0,3.74
2021-05-26 11:00:00,EDSA-Center,NB,36.355,998.0,25.764,2.0,3.263
2021-05-26 12:00:00,EDSA-Center,NB,33.585,1416.0,29.129,1.5,2.504
2021-05-26 13:00:00,EDSA-South,SB,35.382,1314.0,29.215,1.5,3.005
2021-05-26 14:00:00,EDSA-South,NB,39.152,1247.0,29.32,1.5,2.18
2021-05-26 15:00:00,EDSA-Center,NB,34.495,1372.0,29.521,2.0,2.915
2021-05-26 16:00:00,EDSA-North,SB,24.759,1755.0,33.88,1.0,2.869
2021-05-26 17:00:00,EDSA-Center,NB,16.624,2243.0,42.331,1.0,3.398
2021-05-26 18:00:00,EDSA-North,SB,20.589,2292.0,40.042,2.0,6.053
2021-05-26 19:00:00,EDSA-Center,SB,22.083,1981.0,35.42,1.0,2.547
2021-05-26 20:00:00,EDSA-North,NB,27.77,2573.0,43.048,1.0,2.303
2021-05-26 21:00:00,EDSA-Center,NB,29.12,1185.0,28.163,2.0,4.109
2021-05-26 22:00:00,EDSA-North,NB,34.711,755.0,21.704,1.5,2.843
2021-05-26 23:00:00,EDSA-North,NB,39.37,1219.0,28.558,1.0,1.471
2021-05-27 00:00:00,EDSA-North,NB,32.645,1020.0,27.936,1.5,2.593
2021-05-27 01:00:00,EDSA-South,NB,34.361,1360.0,31.785,1.5,2.683
2021-05-27 02:00:00,EDSA-South,NB,35.995,1249.0,28.038,1.5,2.405
2021-05-27 03:00:00,EDSA-South,SB,35.554,1042.0,24.379,2.0,2.893
2021-05-27 04:00:00,EDSA-North,NB,39.697,1420.0,30.184,2.0,2.872
2021-05-27 05:00:00,EDSA-Center,SB,36.345,1319.0,31.481,2.0,4.019
2021-05-27 06:00:00,EDSA-South,SB,25.983,1951.0,39.915,1.5,3.008
2021-05-27 07:00:00,EDSA-Center,NB,20.92,2073.0,40.241,1.5,4.362
2021-05-27 08:00:00,EDSA-North,SB,19.778,2193.0,43.323,1.0,2.973
2021-05-27 09:00:00,EDSA-North,NB,21.323,2034.0,42.554,1.5,4.68
2021-05-27 10:00:00,EDSA-North,SB,31.523,1090.0,26.566,2.0,3.529
2021-05-27 11:00:00,EDSA-South,NB,36.451,1157.0,31.274,2.0,3.317
2021-05-27 12:00:00,EDSA-North,SB,33.842,958.0,25.498,1.0,1.944
2021-05-27 13:00:00,EDSA-South,SB,32.985,748.0,25.643,2.0,3.593
2021-05-27 14:00:00,EDSA-South,SB,36.496,1193.0,30.137,1.5,2.274
2021-05-27 15:00:00,EDSA-South,NB,31.569,792.0,20.154,1.0,1.895
2021-05-27 16:00:00,EDSA-South,SB,24.312,1921.0,35.862,2.0,4.859
2021-05-27 17:00:00,EDSA-North,SB,20.565,1781.0,33.74,1.5,4.298
2021-05-27 18:00:00,EDSA-South,SB,25.477,1803.0,32.874,1.5,3.765
2021-05-27 19:00:00,EDSA-North,SB,20.822,2177.0,42.491,1.0,2.982
2021-05-27 20:00:00,EDSA-North,NB,23.896,2060.0,43.527,1.0,2.649
2021-05-27 21:00:00,EDSA-North,NB,35.539,1103.0,27.175,1.0,1.771
2021-05-27 22:00:00,EDSA-North,SB,37.232,913.0,27.209,1.0,1.851
2021-05-27 23:00:00,EDSA-North,SB,35.33,1032.0,29.837,1.0,2.024
2021-05-28 00:00:00,EDSA-North,SB,30.01,1218.0,29.421,1.5,2.927
2021-05-28 01:00:00,EDSA-North,SB,38.026,1141.0,28.067,1.5,2.572
2021-05-28 02:00:00,EDSA-Center,SB,34.737,1298.0,29.437,2.0,3.13
2021-05-28 03:00:00,EDSA-North,SB,37.369,1324.0,31.298,2.0,2.648
2021-05-28 04:00:00,EDSA-North,NB,37.071,1105.0,29.452,1.5,2.884
2021-05-28 05:00:00,EDSA-South,NB,32.68,817.0,25.314,2.0,3.589
2021-05-28 06:00:00,EDSA-North,NB,19.256,1964.0,39.139,1.5,4.737
2021-05-28 07:00:00,EDSA-North,SB,23.966,2082.0,39.545,1.5,3.449
2021-05-28 08:00:00,EDSA-North,SB,21.09,1960.0,35.057,1.0,2.527
2021-05-28 09:00:00,EDSA-North,SB,24.809,1910.0,39.462,1.5,3.449
2021-05-28 10:00:00,EDSA-Center,NB,34.465,1163.0,25.8,1.0,1.902
2021-05-28 11:00:00,EDSA-South,SB,38.07,1587.0,34.494,1.0,1.447
2021-05-28 12:00:00,EDSA-South,SB,36.27,1062.0,28.726,2.0,3.225
2021-05-28 13:00:00,EDSA-Center,SB,35.864,1149.0,25.938,1.0,1.487
2021-05-28 14:00:00,EDSA-North,NB,33.878,914.0,24.293,1.5,2.948
2021-05-28 15:00:00,EDSA-South,NB,35.697,1374.0,35.042,1.0,1.898
2021-05-28 16:00:00,EDSA-North,NB,25.579,2257.0,41.502,1.5,3.398
2021-05-28 17:00:00,EDSA-Center,SB,21.837,2245.0,39.077,2.0,5.666
2021-05-28 18:00:00,EDSA-Center,SB,23.594,2345.0,44.267,1.5,3.753
2021-05-28 19:00:00,EDSA-South,SB,22.139,2023.0,37.42,1.0,2.626
2021-05-28 20:00:00,EDSA-North,NB,22.374,2046.0,35.383,1.0,2.669
2021-05-28 21:00:00,EDSA-Center,NB,40.17,1458.0,32.804,2.0,3.148
2021-05-28 22:00:00,EDSA-Center,SB,38.605,1264.0,27.702,1.0,1.331
2021-05-28 23:00:00,EDSA-Center,NB,35.238,751.0,24.274,1.0,1.828
2021-05-29 00:00:00,EDSA-South,SB,33.643,982.0,24.666,2.0,4.191
2021-05-29 01:00:00,EDSA-South,NB,30.894,795.0,25.56,1.5,2.959
2021-05-29 02:00:00,EDSA-Center,SB,32.481,1062.0,27.576,2.0,3.703
2021-05-29 03:00:00,EDSA-Center,SB,33.928,973.0,21.017,2.0,3.516
2021-05-29 04:00:00,EDSA-South,SB,35.552,587.0,22.511,1.5,2.651
2021-05-29 05:00:00,EDSA-Center,NB,35.248,948.0,25.327,2.0,3.002
2021-05-29 06:00:00,EDSA-North,SB,16.672,1888.0,40.244,1.0,4.024
2021-05-29 07:00:00,EDSA-Center,SB,22.931,1915.0,38.518,1.0,2.862
2021-05-29 08:00:00,EDSA-North,SB,19.734,1954.0,39.679,1.0,2.879
2021-05-29 09:00:00,EDSA-North,NB,17.039,2119.0,38.651,2.0,7.051
2021-05-29 10:00:00,EDSA-Center,SB,37.009,975.0,24.627,1.5,2.292
2021-05-29 11:00:00,EDSA-South,NB,37.39,904.0,25.346,1.0,1.68
2021-05-29 12:00:00,EDSA-South,NB,33.791,1107.0,27.005,1.0,1.791
2021-05-29 13:00:00,EDSA-North,SB,35.126,1304.0,32.668,2.0,3.473
2021-05-29 14:00:00,EDSA-Center,SB,35.302,1065.0,26.938,2.0,3.142
2021-05-29 15:00:00,EDSA-North,NB,37.187,937.0,23.327,1.0,1.493
2021-05-29 16:00:00,EDSA-South,NB,22.184,1928.0,36.215,1.5,4.343
2021-05-29 17:00:00,EDSA-North,SB,16.017,1896.0,39.435,1.5,5.486
2021-05-29 18:00:00,EDSA-South,SB,26.029,1853.0,36.679,1.0,1.644
2021-05-29 19:00:00,EDSA-South,NB,23.197,2240.0,41.015,2.0,5.135
2021-05-29 20:00:00,EDSA-South,SB,18.471,1715.0,37.545,2.0,7.099
2021-05-29 21:00:00,EDSA-North,SB,29.911,1108.0,25.911,2.0,4.224
2021-05-29 22:00:00,EDSA-South,SB,34.514,877.0,20.619,2.0,3.331
2021-05-29 23:00:00,EDSA-South,NB,32.165,634.0,20.58,2.0,3.718
2021-05-30 00:00:00,EDSA-Center,SB,33.99,866.0,25.444,1.5,2.818
2021-05-30 01:00:00,EDSA-South,SB,35.23,802.0,23.719,1.0,1.264
2021-05-30 02:00:00,EDSA-South,SB,31.301,1004.0,23.425,1.0,1.703
2021-05-30 03:00:00,EDSA-North,SB,29.652,916.0,27.571,2.0,4.147
2021-05-30 04:00:00,EDSA-South,NB,34.157,716.0,23.561,1.5,3.033
2021-05-30 05:00:00,EDSA-South,NB,31.4,1165.0,29.173,1.0,1.801
2021-05-30 06:00:00,EDSA-North,NB,20.438,2046.0,40.071,2.0,6.263
2021-05-30 07:00:00,EDSA-North,NB,15.97,2135.0,37.661,1.0,3.568
2021-05-30 08:00:00,EDSA-South,NB,19.243,1893.0,38.071,1.0,2.272
2021-05-30 09:00:00,EDSA-North,NB,22.145,1844.0,38.716,1.0,2.895
2021-05-30 10:00:00,EDSA-Center,SB,34.818,1027.0,29.087,2.0,3.582
2021-05-30 11:00:00,EDSA-South,SB,30.635,796.0,25.597,1.0,2.143
2021-05-30 12:00:00,EDSA-Center,SB,29.495,923.0,26.645,2.0,4.243
2021-05-30 13:00:00,EDSA-South,SB,33.047,868.0,21.512,1.0,1.864
2021-05-30 14:00:00,EDSA-North,NB,34.683,637.0,22.296,1.0,1.665
2021-05-30 15:00:00,EDSA-North,NB,34.216,923.0,23.701,2.0,3.452
2021-05-30 16:00:00,EDSA-South,NB,18.464,1771.0,38.627,1.0,3.135
2021-05-30 17:00:00,EDSA-Center,NB,20.893,1806.0,38.734,1.0,2.772
2021-05-30 18:00:00,EDSA-North,NB,24.507,1915.0,35.827,1.0,1.996
2021-05-30 19:00:00,EDSA-North,SB,20.615,2079.0,39.517,1.5,4.062
2021-05-30 20:00:00,EDSA-Center,SB,15.101,1697.0,35.715,1.0,3.933
2021-05-30 21:00:00,EDSA-Center,SB,33.61,839.0,26.455,1.0,1.225
2021-05-30 22:00:00,EDSA-North,NB,39.132,762.0,20.415,1.5,1.798
2021-05-30 23:00:00,EDSA-Center,SB,29.138,751.0,19.212,2.0,4.035
2021-05-31 00:00:00,EDSA-Center,SB,35.089,1043.0,27.071,1.0,1.678
2021-05-31 01:00:00,EDSA-Center,NB,34.321,1115.0,22.756,1.0,1.67
2021-05-31 02:00:00,EDSA-North,NB,35.288,1255.0,29.755,1.0,1.105
2021-05-31 03:00:00,EDSA-Center,SB,35.583,1208.0,30.073,1.0,2.074
2021-05-31 04:00:00,EDSA-South,NB,38.42,960.0,28.509,1.0,1.203
2021-05-31 05:00:00,EDSA-North,SB,35.254,1383.0,29.659,1.5,2.348
2021-05-31 06:00:00,EDSA-North,NB,25.832,2270.0,42.127,1.0,2.007
2021-05-31 07:00:00,EDSA-South,NB,21.647,1938.0,39.288,2.0,5.868
2021-05-31 08:00:00,EDSA-Center,SB,20.95,2320.0,40.032,1.0,2.969
2021-05-31 09:00:00,EDSA-South,NB,19.992,2159.0,42.357,2.0,5.884
2021-05-31 10:00:00,EDSA-Center,NB,29.549,1122.0,28.45,2.0,3.925
2021-05-31 11:00:00,EDSA-South,NB,35.827,1214.0,27.755,1.5,2.557
2021-05-31 12:00:00,EDSA-Center,NB,41.162,1145.0,28.454,1.0,1.146
2021-05-31 13:00:00,EDSA-North,SB,36.375,1248.0,29.075,2.0,3.394
2021-05-31 14:00:00,EDSA-South,NB,37.06,1184.0,30.173,2.0,3.101
2021-05-31 15:00:00,EDSA-Center,NB,33.761,1089.0,26.806,1.5,2.796
2021-05-31 16:00:00,EDSA-North,SB,21.267,1735.0,36.111,1.0,2.943
2021-05-31 17:00:00,EDSA-Center,SB,24.954,2195.0,39.699,2.0,4.66
2021-05-31 18:00:00,EDSA-Center,NB,28.026,2033.0,37.201,1.5,2.698
2021-05-31 19:00:00,EDSA-North,SB,26.464,2240.0,41.803,1.0,2.206
2021-05-31 20:00:00,EDSA-South,NB,24.416,2187.0,39.054,2.0,4.552
2021-05-31 21:00:00,EDSA-North,SB,35.105,1087.0,29.106,1.0,1.729
2021-05-31 22:00:00,EDSA-North,SB,35.629,1334.0,31.527,1.5,2.462
2021-05-31 23:00:00,EDSA-Center,SB,32.739,1187.0,27.119,1.0,1.686
2021-06-01 00:00:00,EDSA-South,NB,30.655,1179.0,28.991,1.5,2.612
2021-06-01 01:00:00,EDSA-South,NB,31.62,1125.0,26.4,2.0,4.092
2021-06-01 02:00:00,EDSA-South,SB,35.149,1453.0,28.501,1.0,1.594
2021-06-01 03:00:00,EDSA-North,SB,34.124,1022.0,25.554,1.0,2.347
2021-06-01 04:00:00,EDSA-South,NB,30.592,1092.0,27.456,2.0,3.931
2021-06-01 05:00:00,EDSA-South,NB,34.888,927.0,26.707,1.0,1.808
2021-06-01 06:00:00,EDSA-Center,NB,21.045,2231.0,41.653,1.0,2.861
2021-06-01 07:00:00,EDSA-Center,SB,18.481,1995.0,40.46,1.5,4.955
2021-06-01 08:00:00,EDSA-North,NB,20.889,2015.0,36.915,1.0,3.145
2021-06-01 09:00:00,EDSA-South,SB,21.037,2007.0,38.027,2.0,5.98
2021-06-01 10:00:00,EDSA-South,SB,33.15,1161.0,31.644,1.0,1.368
2021-06-01 11:00:00,EDSA-Center,SB,37.78,925.0,21.774,1.5,2.596
2021-06-01 12:00:00,EDSA-Center,NB,29.291,746.0,22.678,2.0,4.221
2021-06-01 13:00:00,EDSA-Center,SB,29.043,1232.0,27.029,2.0,4.141
2021-06-01 14:00:00,EDSA-North,SB,35.01,770.0,23.459,1.0,2.142
2021-06-01 15:00:00,EDSA-Center,NB,35.288,1304.0,29.124,1.0,2.138
2021-06-01 16:00:00,EDSA-South,SB,23.213,2381.0,44.28,1.0,2.811
2021-06-01 17:00:00,EDSA-South,SB,20.383,2070.0,40.021,2.0,5.751
2021-06-01 18:00:00,EDSA-South,SB,19.246,2334.0,39.929,1.0,2.819
2021-06-01 19:00:00,EDSA-Center,SB,21.978,2096.0,38.623,1.0,2.919
2021-06-01 20:00:00,EDSA-South,NB,20.675,2388.0,43.16,1.5,4.693
2021-06-01 21:00:00,EDSA-Center,SB,39.653,1068.0,28.759,1.0,1.006
2021-06-01 22:00:00,EDSA-Center,SB,34.027,724.0,28.196,1.0,2.035
2021-06-01 23:00:00,EDSA-Center,NB,34.84,1136.0,29.465,1.5,2.519
2021-06-02 00:00:00,EDSA-South,SB,42.426,1457.0,29.735,2.0,2.376
2021-06-02 01:00:00,EDSA-South,NB,34.416,1246.0,29.145,1.0,1.861
2021-06-02 02:00:00,EDSA-North,SB,36.668,1057.0,27.52,2.0,3.5
2021-06-02 03:00:00,EDSA-North,SB,36.939,1209.0,27.867,1.5,2.349
2021-06-02 04:00:00,EDSA-Center,NB,37.194,1325.0,31.176,1.5,2.155
2021-06-02 05:00:00,EDSA-Center,NB,35.868,1135.0,23.505,2.0,3.774
2021-06-02 06:00:00,EDSA-South,NB,22.582,2573.0,46.393,1.5,3.818
2021-06-02 07:00:00,EDSA-Center,SB,22.301,2007.0,37.826,1.0,2.98
2021-06-02 08:00:00,EDSA-Center,NB,20.272,2280.0,41.706,1.0,2.581
2021-06-02 09:00:00,EDSA-South,SB,22.977,2237.0,44.359,1.0,2.715
2021-06-02 10:00:00,EDSA-Center,NB,41.086,1024.0,24.253,1.5,2.287
2021-06-02 11:00:00,EDSA-Center,SB,38.632,1074.0,27.892,1.0,1.771
2021-06-02 12:00:00,EDSA-Center,SB,35.912,1333.0,31.92,1.0,2.044
2021-06-02 13:00:00,EDSA-Center,NB,37.567,1176.0,28.865,1.0,1.394
2021-06-02 14:00:00,EDSA-South,SB,32.392,1211.0,25.696,1.0,1.982
2021-06-02 15:00:00,EDSA-South,SB,34.218,856.0,27.539,2.0,3.165
2021-06-02 16:00:00,EDSA-Center,NB,24.844,2218.0,40.785,1.0,2.071
2021-06-02 17:00:00,EDSA-Center,NB,26.462,2152.0,39.39,1.5,3.257
2021-06-02 18:00:00,EDSA-Center,SB,19.687,2088.0,39.097,1.0,3.15
2021-06-02 19:00:00,EDSA-North,NB,20.549,2165.0,39.833,1.0,3.339
2021-06-02 20:00:00,EDSA-Center,NB,28.544,2026.0,36.623,1.0,2.567
2021-06-02 21:00:00,EDSA-North,SB,35.289,1043.0,27.33,1.0,1.612
2021-06-02 22:00:00,EDSA-North,SB,40.47,1106.0,26.53,1.0,1.559
2021-06-02 23:00:00,EDSA-North,NB,35.621,1066.0,28.606,2.0,3.605
2021-06-03 00:00:00,EDSA-Center,NB,35.739,1542.0,33.774,1.5,2.71
2021-06-03 01:00:00,EDSA-North,NB,34.084,1314.0,33.364,2.0,3.478
2021-06-03 02:00:00,EDSA-Center,SB,37.828,976.0,25.797,2.0,3.191
2021-06-03 03:00:00,EDSA-Center,NB,39.073,1517.0,30.834,2.0,3.044
2021-06-03 04:00:00,EDSA-Center,SB,31.895,1072.0,24.39,1.0,1.829
2021-06-03 05:00:00,EDSA-South,SB,33.943,1155.0,32.673,1.0,1.682
2021-06-03 06:00:00,EDSA-Center,SB,24.745,2262.0,43.032,1.5,3.607
2021-06-03 07:00:00,EDSA-South,SB,21.611,1745.0,34.387,1.5,4.063
2021-06-03 08:00:00,EDSA-South,SB,20.52,2057.0,42.746,2.0,5.564
2021-06-03 09:00:00,EDSA-North,NB,25.029,1997.0,41.376,1.0,2.613
2021-06-03 10:00:00,EDSA-North,NB,38.31,1187.0,25.947,1.0,1.695
2021-06-03 11:00:00,EDSA-Center,NB,33.651,1217.0,27.484,2.0,4.035
2021-06-03 12:00:00,EDSA-South,SB,35.637,1136.0,27.8,1.5,2.618
2021-06-03 13:00:00,EDSA-North,SB,31.375,1128.0,25.829,1.5,2.764
2021-06-03 14:00:00,EDSA-North,NB,32.314,1342.0,30.237,1.0,1.7
2021-06-03 15:00:00,EDSA-South,NB,35.372,1204.0,30.273,2.0,3.404
2021-06-03 16:00:00,EDSA-South,SB,22.094,2107.0,37.189,2.0,5.57
2021-06-03 17:00:00,EDSA-North,SB,19.099,2127.0,40.742,1.0,3.08
2021-06-03 18:00:00,EDSA-Center,NB,19.852,2430.0,45.987,1.0,2.655
2021-06-03 19:00:00,EDSA-Center,SB,18.805,2131.0,41.008,2.0,6.197
2021-06-03 20:00:00,EDSA-North,SB,23.365,2007.0,38.634,2.0,5.14
2021-06-03 21:00:00,EDSA-North,SB,29.097,806.0,22.937,1.0,2.247
2021-06-03 22:00:00,EDSA-Center,NB,31.965,892.0,26.918,2.0,3.383
2021-06-03 23:00:00,EDSA-Center,SB,29.411,1066.0,24.904,2.0,4.146
2021-06-04 00:00:00,EDSA-North,SB,36.257,1130.0,28.486,1.0,1.71
2021-06-04 01:00:00,EDSA-Center,SB,29.592,1050.0,27.126,1.0,1.915
2021-06-04 02:00:00,EDSA-North,NB,35.095,1213.0,31.203,1.0,1.563
2021-06-04 03:00:00,EDSA-South,SB,39.919,1048.0,25.883,2.0,2.822
2021-06-04 04:00:00,EDSA-North,SB,40.02,985.0,25.337,2.0,3.034
2021-06-04 05:00:00,EDSA-North,NB,29.582,1260.0,27.009,1.0,2.31
2021-06-04 06:00:00,EDSA-North,SB,22.895,2346.0,43.559,1.0,2.92
2021-06-04 07:00:00,EDSA-South,NB,19.033,1901.0,36.711,1.5,4.448
2021-06-04 08:00:00,EDSA-South,SB,18.421,2144.0,38.63,2.0,6.468
2021-06-04 09:00:00,EDSA-Center,SB,21.66,1757.0,34.373,2.0,4.992
2021-06-04 10:00:00,EDSA-North,SB,38.685,885.0,26.247,1.0,1.578
2021-06-04 11:00:00,EDSA-South,NB,36.799,1044.0,24.8,1.5,2.595
2021-06-04 12:00:00,EDSA-Center,NB,32.855,1354.0,28.546,1.0,2.219
2021-06-04 13:00:00,EDSA-South,SB,37.115,1010.0,28.406,1.0,1.17
2021-06-04 14:00:00,EDSA-Center,NB,28.269,1003.0,26.203,1.5,2.912
2021-06-04 15:00:00,EDSA-South,SB,32.741,1156.0,30.211,1.5,2.785
2021-06-04 16:00:00,EDSA-South,SB,19.528,2107.0,39.208,1.5,4.204
2021-06-04 17:00:00,EDSA-North,SB,22.235,1959.0,38.223,1.0,2.742
2021-06-04 18:00:00,EDSA-South,SB,21.392,2458.0,44.274,1.5,4.363
2021-06-04 19:00:00,EDSA-North,NB,21.576,2052.0,42.075,1.5,3.851
2021-06-04 20:00:00,EDSA-Center,SB,21.476,2120.0,42.697,1.0,2.827
2021-06-04 21:00:00,EDSA-North,NB,35.067,1078.0,29.7,1.0,1.408
2021-06-04 22:00:00,EDSA-South,SB,36.62,1229.0,27.878,1.5,2.802
2021-06-04 23:00:00,EDSA-North,SB,35.448,1372.0,28.808,1.0,1.744
2021-06-05 00:00:00,EDSA-Center,SB,32.147,1199.0,30.315,1.0,1.706
2021-06-05 01:00:00,EDSA-Center,NB,34.205,763.0,26.526,1.0,1.445
2021-06-05 02:00:00,EDSA-South,SB,35.478,1098.0,29.954,1.5,2.634
2021-06-05 03:00:00,EDSA-South,SB,31.332,999.0,26.514,1.0,2.254
2021-06-05 04:00:00,EDSA-North,SB,32.822,1075.0,28.823,1.0,1.635
2021-06-05 05:00:00,EDSA-South,SB,36.486,883.0,26.651,1.0,1.535
2021-06-05 06:00:00,EDSA-North,SB,16.692,1816.0,36.886,2.0,7.001
2021-06-05 07:00:00,EDSA-Center,SB,25.414,2018.0,39.297,2.0,5.111
2021-06-05 08:00:00,EDSA-Center,SB,15.983,2022.0,39.148,1.5,5.154
2021-06-05 09:00:00,EDSA-Center,SB,18.964,2132.0,38.64,1.0,3.485
2021-06-05 10:00:00,EDSA-South,SB,30.149,936.0,24.389,1.5,2.891
2021-06-05 11:00:00,EDSA-South,NB,39.564,881.0,23.726,2.0,3.015
2021-06-05 12:00:00,EDSA-Center,NB,31.49,457.0,17.06,2.0,3.726
2021-06-05 13:00:00,EDSA-South,NB,31.497,610.0,22.3,2.0,3.87
2021-06-05 14:00:00,EDSA-North,SB,31.888,829.0,24.453,1.0,1.699
2021-06-05 15:00:00,EDSA-North,SB,33.287,702.0,24.595,1.5,2.968
2021-06-05 16:00:00,EDSA-Center,NB,19.015,1997.0,41.182,1.0,3.43
2021-06-05 17:00:00,EDSA-Center,NB,19.601,1614.0,36.912,2.0,5.876
2021-06-05 18:00:00,EDSA-South,SB,9.412,1760.0,38.774,1.0,6.541
2021-06-05 19:00:00,EDSA-South,NB,20.171,1767.0,34.504,1.5,4.373
2021-06-05 20:00:00,EDSA-North,NB,20.053,2067.0,36.605,1.0,3.005
2021-06-05 21:00:00,EDSA-North,NB,36.116,791.0,25.952,1.5,2.873
2021-06-05 22:00:00,EDSA-South,SB,36.927,981.0,29.051,2.0,3.081
2021-06-05 23:00:00,EDSA-Center,NB,32.437,935.0,28.867,1.0,2.081
2021-06-06 00:00:00,EDSA-North,NB,35.449,1063.0,28.19,1.0,1.807
2021-06-06 01:00:00,EDSA-South,SB,29.695,1053.0,23.117,1.5,2.982
2021-06-06 02:00:00,EDSA-Center,NB,35.302,894.0,26.012,1.5,2.641
2021-06-06 03:00:00,EDSA-South,NB,31.283,595.0,22.95,1.0,1.98
2021-06-06 04:00:00,EDSA-South,SB,29.446,858.0,27.374,1.0,1.748
2021-06-06 05:00:00,EDSA-South,SB,32.443,896.0,28.168,1.5,2.622
2021-06-06 06:00:00,EDSA-Center,NB,24.201,1901.0,39.386,1.5,3.457
2021-06-06 07:00:00,EDSA-South,NB,20.543,1717.0,34.274,1.0,2.852
2021-06-06 08:00:00,EDSA-South,NB,24.489,2055.0,37.278,1.5,4.011
2021-06-06 09:00:00,EDSA-North,SB,17.754,1852.0,38.071,1.5,5.215
2021-06-06 10:00:00,EDSA-North,SB,36.144,734.0,21.86,1.0,1.302
2021-06-06 11:00:00,EDSA-North,NB,31.044,818.0,27.352,1.5,2.831
2021-06-06 12:00:00,EDSA-Center,SB,33.676,1247.0,25.933,1.5,2.731
2021-06-06 13:00:00,EDSA-Center,SB,33.65,1020.0,27.859,1.0,1.969
2021-06-06 14:00:00,EDSA-North,NB,34.984,1089.0,28.159,2.0,3.267
2021-06-06 15:00:00,EDSA-Center,NB,33.752,713.0,22.78,1.0,1.468
2021-06-06 16:00:00,EDSA-North,SB,17.782,1726.0,33.699,1.5,5.047
2021-06-06 17:00:00,EDSA-Center,SB,22.641,1727.0,31.441,2.0,5.442
2021-06-06 18:00:00,EDSA-Center,SB,25.195,1883.0,36.294,2.0,4.822
2021-06-06 19:00:00,EDSA-Center,NB,18.249,1819.0,35.587,1.0,3.067
2021-06-06 20:00:00,EDSA-Center,NB,14.494,1762.0,38.185,1.5,6.648
2021-06-06 21:00:00,EDSA-Center,NB,34.498,834.0,23.031,1.0,1.715
2021-06-06 22:00:00,EDSA-South,NB,32.006,757.0,24.612,2.0,3.798
2021-06-06 23:00:00,EDSA-South,NB,32.607,868.0,22.393,1.0,1.675
2021-06-07 00:00:00,EDSA-South,NB,36.669,1350.0,31.49,2.0,3.549
2021-06-07 01:00:00,EDSA-Center,SB,33.631,878.0,20.617,2.0,3.711
2021-06-07 02:00:00,EDSA-Center,SB,34.193,1212.0,33.133,1.5,2.711
2021-06-07 03:00:00,EDSA-North,SB,34.7,1398.0,30.8,2.0,3.17
2021-06-07 04:00:00,EDSA-Center,SB,39.409,1117.0,22.257,1.5,2.557
2021-06-07 05:00:00,EDSA-North,NB,35.09,1055.0,25.695,1.5,2.754
2021-06-07 06:00:00,EDSA-Center,SB,18.293,2266.0,40.012,1.0,3.534
2021-06-07 07:00:00,EDSA-North,NB,18.412,1923.0,36.501,2.0,6.527
2021-06-07 08:00:00,EDSA-Center,SB,22.418,2096.0,39.074,1.0,2.658
2021-06-07 09:00:00,EDSA-South,SB,18.612,1913.0,36.372,1.5,4.79
2021-06-07 10:00:00,EDSA-South,NB,30.313,813.0,22.721,2.0,4.528
2021-06-07 11:00:00,EDSA-Center,SB,36.907,1123.0,25.593,2.0,3.116
2021-06-07 12:00:00,EDSA-North,SB,37.053,923.0,27.253,2.0,2.942
2021-06-07 13:00:00,EDSA-North,NB,33.896,1148.0,30.603,1.5,2.562
2021-06-07 14:00:00,EDSA-North,NB,35.881,1351.0,30.024,2.0,3.211
2021-06-07 15:00:00,EDSA-South,SB,35.564,1484.0,32.028,2.0,3.689
2021-06-07 16:00:00,EDSA-South,NB,23.807,2117.0,37.791,1.0,2.181
2021-06-07 17:00:00,EDSA-Center,SB,23.814,2283.0,42.102,1.5,3.639
2021-06-07 18:00:00,EDSA-North,NB,14.183,2172.0,41.136,1.5,6.393
2021-06-07 19:00:00,EDSA-North,SB,21.279,2031.0,38.618,1.0,3.137
2021-06-07 20:00:00,EDSA-South,NB,23.554,1754.0,36.658,2.0,5.273
2021-06-07 21:00:00,EDSA-North,NB,33.769,1443.0,32.209,1.0,2.182
2021-06-07 22:00:00,EDSA-North,SB,35.109,961.0,23.945,1.0,1.795
2021-06-07 23:00:00,EDSA-North,NB,37.252,1399.0,33.473,1.0,1.56
2021-06-08 00:00:00,EDSA-North,SB,35.243,1247.0,28.921,1.0,1.916
2021-06-08 01:00:00,EDSA-Center,NB,39.524,974.0,29.556,1.5,1.935
2021-06-08 02:00:00,EDSA-South,NB,38.381,1206.0,29.712,2.0,2.699
2021-06-08 03:00:00,EDSA-North,SB,34.644,1534.0,36.582,2.0,3.708
2021-06-08 04:00:00,EDSA-South,NB,34.406,1426.0,33.754,2.0,3.54
2021-06-08 05:00:00,EDSA-North,NB,26.449,1058.0,27.618,2.0,4.778
2021-06-08 06:00:00,EDSA-North,SB,21.02,1972.0,36.93,1.5,4.068
2021-06-08 07:00:00,EDSA-North,SB,17.94,2118.0,38.654,2.0,7.01
2021-06-08 08:00:00,EDSA-South,SB,22.664,2070.0,40.573,1.0,2.815
2021-06-08 09:00:00,EDSA-Center,SB,22.459,2316.0,42.62,1.5,4.0
2021-06-08 10:00:00,EDSA-South,SB,37.088,1283.0,28.578,1.0,1.67
2021-06-08 11:00:00,EDSA-North,SB,39.19,845.0,26.388,2.0,3.149
2021-06-08 12:00:00,EDSA-North,SB,34.921,1233.0,29.252,2.0,3.222
2021-06-08 13:00:00,EDSA-South,NB,41.841,1118.0,29.532,2.0,2.772
2021-06-08 14:00:00,EDSA-North,SB,35.697,1157.0,26.351,1.0,1.764
2021-06-08 15:00:00,EDSA-North,NB,31.069,1195.0,30.739,1.0,1.825
2021-06-08 16:00:00,EDSA-Center,SB,20.314,2316.0,43.333,2.0,5.54
2021-06-08 17:00:00,EDSA-Center,NB,20.882,2276.0,44.269,1.5,4.384
2021-06-08 18:00:00,EDSA-North,SB,23.776,1965.0,40.253,1.5,3.994
2021-06-08 19:00:00,EDSA-Center,SB,19.158,2089.0,39.559,1.5,4.965
2021-06-08 20:00:00,EDSA-South,SB,21.106,2019.0,38.591,2.0,5.819
2021-06-08 21:00:00,EDSA-Center,SB,34.517,847.0,28.31,1.0,1.943
2021-06-08 22:00:00,EDSA-Center,NB,33.656,1130.0,27.417,1.5,2.921
2021-06-08 23:00:00,EDSA-North,NB,37.434,1482.0,33.541,1.0,1.623
2021-06-09 00:00:00,EDSA-Center,NB,36.924,842.0,23.918,2.0,2.72
2021-06-09 01:00:00,EDSA-South,SB,38.5,1146.0,24.451,1.0,1.848
2021-06-09 02:00:00,EDSA-Center,SB,34.007,1140.0,25.654,1.0,1.541
2021-06-09 03:00:00,EDSA-South,NB,38.608,1202.0,29.632,1.0,1.271
2021-06-09 04:00:00,EDSA-North,NB,30.908,977.0,27.634,2.0,3.607
2021-06-09 05:00:00,EDSA-North,NB,30.835,893.0,26.093,1.0,2.567
2021-06-09 06:00:00,EDSA-Center,SB,18.359,1852.0,39.288,2.0,6.647
2021-06-09 07:00:00,EDSA-North,NB,22.028,2340.0,43.388,2.0,5.187
2021-06-09 08:00:00,EDSA-Center,SB,25.607,1923.0,36.265,2.0,4.515
2021-06-09 09:00:00,EDSA-South,SB,20.194,2010.0,40.005,1.5,4.457
2021-06-09 10:00:00,EDSA-Center,NB,33.57,1529.0,32.921,1.5,2.817
2021-06-09 11:00:00,EDSA-Center,NB,34.352,1018.0,25.554,2.0,3.563
2021-06-09 12:00:00,EDSA-South,SB,36.718,1212.0,29.879,1.0,1.402
2021-06-09 13:00:00,EDSA-North,NB,33.567,1341.0,30.586,1.0,1.867
2021-06-09 14:00:00,EDSA-South,SB,33.4,1333.0,29.118,1.0,1.644
2021-06-09 15:00:00,EDSA-North,SB,30.964,910.0,25.113,2.0,4.137
2021-06-09 16:00:00,EDSA-South,SB,20.285,1972.0,41.2,1.0,2.972
2021-06-09 17:00:00,EDSA-Center,SB,25.532,2154.0,43.238,2.0,4.51
2021-06-09 18:00:00,EDSA-North,SB,22.273,2447.0,44.219,2.0,5.56
2021-06-09 19:00:00,EDSA-South,NB,19.78,1963.0,38.388,2.0,6.162
2021-06-09 20:00:00,EDSA-North,NB,25.708,2011.0,35.962,1.5,3.382
2021-06-09 21:00:00,EDSA-Center,NB,33.244,1226.0,32.532,1.5,2.89
2021-06-09 22:00:00,EDSA-South,SB,39.26,1262.0,31.58,2.0,3.214
2021-06-09 23:00:00,EDSA-South,SB,39.211,1272.0,31.137,1.5,2.596
2021-06-10 00:00:00,EDSA-South,NB,35.168,998.0,21.924,2.0,3.59
2021-06-10 01:00:00,EDSA-Center,NB,30.504,1054.0,27.206,1.5,2.897
2021-06-10 02:00:00,EDSA-Center,SB,41.869,1189.0,28.417,2.0,2.443
2021-06-10 03:00:00,EDSA-North,NB,36.162,1377.0,32.204,1.5,2.535
2021-06-10 04:00:00,EDSA-South,SB,34.028,1107.0,26.829,1.0,1.849
2021-06-10 05:00:00,EDSA-Center,SB,37.868,1146.0,27.715,2.0,3.182
2021-06-10 06:00:00,EDSA-South,NB,24.107,1915.0,38.965,1.5,2.981
2021-06-10 07:00:00,EDSA-Center,NB,25.933,2435.0,42.16,1.0,2.483
2021-06-10 08:00:00,EDSA-South,NB,20.013,2128.0,39.021,1.0,2.77
2021-06-10 09:00:00,EDSA-North,SB,22.955,2294.0,42.468,1.0,2.785
2021-06-10 10:00:00,EDSA-South,NB,31.442,1155.0,30.964,1.5,3.288
2021-06-10 11:00:00,EDSA-North,NB,36.999,1165.0,30.018,2.0,3.18
2021-06-10 12:00:00,EDSA-North,SB,34.931,880.0,27.27,1.0,1.827
2021-06-10 13:00:00,EDSA-Center,NB,35.843,763.0,23.9,1.0,1.682
2021-06-10 14:00:00,EDSA-Center,SB,34.561,1375.0,33.807,2.0,3.604
2021-06-10 15:00:00,EDSA-South,NB,34.247,1164.0,24.904,2.0,3.53
2021-06-10 16:00:00,EDSA-Center,NB,19.395,2137.0,44.322,1.5,4.511
2021-06-10 17:00:00,EDSA-North,NB,24.371,1875.0,41.568,1.0,2.236
2021-06-10 18:00:00,EDSA-North,NB,26.469,1937.0,38.894,2.0,4.931
2021-06-10 19:00:00,EDSA-Center,NB,20.33,2291.0,43.713,1.5,4.537
2021-06-10 20:00:00,EDSA-Center,SB,23.661,2413.0,43.376,1.0,2.743
2021-06-10 21:00:00,EDSA-Center,NB,36.297,1038.0,26.52,1.0,1.753
2021-06-10 22:00:00,EDSA-North,SB,35.024,1271.0,28.393,1.0,1.957
2021-06-10 23:00:00,EDSA-Center,SB,30.42,1184.0,28.52,1.5,2.735
2021-06-11 00:00:00,EDSA-Center,SB,31.095,1128.0,29.087,2.0,3.88
2021-06-11 01:00:00,EDSA-South,SB,32.657,1483.0,32.898,2.0,3.801
2021-06-11 02:00:00,EDSA-Center,NB,28.583,1068.0,31.26,2.0,4.521
2021-06-11 03:00:00,EDSA-South,NB,39.224,1373.0,30.994,2.0,3.728
2021-06-11 04:00:00,EDSA-North,SB,36.103,1219.0,26.037,2.0,3.426
2021-06-11 05:00:00,EDSA-South,SB,34.91,1147.0,31.479,1.0,1.553
2021-06-11 06:00:00,EDSA-North,NB,15.429,2347.0,40.248,1.5,5.534
2021-06-11 07:00:00,EDSA-North,SB,16.528,2152.0,39.332,1.5,5.219
2021-06-11 08:00:00,EDSA-South,SB,21.993,2083.0,40.194,2.0,5.263
2021-06-11 09:00:00,EDSA-Center,SB,27.911,2348.0,43.54,2.0,3.574
2021-06-11 10:00:00,EDSA-Center,NB,32.904,1375.0,27.92,2.0,3.478
2021-06-11 11:00:00,EDSA-Center,NB,37.591,1366.0,29.22,1.0,1.775
2021-06-11 12:00:00,EDSA-South,NB,33.56,450.0,17.216,1.5,2.701
2021-06-11 13:00:00,EDSA-North,NB,35.166,1229.0,30.38,1.0,1.642
2021-06-11 14:00:00,EDSA-North,NB,38.644,1188.0,31.031,1.0,1.147
2021-06-11 15:00:00,EDSA-North,NB,33.962,1144.0,25.709,1.5,2.913
2021-06-11 16:00:00,EDSA-South,NB,19.93,2210.0,43.104,1.5,4.644
2021-06-11 17:00:00,EDSA-North,NB,26.254,2147.0,42.251,2.0,4.567
2021-06-11 18:00:00,EDSA-Center,NB,22.137,2222.0,39.935,2.0,4.87
2021-06-11 19:00:00,EDSA-Center,NB,25.274,2052.0,35.33,1.5,3.438
2021-06-11 20:00:00,EDSA-North,NB,19.944,2370.0,40.809,1.5,4.621
2021-06-11 21:00:00,EDSA-Center,SB,39.22,1290.0,28.647,1.0,1.523
2021-06-11 22:00:00,EDSA-North,SB,35.821,1248.0,32.431,1.0,1.723
2021-06-11 23:00:00,EDSA-North,SB,36.304,1239.0,29.01,2.0,3.477
2021-06-12 00:00:00,EDSA-North,SB,33.395,1108.0,25.732,2.0,3.632
2021-06-12 01:00:00,EDSA-South,NB,31.484,1084.0,27.761,2.0,3.974
2021-06-12 02:00:00,EDSA-Center,SB,32.995,880.0,22.526,1.0,1.608
2021-06-12 03:00:00,EDSA-South,NB,31.672,1078.0,28.429,1.5,2.536
2021-06-12 04:00:00,EDSA-Center,SB,35.879,931.0,23.755,1.0,1.792
2021-06-12 05:00:00,EDSA-North,NB,32.391,1245.0,27.653,2.0,3.875
2021-06-12 06:00:00,EDSA-Center,NB,15.51,2048.0,39.998,1.5,5.932
2021-06-12 07:00:00,EDSA-South,NB,14.962,1737.0,39.18,2.0,8.053
2021-06-12 08:00:00,EDSA-Center,NB,14.82,2270.0,46.195,1.5,5.992
2021-06-12 09:00:00,EDSA-North,SB,21.854,1472.0,30.544,1.5,4.171
2021-06-12 10:00:00,EDSA-North,SB,29.545,1015.0,25.476,1.5,3.141
2021-06-12 11:00:00,EDSA-South,NB,33.9,775.0,24.94,2.0,3.65
2021-06-12 12:00:00,EDSA-Center,NB,33.41,1239.0,31.584,1.0,2.448
2021-06-12 13:00:00,EDSA-South,SB,32.806,946.0,21.545,1.5,2.513
2021-06-12 14:00:00,EDSA-Center,SB,34.315,757.0,23.882,1.5,3.429
2021-06-12 15:00:00,EDSA-North,SB,33.475,852.0,23.824,1.0,1.478
2021-06-12 16:00:00,EDSA-South,SB,11.871,1721.0,31.649,2.0,10.205
2021-06-12 17:00:00,EDSA-South,SB,19.029,1795.0,33.668,2.0,6.007
2021-06-12 18:00:00,EDSA-South,SB,21.275,1791.0,35.159,1.0,2.897
2021-06-12 19:00:00,EDSA-South,SB,24.921,1715.0,35.538,2.0,5.061
2021-06-12 20:00:00,EDSA-North,NB,25.059,1899.0,39.55,2.0,4.797
2021-06-12 21:00:00,EDSA-South,SB,28.911,970.0,26.869,1.0,2.319
2021-06-12 22:00:00,EDSA-North,NB,31.951,721.0,25.183,1.5,2.711
2021-06-12 23:00:00,EDSA-South,NB,28.302,602.0,21.971,1.5,2.668
2021-06-13 00:00:00,EDSA-North,SB,37.56,956.0,24.584,1.0,1.754
2021-06-13 01:00:00,EDSA-Center,NB,36.039,996.0,26.084,2.0,3.337
2021-06-13 02:00:00,EDSA-South,SB,34.052,1031.0,28.253,2.0,3.404
2021-06-13 03:00:00,EDSA-North,SB,33.498,999.0,28.556,1.0,1.688
2021-06-13 04:00:00,EDSA-North,NB,37.142,1183.0,28.31,1.0,1.717
2021-06-13 05:00:00,EDSA-South,NB,36.634,1079.0,25.556,2.0,3.072
2021-06-13 06:00:00,EDSA-North,SB,23.474,2332.0,43.194,2.0,5.206
2021-06-13 07:00:00,EDSA-Center,SB,21.37,2408.0,44.349,1.0,3.105
2021-06-13 08:00:00,EDSA-South,SB,18.952,1534.0,35.801,1.5,5.264
2021-06-13 09:00:00,EDSA-Center,NB,22.301,1455.0,31.069,1.5,4.387
2021-06-13 10:00:00,EDSA-Center,SB,35.448,899.0,23.999,1.0,1.733
2021-06-13 11:00:00,EDSA-Center,NB,32.428,991.0,27.906,2.0,3.765
2021-06-13 12:00:00,EDSA-Center,NB,31.946,886.0,24.378,1.0,1.778
2021-06-13 13:00:00,EDSA-Center,NB,36.4,1027.0,25.907,2.0,3.18
2021-06-13 14:00:00,EDSA-Center,NB,37.992,851.0,27.299,1.0,1.797
2021-06-13 15:00:00,EDSA-North,SB,30.752,775.0,21.172,2.0,3.825
2021-06-13 16:00:00,EDSA-Center,SB,19.21,1752.0,39.964,1.0,3.215
2021-06-13 17:00:00,EDSA-South,NB,21.053,1814.0,35.335,2.0,5.459
2021-06-13 18:00:00,EDSA-South,SB,21.46,2002.0,40.455,1.5,4.536
2021-06-13 19:00:00,EDSA-North,NB,18.433,1762.0,35.75,1.5,4.802
2021-06-13 20:00:00,EDSA-South,SB,25.651,1798.0,36.92,1.0,2.611
2021-06-13 21:00:00,EDSA-South,NB,34.266,1003.0,26.005,2.0,3.326
2021-06-13 22:00:00,EDSA-North,NB,34.594,864.0,26.652,1.5,2.412
2021-06-13 23:00:00,EDSA-South,SB,38.277,1101.0,26.967,1.0,1.9
2021-06-14 00:00:00,EDSA-Center,SB,33.653,984.0,25.176,1.5,2.518
2021-06-14 01:00:00,EDSA-Center,SB,34.735,945.0,29.499,1.5,2.199
2021-06-14 02:00:00,EDSA-South,SB,31.24,1205.0,28.914,2.0,3.581
2021-06-14 03:00:00,EDSA-Center,NB,34.483,1223.0,27.71,1.5,2.824
2021-06-14 04:00:00,EDSA-Center,NB,30.533,994.0,23.454,1.0,2.155
2021-06-14 05:00:00,EDSA-North,SB,37.244,1392.0,34.737,1.5,2.226
2021-06-14 06:00:00,EDSA-South,SB,23.26,2446.0,42.731,1.5,3.711
2021-06-14 07:00:00,EDSA-South,NB,21.169,1987.0,42.674,1.5,4.42
2021-06-14 08:00:00,EDSA-North,NB,21.699,2368.0,43.726,1.5,4.477
2021-06-14 09:00:00,EDSA-South,SB,24.284,1671.0,35.205,1.5,3.689
2021-06-14 10:00:00,EDSA-North,NB,31.593,1344.0,30.792,1.0,2.038
2021-06-14 11:00:00,EDSA-Center,NB,35.613,996.0,30.881,1.0,1.903
2021-06-14 12:00:00,EDSA-South,SB,37.099,1326.0,25.861,2.0,3.773
2021-06-14 13:00:00,EDSA-North,NB,29.653,977.0,26.664,1.0,1.734
2021-06-14 14:00:00,EDSA-Center,NB,37.055,1138.0,27.553,2.0,3.071
2021-06-14 15:00:00,EDSA-North,SB,29.978,1004.0,26.122,1.5,2.876
2021-06-14 16:00:00,EDSA-South,NB,21.647,2062.0,39.706,1.5,4.364
2021-06-14 17:00:00,EDSA-Center,SB,18.51,2429.0,43.105,1.0,3.179
2021-06-14 18:00:00,EDSA-Center,SB,26.294,2081.0,40.003,1.0,2.36
2021-06-14 19:00:00,EDSA-South,NB,18.529,2480.0,44.171,2.0,6.507
2021-06-14 20:00:00,EDSA-Center,SB,17.049,2031.0,36.424,2.0,7.039
2021-06-14 21:00:00,EDSA-South,SB,35.4,1419.0,32.076,1.0,1.722
2021-06-14 22:00:00,EDSA-North,NB,33.759,857.0,26.292,2.0,3.812
2021-06-14 23:00:00,EDSA-North,SB,30.486,1098.0,26.548,2.0,3.694
2021-06-15 00:00:00,EDSA-South,NB,36.577,1054.0,30.851,1.0,1.603
2021-06-15 01:00:00,EDSA-South,NB,29.026,1427.0,34.079,1.0,1.763
2021-06-15 02:00:00,EDSA-Center,SB,31.891,1183.0,30.296,1.0,1.938
2021-06-15 03:00:00,EDSA-Center,SB,33.274,774.0,25.566,2.0,3.557
2021-06-15 04:00:00,EDSA-North,SB,37.407,914.0,25.573,2.0,3.475
2021-06-15 05:00:00,EDSA-South,SB,38.886,968.0,28.412,2.0,3.085
2021-06-15 06:00:00,EDSA-South,SB,25.308,2268.0,44.925,1.0,2.26
2021-06-15 07:00:00,EDSA-North,NB,21.54,2245.0,43.132,2.0,5.509
2021-06-15 08:00:00,EDSA-Center,NB,14.718,2046.0,38.088,2.0,8.584
2021-06-15 09:00:00,EDSA-Center,SB,23.173,2001.0,38.635,2.0,4.786
2021-06-15 10:00:00,EDSA-Center,SB,39.412,1279.0,30.855,1.5,2.127
2021-06-15 11:00:00,EDSA-South,NB,38.701,947.0,27.562,2.0,3.11
2021-06-15 12:00:00,EDSA-North,NB,36.389,1232.0,29.017,2.0,3.139
2021-06-15 13:00:00,EDSA-North,SB,31.431,1217.0,27.862,1.0,2.032
2021-06-15 14:00:00,EDSA-North,NB,33.424,1101.0,30.825,1.5,2.679
2021-06-15 15:00:00,EDSA-South,NB,40.801,1222.0,26.904,1.5,2.27
2021-06-15 16:00:00,EDSA-Center,SB,17.75,2118.0,38.179,1.5,5.1
2021-06-15 17:00:00,EDSA-South,NB,18.556,2190.0,38.225,1.5,4.824
2021-06-15 18:00:00,EDSA-Center,SB,24.828,1860.0,35.201,2.0,4.511
2021-06-15 19:00:00,EDSA-North,SB,20.707,2211.0,43.617,2.0,5.839
2021-06-15 20:00:00,EDSA-Center,SB,18.455,2285.0,44.537,1.5,4.436
2021-06-15 21:00:00,EDSA-North,SB,39.584,1208.0,28.741,2.0,2.864
2021-06-15 22:00:00,EDSA-South,SB,36.383,1258.0,30.462,2.0,3.421
2021-06-15 23:00:00,EDSA-South,SB,33.855,1130.0,27.976,1.0,2.07
2021-06-16 00:00:00,EDSA-South,NB,31.563,1310.0,27.686,2.0,4.389
2021-06-16 01:00:00,EDSA-Center,SB,41.142,1162.0,32.796,2.0,2.81
2021-06-16 02:00:00,EDSA-North,SB,34.927,943.0,28.598,2.0,3.219
2021-06-16 03:00:00,EDSA-North,NB,39.192,1298.0,30.632,1.5,2.427
2021-06-16 04:00:00,EDSA-Center,NB,37.681,856.0,23.131,1.0,2.06
2021-06-16 05:00:00,EDSA-Center,NB,33.437,1201.0,28.36,2.0,3.972
2021-06-16 06:00:00,EDSA-South,NB,20.461,2031.0,37.67,1.5,4.14
2021-06-16 07:00:00,EDSA-South,NB,26.339,2019.0,39.118,1.5,3.382
2021-06-16 08:00:00,EDSA-North,SB,26.388,2131.0,40.826,2.0,4.76
2021-06-16 09:00:00,EDSA-North,NB,16.369,1972.0,37.7,1.5,5.728
2021-06-16 10:00:00,EDSA-Center,NB,36.649,1242.0,26.376,1.0,1.785
2021-06-16 11:00:00,EDSA-Center,NB,34.636,1160.0,32.607,2.0,3.352
2021-06-16 12:00:00,EDSA-North,NB,31.9,1039.0,27.422,1.0,2.027
2021-06-16 13:00:00,EDSA-South,SB,35.785,1391.0,31.908,1.0,1.909
2021-06-16 14:00:00,EDSA-South,NB,30.951,1187.0,27.804,2.0,3.644
2021-06-16 15:00:00,EDSA-Center,SB,33.601,1264.0,26.407,2.0,3.904
2021-06-16 16:00:00,EDSA-North,NB,19.605,2355.0,42.616,1.5,4.839
2021-06-16 17:00:00,EDSA-South,NB,20.501,2352.0,42.102,2.0,5.668
2021-06-16 18:00:00,EDSA-North,SB,21.786,2204.0,42.469,1.0,2.985
2021-06-16 19:00:00,EDSA-Center,NB,18.953,2046.0,41.036,1.0,3.369
2021-06-16 20:00:00,EDSA-South,SB,26.72,1843.0,38.421,1.0,2.458
2021-06-16 21:00:00,EDSA-South,SB,36.48,1187.0,30.629,1.5,2.861
2021-06-16 22:00:00,EDSA-North,SB,40.384,1347.0,34.098,1.5,2.226
2021-06-16 23:00:00,EDSA-Center,NB,34.52,1214.0,29.738,1.0,1.821
2021-06-17 00:00:00,EDSA-North,NB,33.354,530.0,23.293,2.0,2.938
2021-06-17 01:00:00,EDSA-North,NB,40.275,1307.0,31.014,1.5,2.514
2021-06-17 02:00:00,EDSA-Center,NB,33.266,1318.0,26.353,1.5,2.96
2021-06-17 03:00:00,EDSA-South,NB,34.465,1096.0,27.292,2.0,3.821
2021-06-17 04:00:00,EDSA-South,SB,37.16,1328.0,28.535,1.5,2.188
2021-06-17 05:00:00,EDSA-Center,NB,31.287,1263.0,29.988,1.0,2.158
2021-06-17 06:00:00,EDSA-North,SB,24.134,1977.0,36.849,2.0,5.227
2021-06-17 07:00:00,EDSA-North,NB,23.75,2329.0,43.693,1.0,2.364
2021-06-17 08:00:00,EDSA-North,NB,25.808,1872.0,39.188,1.0,2.589
2021-06-17 09:00:00,EDSA-North,SB,24.67,2090.0,42.139,1.5,3.764
2021-06-17 10:00:00,EDSA-North,NB,38.9,1122.0,31.139,1.5,1.889
2021-06-17 11:00:00,EDSA-South,NB,34.669,1001.0,23.164,1.0,1.877
2021-06-17 12:00:00,EDSA-North,SB,32.412,1205.0,26.456,2.0,3.511
2021-06-17 13:00:00,EDSA-North,SB,41.33,1386.0,36.793,1.0,1.033
2021-06-17 14:00:00,EDSA-Center,SB,30.42,1375.0,32.827,2.0,4.036
2021-06-17 15:00:00,EDSA-North,SB,30.72,1280.0,30.172,1.5,2.913
2021-06-17 16:00:00,EDSA-Center,SB,23.695,1795.0,36.404,1.0,2.883
2021-06-17 17:00:00,EDSA-North,SB,26.875,1860.0,36.971,1.5,3.394
2021-06-17 18:00:00,EDSA-North,SB,22.569,2130.0,36.326,1.0,2.853
2021-06-17 19:00:00,EDSA-Center,NB,24.998,2094.0,38.234,2.0,4.928
2021-06-17 20:00:00,EDSA-South,SB,16.013,2010.0,38.595,1.5,5.876
2021-06-17 21:00:00,EDSA-Center,NB,33.501,1493.0,30.737,1.5,2.465
2021-06-17 22:00:00,EDSA-Center,NB,29.378,1169.0,27.274,2.0,4.134
2021-06-17 23:00:00,EDSA-Center,NB,37.341,1248.0,34.465,1.5,2.375
2021-06-18 00:00:00,EDSA-North,SB,30.358,1328.0,29.767,1.5,3.128
2021-06-18 01:00:00,EDSA-North,NB,31.167,1160.0,28.895,1.5,2.952
2021-06-18 02:00:00,EDSA-Center,SB,36.542,1616.0,34.074,1.5,2.309
2021-06-18 03:00:00,EDSA-North,NB,38.185,981.0,27.457,1.0,1.487
2021-06-18 04:00:00,EDSA-South,SB,34.523,1041.0,26.016,2.0,3.888
2021-06-18 05:00:00,EDSA-Center,SB,36.711,980.0,28.767,1.5,2.028
2021-06-18 06:00:00,EDSA-North,SB,23.613,2381.0,43.972,1.5,3.989
2021-06-18 07:00:00,EDSA-Center,NB,21.354,2244.0,38.936,2.0,5.93
2021-06-18 08:00:00,EDSA-North,SB,18.716,2002.0,38.509,1.5,4.953
2021-06-18 09:00:00,EDSA-Center,NB,23.695,1945.0,37.717,2.0,5.557
2021-06-18 10:00:00,EDSA-South,SB,36.839,1399.0,30.655,1.0,1.863
2021-06-18 11:00:00,EDSA-North,NB,37.682,1215.0,29.992,1.0,1.688
2021-06-18 12:00:00,EDSA-Center,SB,35.936,1404.0,32.414,1.5,2.388
2021-06-18 13:00:00,EDSA-North,SB,31.495,1139.0,29.134,1.5,2.958
2021-06-18 14:00:00,EDSA-Center,SB,37.071,1242.0,29.962,2.0,3.407
2021-06-18 15:00:00,EDSA-North,SB,34.996,1204.0,29.018,1.5,2.573
2021-06-18 16:00:00,EDSA-Center,NB,20.552,1988.0,34.256,2.0,5.653
2021-06-18 17:00:00,EDSA-Center,SB,21.116,2074.0,41.107,1.0,2.54
2021-06-18 18:00:00,EDSA-North,NB,19.929,1887.0,38.375,1.5,4.562
2021-06-18 19:00:00,EDSA-Center,SB,24.667,2189.0,38.903,2.0,4.495
2021-06-18 20:00:00,EDSA-South,NB,17.746,2237.0,41.987,1.5,4.954
2021-06-18 21:00:00,EDSA-South,SB,32.02,1328.0,31.571,1.0,1.266
2021-06-18 22:00:00,EDSA-North,SB,34.014,1270.0,31.947,2.0,3.736
2021-06-18 23:00:00,EDSA-Center,SB,39.841,1127.0,28.98,2.0,3.3
2021-06-19 00:00:00,EDSA-South,SB,36.163,1179.0,29.206,1.0,1.679
2021-06-19 01:00:00,EDSA-Center,NB,28.077,1061.0,29.091,1.5,3.663
2021-06-19 02:00:00,EDSA-North,SB,37.054,1150.0,27.611,2.0,3.575
2021-06-19 03:00:00,EDSA-Center,SB,37.048,1161.0,29.178,1.0,1.739
2021-06-19 04:00:00,EDSA-North,SB,29.478,877.0,23.848,1.0,2.007
2021-06-19 05:00:00,EDSA-North,SB,25.436,970.0,28.374,2.0,4.63
2021-06-19 06:00:00,EDSA-Center,SB,19.783,1989.0,35.359,2.0,6.206
2021-06-19 07:00:00,EDSA-Center,NB,23.367,1643.0,36.23,1.0,2.532
2021-06-19 08:00:00,EDSA-South,SB,24.774,1647.0,34.678,1.5,3.77
2021-06-19 09:00:00,EDSA-Center,SB,17.388,1616.0,36.216,2.0,7.057
2021-06-19 10:00:00,EDSA-South,SB,38.256,881.0,23.565,2.0,3.079
2021-06-19 11:00:00,EDSA-Center,NB,26.316,840.0,24.84,2.0,4.834
2021-06-19 12:00:00,EDSA-South,SB,31.896,642.0,22.499,1.0,1.824
2021-06-19 13:00:00,EDSA-North,SB,31.748,927.0,26.527,1.5,2.84
2021-06-19 14:00:00,EDSA-North,NB,36.457,883.0,23.057,2.0,3.047
2021-06-19 15:00:00,EDSA-South,NB,36.895,1113.0,29.07,1.0,1.559
2021-06-19 16:00:00,EDSA-South,NB,22.863,2212.0,37.45,1.0,3.164
2021-06-19 17:00:00,EDSA-South,SB,15.948,1932.0,36.584,1.5,5.418
2021-06-19 18:00:00,EDSA-North,NB,22.588,1725.0,32.408,2.0,5.422
2021-06-19 19:00:00,EDSA-North,SB,21.527,1966.0,39.97,1.5,4.067
2021-06-19 20:00:00,EDSA-South,SB,14.986,1852.0,37.795,1.5,5.452
2021-06-19 21:00:00,EDSA-Center,NB,26.799,857.0,25.765,1.5,3.498
2021-06-19 22:00:00,EDSA-North,NB,36.114,745.0,26.513,2.0,3.184
2021-06-19 23:00:00,EDSA-South,NB,32.46,816.0,23.757,1.5,2.852
2021-06-20 00:00:00,EDSA-South,SB,29.144,868.0,26.201,1.0,2.306
2021-06-20 01:00:00,EDSA-North,NB,32.375,1045.0,27.147,1.5,2.839
2021-06-20 02:00:00,EDSA-South,NB,34.092,992.0,26.235,1.0,1.842
2021-06-20 03:00:00,EDSA-South,NB,32.751,1229.0,31.742,2.0,3.447
2021-06-20 04:00:00,EDSA-Center,NB,28.344,1021.0,30.91,2.0,4.41
2021-06-20 05:00:00,EDSA-Center,SB,38.657,976.0,25.365,2.0,3.057
2021-06-20 06:00:00,EDSA-North,SB,23.013,1795.0,38.009,1.0,2.108
2021-06-20 07:00:00,EDSA-South,NB,18.994,1663.0,35.466,2.0,6.525
2021-06-20 08:00:00,EDSA-South,NB,19.115,1747.0,36.458,1.0,3.422
2021-06-20 09:00:00,EDSA-South,NB,21.078,1724.0,36.021,1.0,3.217
2021-06-20 10:00:00,EDSA-South,SB,29.611,439.0,19.383,1.0,2.569
2021-06-20 11:00:00,EDSA-North,NB,33.968,718.0,16.092,1.5,2.843
2021-06-20 12:00:00,EDSA-Center,SB,29.008,1188.0,31.736,1.0,2.197
2021-06-20 13:00:00,EDSA-Center,SB,32.788,966.0,24.724,1.5,3.018
2021-06-20 14:00:00,EDSA-South,NB,29.494,832.0,24.087,1.0,1.813
2021-06-20 15:00:00,EDSA-Center,NB,29.646,972.0,25.734,2.0,3.63
2021-06-20 16:00:00,EDSA-Center,NB,24.937,1498.0,31.364,1.5,3.49
2021-06-20 17:00:00,EDSA-North,SB,20.178,1901.0,38.039,2.0,6.266
2021-06-20 18:00:00,EDSA-South,NB,20.622,2080.0,39.531,1.0,2.744
2021-06-20 19:00:00,EDSA-Center,NB,13.966,1828.0,35.291,2.0,8.709
2021-06-20 20:00:00,EDSA-North,NB,18.209,1531.0,33.606,1.5,5.086
2021-06-20 21:00:00,EDSA-South,NB,34.384,825.0,24.427,1.0,1.806
2021-06-20 22:00:00,EDSA-North,NB,33.582,1130.0,29.854,2.0,3.254
2021-06-20 23:00:00,EDSA-North,SB,26.538,947.0,23.205,2.0,4.608
2021-06-21 00:00:00,EDSA-North,NB,35.621,895.0,23.678,2.0,3.263
2021-06-21 01:00:00,EDSA-Center,NB,36.1,1576.0,34.577,2.0,3.75
2021-06-21 02:00:00,EDSA-North,NB,38.851,924.0,24.35,2.0,3.373
2021-06-21 03:00:00,EDSA-South,SB,33.034,1106.0,25.915,1.0,1.72
2021-06-21 04:00:00,EDSA-Center,NB,28.274,963.0,24.897,1.0,2.564
2021-06-21 05:00:00,EDSA-North,NB,32.01,964.0,25.879,1.0,1.96
2021-06-21 06:00:00,EDSA-North,NB,18.709,2019.0,38.72,1.0,2.789
2021-06-21 07:00:00,EDSA-Center,SB,24.21,2215.0,40.747,1.0,2.459
2021-06-21 08:00:00,EDSA-North,SB,13.85,2332.0,40.464,2.0,9.073
2021-06-21 09:00:00,EDSA-South,SB,20.655,2030.0,40.597,1.5,4.152
2021-06-21 10:00:00,EDSA-North,SB,39.277,968.0,28.786,1.0,1.511
2021-06-21 11:00:00,EDSA-Center,SB,35.022,1236.0,25.395,1.5,2.23
2021-06-21 12:00:00,EDSA-North,NB,37.689,1241.0,26.169,1.0,1.292
2021-06-21 13:00:00,EDSA-North,NB,30.075,1193.0,30.728,1.0,1.786
2021-06-21 14:00:00,EDSA-North,NB,30.194,1200.0,31.935,1.0,1.68
2021-06-21 15:00:00,EDSA-North,SB,39.312,1130.0,23.734,1.5,2.135
2021-06-21 16:00:00,EDSA-South,SB,22.304,2118.0,41.684,1.0,3.125
2021-06-21 17:00:00,EDSA-South,SB,22.31,2067.0,42.75,2.0,5.37
2021-06-21 18:00:00,EDSA-South,SB,18.646,2293.0,40.341,2.0,6.632
2021-06-21 19:00:00,EDSA-North,NB,22.302,2501.0,47.622,2.0,5.653
2021-06-21 20:00:00,EDSA-South,NB,18.562,2132.0,39.866,2.0,6.188
2021-06-21 21:00:00,EDSA-Center,NB,38.561,1149.0,28.841,2.0,2.904
2021-06-21 22:00:00,EDSA-North,SB,43.183,1196.0,27.316,2.0,2.97
2021-06-21 23:00:00,EDSA-North,SB,36.452,1032.0,28.865,2.0,3.133
2021-06-22 00:00:00,EDSA-Center,NB,33.095,1288.0,31.477,1.0,1.988
2021-06-22 01:00:00,EDSA-Center,NB,27.399,1229.0,32.588,1.5,3.704
2021-06-22 02:00:00,EDSA-North,SB,29.947,1074.0,30.236,1.0,1.64
2021-06-22 03:00:00,EDSA-South,SB,39.665,1312.0,30.074,2.0,2.936
2021-06-22 04:00:00,EDSA-South,SB,31.912,1153.0,34.481,1.0,1.831
2021-06-22 05:00:00,EDSA-Center,SB,33.887,975.0,28.919,1.5,2.524
2021-06-22 06:00:00,EDSA-South,NB,23.966,2163.0,41.659,1.5,3.603
2021-06-22 07:00:00,EDSA-South,NB,26.447,2143.0,38.346,2.0,4.414
2021-06-22 08:00:00,EDSA-South,SB,21.401,2273.0,38.778,1.0,2.8
2021-06-22 09:00:00,EDSA-North,SB,20.786,2250.0,38.681,2.0,5.814
2021-06-22 10:00:00,EDSA-South,SB,35.215,1130.0,26.132,1.5,2.794
2021-06-22 11:00:00,EDSA-Center,SB,33.117,1065.0,30.002,2.0,3.617
2021-06-22 12:00:00,EDSA-South,SB,33.279,1150.0,29.203,1.5,2.984
2021-06-22 13:00:00,EDSA-South,NB,36.236,1215.0,27.75,1.5,2.336
2021-06-22 14:00:00,EDSA-North,NB,35.556,1237.0,28.955,1.0,1.387
2021-06-22 15:00:00,EDSA-Center,SB,41.395,1204.0,28.333,1.0,1.373
2021-06-22 16:00:00,EDSA-North,SB,23.317,2084.0,41.262,1.5,3.976
2021-06-22 17:00:00,EDSA-North,NB,25.453,2279.0,40.156,1.0,2.572
2021-06-22 18:00:00,EDSA-Center,SB,18.786,1979.0,39.154,2.0,6.753
2021-06-22 19:00:00,EDSA-South,NB,23.575,2546.0,45.583,1.0,2.618
2021-06-22 20:00:00,EDSA-South,NB,19.831,2237.0,39.732,1.0,3.214
2021-06-22 21:00:00,EDSA-Center,SB,36.186,947.0,29.067,1.0,2.0
2021-06-22 22:00:00,EDSA-North,SB,37.066,1183.0,28.017,2.0,3.043
2021-06-22 23:00:00,EDSA-Center,NB,35.15,1289.0,27.839,1.5,2.508
2021-06-23 00:00:00,EDSA-South,NB,42.222,1087.0,29.208,1.0,2.114
2021-06-23 01:00:00,EDSA-South,SB,39.284,881.0,25.239,1.0,1.741
2021-06-23 02:00:00,EDSA-North,SB,38.532,963.0,26.891,2.0,3.242
2021-06-23 03:00:00,EDSA-North,NB,37.293,1248.0,26.978,2.0,3.441
2021-06-23 04:00:00,EDSA-South,SB,40.29,834.0,26.218,1.0,1.155
2021-06-23 05:00:00,EDSA-North,NB,30.689,889.0,29.57,1.5,2.771
2021-06-23 06:00:00,EDSA-North,SB,26.111,2197.0,38.436,1.0,2.045
2021-06-23 07:00:00,EDSA-North,NB,19.026,2060.0,40.098,2.0,6.412
2021-06-23 08:00:00,EDSA-Center,SB,20.307,1975.0,36.839,2.0,5.817
2021-06-23 09:00:00,EDSA-Center,SB,23.684,2011.0,44.205,1.5,3.824
2021-06-23 10:00:00,EDSA-Center,SB,38.7,885.0,27.66,2.0,3.023
2021-06-23 11:00:00,EDSA-North,SB,31.539,1237.0,29.792,1.0,1.496
2021-06-23 12:00:00,EDSA-South,SB,33.462,1005.0,24.1,2.0,3.807
2021-06-23 13:00:00,EDSA-South,SB,35.293,1054.0,25.144,1.0,1.26
2021-06-23 14:00:00,EDSA-Center,SB,34.441,1212.0,30.435,2.0,3.302
2021-06-23 15:00:00,EDSA-North,SB,37.562,1104.0,24.969,2.0,2.866
2021-06-23 16:00:00,EDSA-Center,SB,32.308,1973.0,35.729,1.5,2.566
2021-06-23 17:00:00,EDSA-South,SB,23.258,1742.0,35.75,1.0,2.63
2021-06-23 18:00:00,EDSA-Center,SB,19.794,2166.0,40.877,2.0,6.371
2021-06-23 19:00:00,EDSA-North,SB,18.11,2114.0,40.774,2.0,6.236
2021-06-23 20:00:00,EDSA-Center,NB,21.024,2007.0,37.9,2.0,5.568
2021-06-23 21:00:00,EDSA-Center,SB,32.179,963.0,27.918,1.0,1.427
2021-06-23 22:00:00,EDSA-Center,NB,36.403,1152.0,26.528,1.0,1.497
2021-06-23 23:00:00,EDSA-Center,SB,36.356,1236.0,30.473,1.5,2.493
2021-06-24 00:00:00,EDSA-North,NB,33.61,1168.0,28.856,1.5,2.87
2021-06-24 01:00:00,EDSA-South,SB,40.955,1445.0,32.817,1.0,0.935
2021-06-24 02:00:00,EDSA-Center,NB,32.794,1277.0,32.048,1.0,1.967
2021-06-24 03:00:00,EDSA-Center,SB,34.642,1131.0,27.092,1.5,2.355
2021-06-24 04:00:00,EDSA-Center,SB,36.917,1283.0,28.431,2.0,2.946
2021-06-24 05:00:00,EDSA-Center,NB,37.676,1159.0,24.949,1.0,1.609
2021-06-24 06:00:00,EDSA-North,SB,25.833,2108.0,35.906,1.0,2.479
2021-06-24 07:00:00,EDSA-South,NB,23.285,2333.0,42.182,2.0,5.128
2021-06-24 08:00:00,EDSA-North,SB,25.153,1938.0,37.776,1.0,2.112
2021-06-24 09:00:00,EDSA-Center,SB,20.005,2104.0,37.726,1.0,2.974
2021-06-24 10:00:00,EDSA-North,NB,37.754,1364.0,28.946,2.0,2.997
2021-06-24 11:00:00,EDSA-North,NB,37.714,1206.0,31.912,1.0,1.742
2021-06-24 12:00:00,EDSA-North,NB,39.539,1084.0,29.213,1.0,1.786
2021-06-24 13:00:00,EDSA-South,NB,29.995,843.0,22.17,1.0,2.253
2021-06-24 14:00:00,EDSA-Center,NB,32.278,741.0,22.641,1.5,2.783
2021-06-24 15:00:00,EDSA-Center,SB,37.469,1524.0,33.335,2.0,3.483
2021-06-24 16:00:00,EDSA-South,SB,14.046,2156.0,39.236,2.0,8.288
2021-06-24 17:00:00,EDSA-North,NB,23.476,1995.0,37.024,1.5,4.279
2021-06-24 18:00:00,EDSA-Center,NB,25.179,2163.0,39.897,2.0,4.509
2021-06-24 19:00:00,EDSA-Center,NB,20.271,1929.0,40.07,1.5,3.932
2021-06-24 20:00:00,EDSA-Center,SB,20.709,2040.0,41.527,2.0,6.136
2021-06-24 21:00:00,EDSA-North,NB,31.778,981.0,24.806,1.5,2.655
2021-06-24 22:00:00,EDSA-South,NB,33.435,896.0,26.221,1.0,1.824
2021-06-24 23:00:00,EDSA-North,NB,33.522,771.0,23.855,2.0,3.322
2021-06-25 00:00:00,EDSA-South,NB,32.951,862.0,22.901,2.0,4.233
2021-06-25 01:00:00,EDSA-South,SB,32.787,1334.0,29.745,1.0,2.285
2021-06-25 02:00:00,EDSA-Center,NB,34.187,972.0,23.654,1.0,2.142
2021-06-25 03:00:00,EDSA-North,SB,34.151,1246.0,31.658,2.0,3.536
2021-06-25 04:00:00,EDSA-North,SB,40.622,1322.0,33.31,1.0,1.722
2021-06-25 05:00:00,EDSA-South,SB,33.817,1153.0,27.438,2.0,3.535
2021-06-25 06:00:00,EDSA-South,NB,23.032,2046.0,37.934,2.0,5.491
2021-06-25 07:00:00,EDSA-South,SB,20.269,2124.0,42.235,1.0,2.857
2021-06-25 08:00:00,EDSA-North,NB,20.231,2025.0,41.42,2.0,6.328
2021-06-25 09:00:00,EDSA-Center,SB,16.887,2317.0,40.113,1.0,3.438
2021-06-25 10:00:00,EDSA-North,SB,30.286,1488.0,31.813,1.0,1.894
2021-06-25 11:00:00,EDSA-South,NB,31.379,1411.0,31.108,1.5,2.752
2021-06-25 12:00:00,EDSA-Center,SB,35.551,763.0,22.23,2.0,3.424
2021-06-25 13:00:00,EDSA-South,SB,38.229,1071.0,28.092,1.0,1.472
2021-06-25 14:00:00,EDSA-South,SB,29.64,1151.0,26.834,1.0,2.146
2021-06-25 15:00:00,EDSA-South,NB,33.353,1233.0,28.103,1.0,1.679
2021-06-25 16:00:00,EDSA-Center,SB,17.899,1789.0,36.072,2.0,6.902
2021-06-25 17:00:00,EDSA-Center,NB,21.207,1786.0,33.263,1.5,4.623
2021-06-25 18:00:00,EDSA-Center,NB,25.227,2335.0,38.442,1.0,2.398
2021-06-25 19:00:00,EDSA-North,SB,20.659,1999.0,40.529,1.0,3.459
2021-06-25 20:00:00,EDSA-North,NB,21.857,1832.0,35.29,2.0,5.772
2021-06-25 21:00:00,EDSA-Center,SB,39.366,951.0,30.21,2.0,3.583
2021-06-25 22:00:00,EDSA-South,NB,36.374,1220.0,32.977,2.0,3.284
2021-06-25 23:00:00,EDSA-Center,NB,32.72,1002.0,25.509,1.5,2.335
2021-06-26 00:00:00,EDSA-South,NB,33.477,943.0,30.528,2.0,3.408
2021-06-26 01:00:00,EDSA-North,SB,30.517,724.0,25.199,1.5,2.798
2021-06-26 02:00:00,EDSA-Center,SB,34.261,586.0,20.449,1.5,2.389
2021-06-26 03:00:00,EDSA-Center,NB,34.546,1156.0,23.135,1.5,2.056
2021-06-26 04:00:00,EDSA-Center,SB,28.899,972.0,27.551,1.5,3.371
2021-06-26 05:00:00,EDSA-North,NB,33.525,840.0,24.722,1.5,2.22
2021-06-26 06:00:00,EDSA-North,SB,19.647,1756.0,36.759,1.5,4.813
2021-06-26 07:00:00,EDSA-South,NB,21.634,2114.0,39.55,1.5,4.706
2021-06-26 08:00:00,EDSA-Center,SB,22.494,1956.0,35.912,2.0,5.14
2021-06-26 09:00:00,EDSA-North,NB,21.432,2056.0,38.495,2.0,5.696
2021-06-26 10:00:00,EDSA-North,NB,32.09,795.0,25.555,1.5,2.705
2021-06-26 11:00:00,EDSA-North,SB,35.8,909.0,24.746,1.5,2.721
2021-06-26 12:00:00,EDSA-South,SB,30.381,972.0,25.462,2.0,3.651
2021-06-26 13:00:00,EDSA-North,NB,29.038,801.0,21.173,1.5,3.066
2021-06-26 14:00:00,EDSA-South,SB,23.414,883.0,25.335,1.0,2.843
2021-06-26 15:00:00,EDSA-North,SB,32.79,795.0,21.918,2.0,3.647
2021-06-26 16:00:00,EDSA-Center,NB,17.535,1922.0,39.638,2.0,6.436
2021-06-26 17:00:00,EDSA-North,NB,21.193,1612.0,32.772,1.5,4.557
2021-06-26 18:00:00,EDSA-South,SB,14.086,1953.0,37.568,2.0,8.195
2021-06-26 19:00:00,EDSA-North,SB,18.058,1906.0,41.946,1.0,3.342
2021-06-26 20:00:00,EDSA-Center,SB,21.411,1813.0,35.941,2.0,5.75
2021-06-26 21:00:00,EDSA-North,SB,29.91,981.0,25.399,1.0,2.036
2021-06-26 22:00:00,EDSA-North,SB,34.228,834.0,25.766,2.0,4.14
2021-06-26 23:00:00,EDSA-North,SB,31.329,779.0,20.392,1.5,3.056
2021-06-27 00:00:00,EDSA-South,SB,32.902,998.0,28.977,1.5,2.685
2021-06-27 01:00:00,EDSA-Center,NB,34.785,1006.0,28.553,2.0,3.6
2021-06-27 02:00:00,EDSA-Center,SB,35.858,809.0,25.349,1.0,1.726
2021-06-27 03:00:00,EDSA-Center,SB,33.277,793.0,17.368,2.0,3.617
2021-06-27 04:00:00,EDSA-South,NB,30.558,867.0,24.452,1.0,2.024
2021-06-27 05:00:00,EDSA-Center,SB,31.626,801.0,21.662,2.0,3.686
2021-06-27 06:00:00,EDSA-Center,SB,21.911,2125.0,42.38,2.0,5.53
2021-06-27 07:00:00,EDSA-North,NB,16.936,1907.0,39.735,1.0,3.416
2021-06-27 08:00:00,EDSA-North,NB,19.466,1853.0,37.781,2.0,5.691
2021-06-27 09:00:00,EDSA-North,NB,18.842,1682.0,32.638,2.0,6.654
2021-06-27 10:00:00,EDSA-Center,NB,32.69,1033.0,29.868,1.5,2.612
2021-06-27 11:00:00,EDSA-North,NB,29.972,790.0,23.559,1.5,3.038
2021-06-27 12:00:00,EDSA-North,NB,27.444,783.0,27.61,1.0,1.996
2021-06-27 13:00:00,EDSA-North,NB,34.562,1039.0,27.48,2.0,3.289
2021-06-27 14:00:00,EDSA-North,NB,35.892,970.0,27.165,2.0,3.084
2021-06-27 15:00:00,EDSA-South,NB,27.623,449.0,19.247,2.0,4.581
2021-06-27 16:00:00,EDSA-Center,SB,21.107,1822.0,39.462,1.0,3.14
2021-06-27 17:00:00,EDSA-South,NB,23.25,1873.0,38.452,1.5,3.878
2021-06-27 18:00:00,EDSA-Center,SB,21.788,1789.0,39.158,2.0,5.374
2021-06-27 19:00:00,EDSA-South,NB,18.75,1879.0,37.662,2.0,5.977
2021-06-27 20:00:00,EDSA-North,SB,17.17,1524.0,33.135,2.0,7.188
2021-06-27 21:00:00,EDSA-Center,SB,33.243,390.0,20.68,1.5,2.538
2021-06-27 22:00:00,EDSA-South,SB,33.743,724.0,26.216,2.0,3.277
2021-06-27 23:00:00,EDSA-Center,NB,33.287,951.0,27.968,1.5,2.711
2021-06-28 00:00:00,EDSA-South,SB,34.46,570.0,21.826,2.0,3.399
2021-06-28 01:00:00,EDSA-North,NB,31.752,998.0,22.764,1.5,2.455
2021-06-28 02:00:00,EDSA-North,NB,36.268,804.0,25.866,2.0,2.964
2021-06-28 03:00:00,EDSA-South,SB,36.413,1106.0,24.845,1.0,1.732
2021-06-28 04:00:00,EDSA-North,NB,35.602,1502.0,32.348,1.0,1.521
2021-06-28 05:00:00,EDSA-South,NB,35.333,1111.0,27.544,1.0,1.826
2021-06-28 06:00:00,EDSA-South,SB,27.038,2081.0,36.792,2.0,4.475
2021-06-28 07:00:00,EDSA-South,NB,20.127,2251.0,42.332,2.0,6.224
2021-06-28 08:00:00,EDSA-Center,SB,25.844,2104.0,44.203,1.0,2.114
2021-06-28 09:00:00,EDSA-South,NB,19.798,2061.0,38.78,1.5,4.604
2021-06-28 10:00:00,EDSA-North,NB,38.327,1317.0,31.675,1.5,2.508
2021-06-28 11:00:00,EDSA-Center,NB,38.7,1235.0,33.913,2.0,2.944
2021-06-28 12:00:00,EDSA-North,NB,34.121,1202.0,30.548,1.0,2.04
2021-06-28 13:00:00,EDSA-South,NB,39.983,1125.0,26.648,1.5,1.834
2021-06-28 14:00:00,EDSA-South,NB,36.407,1088.0,27.983,1.0,1.44
2021-06-28 15:00:00,EDSA-South,NB,32.368,1315.0,31.085,2.0,3.281
2021-06-28 16:00:00,EDSA-South,NB,20.878,2039.0,42.021,2.0,5.564
2021-06-28 17:00:00,EDSA-North,NB,25.398,2322.0,44.827,2.0,4.686
2021-06-28 18:00:00,EDSA-North,SB,24.769,1912.0,32.143,2.0,5.053
2021-06-28 19:00:00,EDSA-South,SB,18.826,2358.0,41.106,2.0,6.335
2021-06-28 20:00:00,EDSA-Center,SB,21.582,2185.0,40.687,2.0,5.411
2021-06-28 21:00:00,EDSA-North,SB,35.611,976.0,24.19,1.5,2.14
2021-06-28 22:00:00,EDSA-South,NB,33.477,1242.0,21.878,1.0,1.489
2021-06-28 23:00:00,EDSA-South,NB,42.073,1033.0,25.428,2.0,2.93
2021-06-29 00:00:00,EDSA-Center,SB,35.701,1156.0,28.287,1.0,1.901
2021-06-29 01:00:00,EDSA-South,NB,34.815,1062.0,26.167,1.5,2.48
2021-06-29 02:00:00,EDSA-North,SB,38.573,1126.0,25.956,2.0,3.414
2021-06-29 03:00:00,EDSA-North,NB,33.904,1319.0,30.257,2.0,3.302
2021-06-29 04:00:00,EDSA-North,NB,38.022,1243.0,29.984,2.0,3.058
2021-06-29 05:00:00,EDSA-Center,SB,29.997,947.0,24.958,1.5,2.924
2021-06-29 06:00:00,EDSA-North,SB,20.639,1908.0,40.383,2.0,6.197
2021-06-29 07:00:00,EDSA-North,SB,25.147,2149.0,40.526,1.0,2.419
2021-06-29 08:00:00,EDSA-South,NB,26.711,2162.0,38.817,1.0,1.797
2021-06-29 09:00:00,EDSA-South,NB,19.68,1979.0,36.205,1.5,4.811
2021-06-29 10:00:00,EDSA-South,SB,32.331,1436.0,31.093,1.0,2.317
2021-06-29 11:00:00,EDSA-South,NB,36.702,1296.0,32.136,1.5,2.39
2021-06-29 12:00:00,EDSA-South,SB,33.131,1037.0,25.283,1.5,2.492
2021-06-29 13:00:00,EDSA-Center,NB,34.194,1020.0,27.922,1.0,1.971
2021-06-29 14:00:00,EDSA-Center,SB,37.629,1109.0,27.943,2.0,3.68
2021-06-29 15:00:00,EDSA-South,SB,33.368,1090.0,31.525,1.5,2.909
2021-06-29 16:00:00,EDSA-Center,NB,16.104,2326.0,43.231,2.0,7.046
2021-06-29 17:00:00,EDSA-North,SB,18.097,2277.0,40.492,1.0,3.504
2021-06-29 18:00:00,EDSA-South,NB,22.03,2106.0,41.395,2.0,5.548
2021-06-29 19:00:00,EDSA-North,NB,16.41,2222.0,42.793,2.0,7.074
2021-06-29 20:00:00,EDSA-South,SB,21.109,2248.0,40.76,1.0,3.165
2021-06-29 21:00:00,EDSA-Center,SB,30.824,1160.0,26.018,1.5,3.029
2021-06-29 22:00:00,EDSA-South,NB,39.92,1222.0,30.13,1.5,2.583
2021-06-29 23:00:00,EDSA-North,NB,41.495,1257.0,29.582,1.0,1.181
2021-06-30 00:00:00,EDSA-Center,NB,31.825,1238.0,26.201,2.0,3.87
2021-06-30 01:00:00,EDSA-Center,SB,35.77,1010.0,27.122,2.0,3.131
2021-06-30 02:00:00,EDSA-Center,SB,32.119,1028.0,25.548,2.0,3.798
2021-06-30 03:00:00,EDSA-North,SB,34.072,1098.0,24.596,1.5,3.011
2021-06-30 04:00:00,EDSA-South,NB,40.41,1023.0,26.058,2.0,2.613
2021-06-30 05:00:00,EDSA-Center,NB,33.6,885.0,27.742,2.0,3.229
2021-06-30 06:00:00,EDSA-South,NB,21.142,2222.0,43.665,2.0,5.915
2021-06-30 07:00:00,EDSA-Center,NB,19.172,2162.0,42.461,1.5,4.691
2021-06-30 08:00:00,EDSA-North,NB,25.439,1859.0,37.616,2.0,5.01
2021-06-30 09:00:00,EDSA-South,SB,12.21,2057.0,40.543,1.0,4.712
2021-06-30 10:00:00,EDSA-North,NB,33.672,1117.0,28.041,1.5,2.686
2021-06-30 11:00:00,EDSA-North,NB,34.862,1183.0,26.392,1.0,1.893
2021-06-30 12:00:00,EDSA-South,SB,33.017,955.0,24.174,1.5,2.778
2021-06-30 13:00:00,EDSA-South,SB,37.591,906.0,24.208,2.0,2.745
2021-06-30 14:00:00,EDSA-South,SB,38.606,1244.0,32.104,1.0,2.26
2021-06-30 15:00:00,EDSA-Center,NB,30.764,874.0,27.203,2.0,3.954
2021-06-30 16:00:00,EDSA-South,NB,28.28,2058.0,37.209,1.0,1.787
2021-06-30 17:00:00,EDSA-North,SB,17.73,2041.0,39.282,2.0,6.847
2021-06-30 18:00:00,EDSA-South,SB,25.866,2078.0,38.79,2.0,4.747
2021-06-30 19:00:00,EDSA-Center,NB,22.449,2145.0,40.063,1.0,2.921
2021-06-30 20:00:00,EDSA-North,SB,20.489,2388.0,42.087,1.0,3.16
2021-06-30 21:00:00,EDSA-Center,NB,33.772,862.0,27.725,2.0,3.5
2021-06-30 22:00:00,EDSA-Center,NB,34.899,1308.0,30.002,1.5,2.148
2021-06-30 23:00:00,EDSA-North,NB,35.625,698.0,23.457,1.5,2.642
2021-07-01 00:00:00,EDSA-Center,SB,32.24,1401.0,31.558,1.0,1.45
2021-07-01 01:00:00,EDSA-Center,NB,34.298,782.0,21.941,2.0,3.803
2021-07-01 02:00:00,EDSA-North,SB,32.688,1589.0,33.485,1.0,1.652
2021-07-01 03:00:00,EDSA-North,NB,31.355,1080.0,29.543,1.0,2.072
2021-07-01 04:00:00,EDSA-South,NB,32.548,1382.0,33.841,1.5,2.601
2021-07-01 05:00:00,EDSA-Center,SB,31.55,1345.0,28.174,2.0,3.68
2021-07-01 06:00:00,EDSA-Center,SB,20.74,2021.0,35.909,1.5,4.139
2021-07-01 07:00:00,EDSA-Center,NB,23.297,2035.0,39.23,2.0,5.33
2021-07-01 08:00:00,EDSA-Center,NB,22.362,1949.0,40.335,1.5,3.869
2021-07-01 09:00:00,EDSA-Center,NB,27.923,2242.0,42.199,1.0,2.341
2021-07-01 10:00:00,EDSA-Center,NB,28.369,1074.0,28.709,1.0,1.966
2021-07-01 11:00:00,EDSA-South,NB,36.408,1003.0,23.809,2.0,3.238
2021-07-01 12:00:00,EDSA-South,SB,35.019,1247.0,28.193,1.5,2.579
2021-07-01 13:00:00,EDSA-North,NB,37.447,989.0,21.976,1.5,2.442
2021-07-01 14:00:00,EDSA-South,SB,37.149,1091.0,27.259,1.5,2.192
2021-07-01 15:00:00,EDSA-South,SB,34.505,1169.0,24.118,1.0,1.915
2021-07-01 16:00:00,EDSA-North,SB,22.518,1984.0,41.185,1.5,3.929
2021-07-01 17:00:00,EDSA-South,SB,19.768,2012.0,41.942,1.0,3.171
2021-07-01 18:00:00,EDSA-Center,SB,23.841,2376.0,43.309,2.0,5.029
2021-07-01 19:00:00,EDSA-South,NB,16.363,2063.0,36.402,2.0,7.48
2021-07-01 20:00:00,EDSA-Center,NB,24.33,2035.0,39.857,2.0,4.829
2021-07-01 21:00:00,EDSA-South,SB,34.93,1118.0,31.581,1.0,1.52
2021-07-01 22:00:00,EDSA-North,NB,33.539,1232.0,30.117,1.0,1.896
2021-07-01 23:00:00,EDSA-North,SB,34.302,964.0,28.455,1.0,1.626
2021-07-02 00:00:00,EDSA-South,SB,34.522,1227.0,28.139,2.0,3.841
2021-07-02 01:00:00,EDSA-Center,SB,38.892,1196.0,27.012,2.0,3.102
2021-07-02 02:00:00,EDSA-Center,NB,44.7,828.0,24.381,2.0,2.341
2021-07-02 03:00:00,EDSA-North,NB,38.66,1473.0,28.086,1.5,2.182
2021-07-02 04:00:00,EDSA-North,NB,33.304,1413.0,35.777,1.0,1.552
2021-07-02 05:00:00,EDSA-South,NB,36.889,1006.0,26.847,2.0,3.521
2021-07-02 06:00:00,EDSA-North,NB,24.02,1898.0,39.26,1.5,3.94
2021-07-02 07:00:00,EDSA-Center,NB,19.225,2141.0,39.399,1.5,4.666
2021-07-02 08:00:00,EDSA-North,NB,18.218,1843.0,33.812,1.0,3.366
2021-07-02 09:00:00,EDSA-North,SB,21.81,2346.0,45.526,1.5,4.105
2021-07-02 10:00:00,EDSA-North,SB,37.423,1066.0,25.007,2.0,3.422
2021-07-02 11:00:00,EDSA-South,SB,30.165,1442.0,32.28,2.0,4.108
2021-07-02 12:00:00,EDSA-South,NB,32.837,1002.0,27.405,1.0,2.002
2021-07-02 13:00:00,EDSA-North,NB,36.718,1130.0,28.141,1.0,1.586
2021-07-02 14:00:00,EDSA-Center,SB,35.125,1378.0,29.279,2.0,3.258
2021-07-02 15:00:00,EDSA-Center,NB,39.249,1092.0,27.257,1.0,1.695
2021-07-02 16:00:00,EDSA-Center,NB,17.766,2149.0,38.513,1.5,5.454
2021-07-02 17:00:00,EDSA-South,SB,29.056,2297.0,43.73,1.5,3.374
2021-07-02 18:00:00,EDSA-North,SB,17.386,2000.0,39.842,1.5,5.572
2021-07-02 19:00:00,EDSA-North,SB,15.913,1873.0,37.195,2.0,7.582
2021-07-02 20:00:00,EDSA-Center,NB,21.823,1837.0,35.694,2.0,5.256
2021-07-02 21:00:00,EDSA-Center,NB,31.597,1255.0,33.647,1.5,2.628
2021-07-02 22:00:00,EDSA-North,NB,34.884,1220.0,26.426,1.0,2.065
2021-07-02 23:00:00,EDSA-South,SB,34.779,1341.0,27.333,2.0,2.985
2021-07-03 00:00:00,EDSA-North,NB,32.413,851.0,24.619,2.0,4.078
2021-07-03 01:00:00,EDSA-North,NB,30.473,642.0,21.872,2.0,3.741
2021-07-03 02:00:00,EDSA-Center,NB,34.298,477.0,22.675,1.5,3.105
2021-07-03 03:00:00,EDSA-Center,NB,32.048,1416.0,32.579,1.5,2.791
2021-07-03 04:00:00,EDSA-North,NB,36.311,995.0,26.5,1.0,1.833
2021-07-03 05:00:00,EDSA-North,SB,32.459,925.0,26.634,1.5,3.369
2021-07-03 06:00:00,EDSA-North,SB,17.106,1900.0,38.516,1.5,5.179
2021-07-03 07:00:00,EDSA-Center,SB,14.937,1592.0,38.219,1.0,3.93
2021-07-03 08:00:00,EDSA-Center,NB,19.484,1707.0,35.836,1.5,4.446
2021-07-03 09:00:00,EDSA-North,SB,16.192,2164.0,39.222,1.5,5.308
2021-07-03 10:00:00,EDSA-Center,SB,28.95,1019.0,27.11,2.0,4.063
2021-07-03 11:00:00,EDSA-South,NB,34.582,763.0,18.532,1.0,1.596
2021-07-03 12:00:00,EDSA-North,SB,27.667,679.0,22.745,1.0,1.856
2021-07-03 13:00:00,EDSA-South,NB,37.237,807.0,26.468,1.5,2.364
2021-07-03 14:00:00,EDSA-North,SB,33.479,843.0,25.901,2.0,3.697
2021-07-03 15:00:00,EDSA-North,NB,32.868,1269.0,30.189,1.0,1.601
2021-07-03 16:00:00,EDSA-North,NB,16.896,1816.0,37.884,2.0,7.062
2021-07-03 17:00:00,EDSA-North,NB,22.293,1636.0,36.719,2.0,5.734
2021-07-03 18:00:00,EDSA-North,SB,19.991,1839.0,39.704,1.0,2.646
2021-07-03 19:00:00,EDSA-Center,NB,17.942,1898.0,38.417,1.5,5.499
2021-07-03 20:00:00,EDSA-Center,SB,20.599,1620.0,33.692,1.0,2.744
2021-07-03 21:00:00,EDSA-South,NB,27.952,972.0,21.555,1.5,3.27
2021-07-03 22:00:00,EDSA-Center,SB,28.094,1118.0,29.809,2.0,4.591
2021-07-03 23:00:00,EDSA-Center,NB,29.639,925.0,26.667,1.5,3.433
2021-07-04 00:00:00,EDSA-Center,NB,34.049,757.0,24.005,1.5,2.761
2021-07-04 01:00:00,EDSA-North,NB,32.99,805.0,22.879,1.0,1.645
2021-07-04 02:00:00,EDSA-South,NB,36.147,601.0,23.847,1.5,2.294
2021-07-04 03:00:00,EDSA-North,NB,30.24,876.0,24.558,1.5,2.832
2021-07-04 04:00:00,EDSA-South,NB,34.724,956.0,25.924,2.0,3.928
2021-07-04 05:00:00,EDSA-South,SB,32.658,739.0,23.382,2.0,3.579
2021-07-04 06:00:00,EDSA-South,NB,17.171,2199.0,41.89,1.0,3.575
2021-07-04 07:00:00,EDSA-Center,NB,21.156,1993.0,36.318,1.5,3.993
2021-07-04 08:00:00,EDSA-North,NB,19.802,1527.0,34.389,1.5,4.256
2021-07-04 09:00:00,EDSA-South,SB,18.113,1531.0,31.865,1.5,4.976
2021-07-04 10:00:00,EDSA-North,NB,33.126,723.0,21.941,1.5,2.636
2021-07-04 11:00:00,EDSA-Center,SB,32.611,1183.0,30.377,2.0,3.617
2021-07-04 12:00:00,EDSA-South,NB,32.539,1060.0,25.204,1.0,1.474
2021-07-04 13:00:00,EDSA-South,SB,31.762,1192.0,30.478,1.0,1.871
2021-07-04 14:00:00,EDSA-South,NB,29.085,902.0,25.574,1.0,2.45
2021-07-04 15:00:00,EDSA-North,NB,33.224,862.0,21.62,2.0,3.399
2021-07-04 16:00:00,EDSA-South,SB,17.592,1625.0,37.122,1.0,3.635
2021-07-04 17:00:00,EDSA-North,NB,16.939,1913.0,38.319,1.0,2.676
2021-07-04 18:00:00,EDSA-Center,NB,19.278,1815.0,37.357,1.5,4.468
2021-07-04 19:00:00,EDSA-South,SB,22.202,1808.0,38.504,2.0,4.927
2021-07-04 20:00:00,EDSA-Center,NB,20.557,2141.0,43.323,2.0,6.147
2021-07-04 21:00:00,EDSA-South,SB,31.407,877.0,25.491,2.0,4.041
2021-07-04 22:00:00,EDSA-Center,NB,31.286,1140.0,29.34,2.0,3.577
2021-07-04 23:00:00,EDSA-North,NB,34.907,614.0,22.805,2.0,3.51
2021-07-05 00:00:00,EDSA-North,NB,27.81,1634.0,33.104,2.0,4.615
2021-07-05 01:00:00,EDSA-Center,NB,37.392,1083.0,24.285,1.0,1.944
2021-07-05 02:00:00,EDSA-South,NB,29.378,1277.0,30.119,1.5,2.962
2021-07-05 03:00:00,EDSA-Center,SB,30.754,1306.0,32.776,1.5,2.374
2021-07-05 04:00:00,EDSA-South,SB,33.457,1060.0,28.362,1.5,2.465
2021-07-05 05:00:00,EDSA-Center,NB,41.51,1297.0,27.786,2.0,3.082
2021-07-05 06:00:00,EDSA-North,SB,27.032,2257.0,43.848,2.0,4.964
2021-07-05 07:00:00,EDSA-North,SB,24.119,1972.0,37.755,1.5,3.718
2021-07-05 08:00:00,EDSA-Center,SB,23.07,1974.0,34.214,1.0,2.449
2021-07-05 09:00:00,EDSA-South,NB,16.413,2108.0,41.98,1.5,6.083
2021-07-05 10:00:00,EDSA-South,SB,35.47,1129.0,26.095,1.0,1.793
2021-07-05 11:00:00,EDSA-North,NB,33.352,1401.0,34.67,1.5,2.392
2021-07-05 12:00:00,EDSA-Center,SB,32.55,1276.0,31.975,1.0,1.814
2021-07-05 13:00:00,EDSA-South,SB,35.464,1137.0,27.624,1.0,1.942
2021-07-05 14:00:00,EDSA-Center,NB,33.587,1259.0,30.398,1.0,1.769
2021-07-05 15:00:00,EDSA-North,NB,37.608,782.0,28.836,1.5,2.592
2021-07-05 16:00:00,EDSA-Center,NB,16.192,1989.0,40.576,1.0,3.304
2021-07-05 17:00:00,EDSA-North,SB,22.225,2152.0,40.922,1.0,2.341
2021-07-05 18:00:00,EDSA-North,SB,19.363,2301.0,47.937,1.0,2.915
2021-07-05 19:00:00,EDSA-Center,NB,20.771,2136.0,40.499,1.5,4.262
2021-07-05 20:00:00,EDSA-North,NB,22.914,2362.0,44.032,1.5,4.011
2021-07-05 21:00:00,EDSA-Center,NB,31.648,1306.0,28.149,1.5,3.003
2021-07-05 22:00:00,EDSA-Center,NB,35.493,1062.0,23.865,1.5,3.152
2021-07-05 23:00:00,EDSA-Center,SB,34.363,1125.0,27.36,1.0,1.561
2021-07-06 00:00:00,EDSA-Center,NB,33.018,1224.0,29.147,2.0,3.556
2021-07-06 01:00:00,EDSA-North,NB,33.588,1069.0,27.955,1.0,1.609
2021-07-06 02:00:00,EDSA-South,SB,34.536,1426.0,28.555,1.0,2.007
2021-07-06 03:00:00,EDSA-South,NB,32.696,950.0,27.251,2.0,3.954
2021-07-06 04:00:00,EDSA-South,SB,35.021,1207.0,27.219,1.5,2.458
2021-07-06 05:00:00,EDSA-South,SB,34.165,1282.0,30.965,1.5,3.151
2021-07-06 06:00:00,EDSA-Center,NB,20.166,2044.0,41.071,1.5,4.286
2021-07-06 07:00:00,EDSA-South,SB,26.77,2003.0,37.944,1.5,3.62
2021-07-06 08:00:00,EDSA-Center,SB,23.246,2086.0,37.765,2.0,5.526
2021-07-06 09:00:00,EDSA-North,SB,20.852,2246.0,44.618,2.0,5.414
2021-07-06 10:00:00,EDSA-South,NB,35.438,1060.0,28.936,1.0,1.838
2021-07-06 11:00:00,EDSA-North,NB,31.92,958.0,26.316,1.5,2.138
2021-07-06 12:00:00,EDSA-South,NB,33.69,1357.0,33.544,2.0,3.768
2021-07-06 13:00:00,EDSA-Center,NB,34.04,1222.0,29.218,1.5,2.369
2021-07-06 14:00:00,EDSA-South,NB,31.26,1331.0,29.07,1.5,3.021
2021-07-06 15:00:00,EDSA-Center,SB,36.162,1287.0,27.793,1.5,2.678
2021-07-06 16:00:00,EDSA-Center,SB,20.483,2492.0,44.147,1.5,4.674
2021-07-06 17:00:00,EDSA-North,NB,20.934,2301.0,43.701,1.0,3.089
2021-07-06 18:00:00,EDSA-South,NB,20.294,1970.0,41.131,2.0,5.927
2021-07-06 19:00:00,EDSA-North,NB,30.877,2185.0,40.87,1.5,2.82
2021-07-06 20:00:00,EDSA-Center,NB,20.012,2000.0,41.122,1.5,4.479
2021-07-06 21:00:00,EDSA-Center,SB,28.794,1068.0,26.856,1.0,1.805
2021-07-06 22:00:00,EDSA-Center,NB,30.2,896.0,23.738,2.0,3.921
2021-07-06 23:00:00,EDSA-North,NB,37.278,1098.0,25.02,2.0,3.146
2021-07-07 00:00:00,EDSA-Center,SB,39.009,1248.0,28.341,2.0,2.879
2021-07-07 01:00:00,EDSA-Center,NB,32.955,1138.0,25.551,1.5,2.296
2021-07-07 02:00:00,EDSA-North,NB,38.837,952.0,29.968,1.5,1.998
2021-07-07 03:00:00,EDSA-North,NB,37.225,876.0,25.951,1.0,0.824
2021-07-07 04:00:00,EDSA-South,SB,34.432,1530.0,32.405,1.0,1.666
2021-07-07 05:00:00,EDSA-North,NB,34.219,1209.0,32.342,1.5,2.72
2021-07-07 06:00:00,EDSA-North,SB,22.543,1952.0,35.54,1.0,1.991
2021-07-07 07:00:00,EDSA-Center,SB,24.632,2183.0,40.532,1.0,2.495
2021-07-07 08:00:00,EDSA-North,NB,23.192,2494.0,48.381,2.0,5.144
2021-07-07 09:00:00,EDSA-Center,SB,19.97,2212.0,40.846,1.5,4.213
2021-07-07 10:00:00,EDSA-North,SB,34.477,648.0,27.349,2.0,3.373
2021-07-07 11:00:00,EDSA-Center,NB,40.944,1627.0,35.286,2.0,3.194
2021-07-07 12:00:00,EDSA-South,SB,35.754,817.0,27.009,1.0,1.435
2021-07-07 13:00:00,EDSA-Center,NB,37.608,1113.0,30.468,2.0,3.211
2021-07-07 14:00:00,EDSA-South,NB,36.62,946.0,25.882,1.5,2.544
2021-07-07 15:00:00,EDSA-South,SB,35.82,1017.0,25.717,2.0,3.145
2021-07-07 16:00:00,EDSA-North,NB,22.326,2151.0,40.208,1.0,2.94
2021-07-07 17:00:00,EDSA-Center,NB,24.692,1727.0,33.589,1.5,3.746
2021-07-07 18:00:00,EDSA-North,NB,24.156,2084.0,39.531,1.5,3.663
2021-07-07 19:00:00,EDSA-Center,NB,22.792,2307.0,42.216,1.5,4.54
2021-07-07 20:00:00,EDSA-North,SB,19.919,1948.0,41.483,1.5,4.772
2021-07-07 21:00:00,EDSA-South,SB,36.157,900.0,26.534,1.0,1.238
2021-07-07 22:00:00,EDSA-North,NB,34.799,1125.0,32.662,1.0,1.627
2021-07-07 23:00:00,EDSA-Center,SB,34.075,1089.0,23.206,1.5,3.258
2021-07-08 00:00:00,EDSA-North,NB,43.036,1043.0,24.559,1.5,1.846
2021-07-08 01:00:00,EDSA-South,NB,30.383,936.0,25.054,1.5,2.979
2021-07-08 02:00:00,EDSA-South,SB,37.876,1243.0,32.285,1.5,2.684
2021-07-08 03:00:00,EDSA-South,SB,32.412,1257.0,29.238,1.0,2.014
2021-07-08 04:00:00,EDSA-Center,NB,35.394,958.0,23.083,2.0,3.59
2021-07-08 05:00:00,EDSA-North,NB,42.706,983.0,25.815,1.0,1.589
2021-07-08 06:00:00,EDSA-South,SB,19.113,2125.0,37.737,2.0,6.285
2021-07-08 07:00:00,EDSA-Center,SB,19.828,1926.0,35.065,1.0,2.828
2021-07-08 08:00:00,EDSA-South,NB,21.947,2132.0,44.217,2.0,5.576
2021-07-08 09:00:00,EDSA-South,SB,19.458,2364.0,42.186,1.0,2.983
2021-07-08 10:00:00,EDSA-Center,SB,37.652,1139.0,28.447,2.0,3.067
2021-07-08 11:00:00,EDSA-South,SB,33.396,932.0,25.527,1.0,2.167
2021-07-08 12:00:00,EDSA-South,NB,36.962,1221.0,28.534,1.5,2.34
2021-07-08 13:00:00,EDSA-Center,SB,31.012,1118.0,26.176,1.5,3.329
2021-07-08 14:00:00,EDSA-North,SB,29.58,1123.0,27.293,1.0,2.093
2021-07-08 15:00:00,EDSA-North,SB,34.313,1236.0,29.883,1.5,2.583
2021-07-08 16:00:00,EDSA-Center,NB,17.294,2224.0,44.118,1.0,3.015
2021-07-08 17:00:00,EDSA-Center,NB,26.555,2106.0,41.818,1.5,3.919
2021-07-08 18:00:00,EDSA-North,SB,17.411,2089.0,37.286,1.5,5.168
2021-07-08 19:00:00,EDSA-North,NB,18.887,2471.0,46.099,1.0,2.609
2021-07-08 20:00:00,EDSA-South,SB,23.241,2316.0,43.286,2.0,5.41
2021-07-08 21:00:00,EDSA-South,SB,33.241,1300.0,28.701,1.5,2.695
2021-07-08 22:00:00,EDSA-North,NB,30.445,1174.0,28.861,2.0,3.709
2021-07-08 23:00:00,EDSA-Center,SB,41.12,969.0,27.288,2.0,3.151
2021-07-09 00:00:00,EDSA-North,SB,31.995,1353.0,30.653,1.0,1.238
2021-07-09 01:00:00,EDSA-South,NB,34.411,1176.0,29.484,1.0,1.565
2021-07-09 02:00:00,EDSA-South,SB,34.372,1046.0,25.304,2.0,3.416
2021-07-09 03:00:00,EDSA-South,SB,37.131,1106.0,31.707,1.0,1.829
2021-07-09 04:00:00,EDSA-Center,NB,36.387,976.0,22.366,1.0,2.209
2021-07-09 05:00:00,EDSA-Center,SB,32.52,1340.0,31.569,1.5,2.706
2021-07-09 06:00:00,EDSA-South,NB,21.023,2223.0,41.997,2.0,5.823
2021-07-09 07:00:00,EDSA-Center,NB,21.319,2133.0,41.512,1.0,3.501
2021-07-09 08:00:00,EDSA-Center,SB,24.247,2092.0,38.345,1.5,3.713
2021-07-09 09:00:00,EDSA-South,NB,18.495,1977.0,40.779,1.5,4.983
2021-07-09 10:00:00,EDSA-Center,NB,41.054,767.0,23.6,1.5,1.883
2021-07-09 11:00:00,EDSA-South,NB,32.722,896.0,22.928,1.5,3.24
2021-07-09 12:00:00,EDSA-Center,SB,34.974,1016.0,24.498,1.0,1.537
2021-07-09 13:00:00,EDSA-South,NB,31.52,989.0,26.626,1.5,2.922
2021-07-09 14:00:00,EDSA-North,SB,31.106,1202.0,25.631,1.0,1.989
2021-07-09 15:00:00,EDSA-North,NB,32.377,1296.0,33.506,2.0,3.728
2021-07-09 16:00:00,EDSA-North,NB,19.088,2077.0,41.682,1.0,3.035
2021-07-09 17:00:00,EDSA-Center,NB,20.757,2354.0,46.42,2.0,5.841
2021-07-09 18:00:00,EDSA-South,NB,19.063,1959.0,41.672,1.0,3.587
2021-07-09 19:00:00,EDSA-North,NB,24.087,2076.0,38.866,1.5,4.307
2021-07-09 20:00:00,EDSA-North,SB,19.651,2091.0,38.006,1.0,3.009
2021-07-09 21:00:00,EDSA-South,NB,32.319,1347.0,25.13,1.5,2.672
2021-07-09 22:00:00,EDSA-South,SB,33.821,1169.0,27.632,2.0,3.346
2021-07-09 23:00:00,EDSA-Center,SB,37.979,1174.0,32.033,2.0,3.831
2021-07-10 00:00:00,EDSA-Center,SB,33.645,602.0,20.269,2.0,3.599
2021-07-10 01:00:00,EDSA-Center,NB,32.701,738.0,23.067,1.5,3.031
2021-07-10 02:00:00,EDSA-North,SB,28.701,1097.0,26.509,1.5,3.31
2021-07-10 03:00:00,EDSA-North,SB,29.572,526.0,21.804,2.0,4.61
2021-07-10 04:00:00,EDSA-South,SB,29.165,1142.0,30.702,2.0,4.053
2021-07-10 05:00:00,EDSA-Center,SB,36.921,990.0,23.306,2.0,2.973
2021-07-10 06:00:00,EDSA-South,NB,21.592,1715.0,32.732,1.0,3.244
2021-07-10 07:00:00,EDSA-South,SB,17.415,1700.0,38.226,1.0,3.671
2021-07-10 08:00:00,EDSA-North,NB,18.307,2191.0,42.366,1.0,3.392
2021-07-10 09:00:00,EDSA-North,SB,17.524,2104.0,39.378,1.0,3.808
2021-07-10 10:00:00,EDSA-South,SB,30.342,879.0,28.517,2.0,4.083
2021-07-10 11:00:00,EDSA-North,SB,34.381,924.0,22.899,1.0,2.138
2021-07-10 12:00:00,EDSA-Center,NB,32.137,784.0,25.875,2.0,3.796
2021-07-10 13:00:00,EDSA-South,NB,39.244,924.0,25.493,2.0,3.283
2021-07-10 14:00:00,EDSA-South,SB,36.751,779.0,25.168,1.5,2.581
2021-07-10 15:00:00,EDSA-South,SB,36.928,886.0,20.413,1.0,1.543
2021-07-10 16:00:00,EDSA-North,NB,22.014,2176.0,40.201,1.0,2.674
2021-07-10 17:00:00,EDSA-North,NB,18.732,1833.0,38.251,2.0,6.308
2021-07-10 18:00:00,EDSA-North,NB,21.793,1661.0,34.679,2.0,5.573
2021-07-10 19:00:00,EDSA-North,SB,18.954,1604.0,36.657,1.5,4.635
2021-07-10 20:00:00,EDSA-North,NB,24.891,1873.0,39.682,1.5,3.725
2021-07-10 21:00:00,EDSA-South,NB,34.213,763.0,21.858,2.0,3.608
2021-07-10 22:00:00,EDSA-North,SB,33.787,944.0,27.508,2.0,3.603
2021-07-10 23:00:00,EDSA-South,NB,33.381,608.0,20.012,2.0,3.65
2021-07-11 00:00:00,EDSA-Center,SB,38.221,1024.0,26.887,1.0,1.428
2021-07-11 01:00:00,EDSA-Center,NB,28.699,709.0,24.468,1.0,2.02
2021-07-11 02:00:00,EDSA-North,SB,38.515,908.0,23.775,1.5,1.919
2021-07-11 03:00:00,EDSA-North,SB,32.442,839.0,26.224,1.5,2.744
2021-07-11 04:00:00,EDSA-Center,SB,28.782,1209.0,27.896,1.5,2.881
2021-07-11 05:00:00,EDSA-North,NB,30.743,931.0,24.544,1.5,2.952
2021-07-11 06:00:00,EDSA-South,NB,15.048,2200.0,42.415,2.0,7.796
2021-07-11 07:00:00,EDSA-North,NB,21.961,1951.0,36.464,2.0,4.952
2021-07-11 08:00:00,EDSA-North,SB,16.885,2107.0,38.152,2.0,7.67
2021-07-11 09:00:00,EDSA-South,NB,20.506,1812.0,38.625,2.0,5.794
2021-07-11 10:00:00,EDSA-Center,NB,36.403,962.0,26.282,1.5,2.834
2021-07-11 11:00:00,EDSA-North,NB,30.984,1119.0,24.964,1.5,2.773
2021-07-11 12:00:00,EDSA-South,SB,32.196,1063.0,28.935,1.5,3.22
2021-07-11 13:00:00,EDSA-North,SB,29.09,996.0,25.636,2.0,3.837
2021-07-11 14:00:00,EDSA-South,SB,31.835,841.0,21.865,2.0,3.813
2021-07-11 15:00:00,EDSA-South,SB,40.722,871.0,20.007,1.5,1.937
2021-07-11 16:00:00,EDSA-South,SB,22.334,2055.0,41.137,2.0,6.023
2021-07-11 17:00:00,EDSA-South,NB,19.206,2092.0,38.041,1.0,3.062
2021-07-11 18:00:00,EDSA-North,NB,18.165,1743.0,33.26,1.5,5.162
2021-07-11 19:00:00,EDSA-South,NB,19.872,1716.0,36.714,2.0,6.151
2021-07-11 20:00:00,EDSA-North,NB,20.39,1687.0,36.715,2.0,5.879
2021-07-11 21:00:00,EDSA-Center,NB,31.743,1049.0,25.493,1.5,2.965
2021-07-11 22:00:00,EDSA-North,NB,34.59,733.0,25.251,1.0,2.074
2021-07-11 23:00:00,EDSA-Center,NB,30.14,1047.0,31.152,2.0,4.149
2021-07-12 00:00:00,EDSA-South,NB,32.125,1248.0,32.048,2.0,3.776
2021-07-12 01:00:00,EDSA-Center,SB,36.111,1052.0,29.479,1.5,2.622
2021-07-12 02:00:00,EDSA-North,SB,31.494,1431.0,32.09,2.0,4.289
2021-07-12 03:00:00,EDSA-North,SB,37.187,887.0,24.311,1.5,2.316
2021-07-12 04:00:00,EDSA-South,NB,34.957,1449.0,31.548,1.5,2.111
2021-07-12 05:00:00,EDSA-Center,NB,29.516,1207.0,29.767,1.0,1.759
2021-07-12 06:00:00,EDSA-Center,SB,22.328,1727.0,33.043,1.5,3.775
2021-07-12 07:00:00,EDSA-Center,SB,16.945,2387.0,41.606,1.5,5.091
2021-07-12 08:00:00,EDSA-North,NB,24.08,2275.0,39.007,1.5,3.526
2021-07-12 09:00:00,EDSA-Center,NB,21.254,2023.0,39.434,1.0,2.817
2021-07-12 10:00:00,EDSA-Center,NB,40.553,976.0,26.394,1.5,2.281
2021-07-12 11:00:00,EDSA-South,SB,38.214,868.0,23.672,2.0,3.199
2021-07-12 12:00:00,EDSA-Center,NB,31.818,1585.0,34.866,2.0,3.589
2021-07-12 13:00:00,EDSA-South,SB,28.938,984.0,24.224,1.0,2.322
2021-07-12 14:00:00,EDSA-South,NB,32.735,923.0,24.23,1.5,2.883
2021-07-12 15:00:00,EDSA-North,SB,31.336,1198.0,30.341,1.0,2.31
2021-07-12 16:00:00,EDSA-Center,SB,27.477,1805.0,38.317,2.0,4.579
2021-07-12 17:00:00,EDSA-Center,SB,21.969,1923.0,36.227,1.5,4.009
2021-07-12 18:00:00,EDSA-North,NB,24.8,2279.0,42.374,2.0,5.165
2021-07-12 19:00:00,EDSA-North,SB,21.145,2184.0,39.253,1.5,4.325
2021-07-12 20:00:00,EDSA-South,SB,21.461,2030.0,38.656,1.0,2.995
2021-07-12 21:00:00,EDSA-Center,NB,34.902,1153.0,28.551,1.5,2.759
2021-07-12 22:00:00,EDSA-North,NB,38.32,1070.0,28.43,1.5,2.318
2021-07-12 23:00:00,EDSA-North,NB,35.935,1139.0,28.732,2.0,3.365
2021-07-13 00:00:00,EDSA-North,NB,31.828,1013.0,27.194,2.0,3.737
2021-07-13 01:00:00,EDSA-North,NB,39.868,1046.0,24.867,2.0,2.797
2021-07-13 02:00:00,EDSA-North,SB,34.122,1040.0,27.737,2.0,2.981
2021-07-13 03:00:00,EDSA-South,SB,33.633,1019.0,27.825,1.5,2.502
2021-07-13 04:00:00,EDSA-South,SB,26.511,1338.0,31.764,1.5,3.445
2021-07-13 05:00:00,EDSA-Center,SB,36.903,1289.0,28.38,1.5,2.71
2021-07-13 06:00:00,EDSA-Center,SB,22.303,1932.0,39.751,1.5,4.234
2021-07-13 07:00:00,EDSA-South,SB,22.3,1885.0,34.743,1.0,2.621
2021-07-13 08:00:00,EDSA-South,NB,20.792,2072.0,38.663,2.0,5.602
2021-07-13 09:00:00,EDSA-North,SB,20.274,2488.0,43.76,1.5,4.394
2021-07-13 10:00:00,EDSA-South,NB,33.891,965.0,23.573,1.5,2.412
2021-07-13 11:00:00,EDSA-North,NB,36.389,1121.0,27.31,2.0,2.769
2021-07-13 12:00:00,EDSA-North,NB,36.917,1166.0,28.852,1.5,2.052
2021-07-13 13:00:00,EDSA-Center,SB,34.307,1130.0,24.349,1.5,2.967
2021-07-13 14:00:00,EDSA-South,NB,37.847,1068.0,26.487,1.5,2.842
2021-07-13 15:00:00,EDSA-North,SB,34.763,1358.0,27.119,2.0,3.64
2021-07-13 16:00:00,EDSA-North,SB,20.487,2182.0,44.874,1.0,2.914
2021-07-13 17:00:00,EDSA-North,NB,22.595,2252.0,42.026,1.0,2.307
2021-07-13 18:00:00,EDSA-Center,NB,17.922,2206.0,41.322,1.0,3.308
2021-07-13 19:00:00,EDSA-South,NB,22.698,2261.0,42.165,2.0,5.44
2021-07-13 20:00:00,EDSA-North,SB,17.373,2385.0,44.339,1.0,3.661
2021-07-13 21:00:00,EDSA-North,NB,31.917,1390.0,32.937,2.0,3.932
2021-07-13 22:00:00,EDSA-North,SB,28.944,1568.0,29.91,2.0,4.448
2021-07-13 23:00:00,EDSA-North,NB,34.475,1369.0,33.365,2.0,3.967
2021-07-14 00:00:00,EDSA-North,SB,39.829,1029.0,29.331,1.0,1.405
2021-07-14 01:00:00,EDSA-Center,SB,34.649,1303.0,29.846,1.5,3.299
2021-07-14 02:00:00,EDSA-Center,SB,36.931,1278.0,29.458,1.5,1.932
2021-07-14 03:00:00,EDSA-Center,SB,42.057,1496.0,25.994,1.0,1.232
2021-07-14 04:00:00,EDSA-South,NB,36.212,976.0,23.735,1.0,1.707
2021-07-14 05:00:00,EDSA-Center,SB,32.704,1250.0,30.418,2.0,3.806
2021-07-14 06:00:00,EDSA-North,NB,20.117,1977.0,40.841,1.5,4.428
2021-07-14 07:00:00,EDSA-Center,NB,22.002,2192.0,42.369,1.5,3.967
2021-07-14 08:00:00,EDSA-North,NB,20.101,2061.0,39.254,2.0,6.52
2021-07-14 09:00:00,EDSA-South,SB,20.326,2186.0,44.694,1.5,4.292
2021-07-14 10:00:00,EDSA-North,SB,37.956,896.0,27.316,2.0,2.907
2021-07-14 11:00:00,EDSA-North,SB,38.078,1293.0,29.079,1.0,1.998
2021-07-14 12:00:00,EDSA-South,NB,30.059,1187.0,33.016,1.0,2.208
2021-07-14 13:00:00,EDSA-Center,NB,32.545,1177.0,26.348,1.0,2.117
2021-07-14 14:00:00,EDSA-North,SB,33.608,1501.0,29.318,1.5,2.727
2021-07-14 15:00:00,EDSA-South,SB,36.797,1081.0,26.591,2.0,2.917
2021-07-14 16:00:00,EDSA-North,SB,25.429,2162.0,39.041,1.5,3.56
2021-07-14 17:00:00,EDSA-South,NB,30.106,2118.0,39.328,1.0,1.615
2021-07-14 18:00:00,EDSA-South,NB,20.603,2136.0,41.856,1.0,2.973
2021-07-14 19:00:00,EDSA-Center,NB,20.753,2500.0,44.381,1.5,4.5
2021-07-14 20:00:00,EDSA-Center,SB,23.766,2111.0,39.965,1.0,2.794
2021-07-14 21:00:00,EDSA-Center,NB,32.953,1048.0,27.168,1.0,1.798
2021-07-14 22:00:00,EDSA-Center,SB,34.577,1487.0,27.473,1.0,1.922
2021-07-14 23:00:00,EDSA-North,NB,33.755,1095.0,24.558,1.5,2.44
2021-07-15 00:00:00,EDSA-North,NB,27.135,861.0,24.132,2.0,4.664
2021-07-15 01:00:00,EDSA-North,SB,35.37,1017.0,25.006,2.0,3.561
2021-07-15 02:00:00,EDSA-South,NB,34.453,926.0,25.181,1.0,1.541
2021-07-15 03:00:00,EDSA-North,NB,38.814,826.0,27.307,2.0,3.224
2021-07-15 04:00:00,EDSA-Center,SB,35.016,1085.0,27.325,1.5,2.843
2021-07-15 05:00:00,EDSA-South,NB,31.236,1137.0,25.435,1.5,2.901
2021-07-15 06:00:00,EDSA-South,SB,21.226,2312.0,40.707,2.0,5.448
2021-07-15 07:00:00,EDSA-North,NB,15.727,2213.0,44.574,1.0,3.86
2021-07-15 08:00:00,EDSA-North,NB,18.367,2205.0,44.124,1.5,5.038
2021-07-15 09:00:00,EDSA-South,NB,23.907,1939.0,39.193,1.0,2.302
2021-07-15 10:00:00,EDSA-North,NB,34.258,1309.0,26.932,1.5,2.375
2021-07-15 11:00:00,EDSA-North,NB,37.768,1400.0,31.718,1.0,1.719
2021-07-15 12:00:00,EDSA-South,SB,29.099,1221.0,29.809,1.0,2.268
2021-07-15 13:00:00,EDSA-South,NB,34.273,1226.0,29.151,1.5,3.163
2021-07-15 14:00:00,EDSA-South,NB,33.573,922.0,24.467,1.0,1.954
2021-07-15 15:00:00,EDSA-South,SB,37.868,1340.0,29.682,2.0,2.867
2021-07-15 16:00:00,EDSA-North,NB,24.018,2421.0,42.257,1.0,3.008
2021-07-15 17:00:00,EDSA-North,NB,23.927,2158.0,38.228,1.0,2.771
2021-07-15 18:00:00,EDSA-North,SB,26.624,1993.0,41.352,1.5,2.879
2021-07-15 19:00:00,EDSA-North,SB,20.896,2071.0,41.279,1.5,4.05
2021-07-15 20:00:00,EDSA-South,NB,26.005,2024.0,38.41,1.5,3.338
2021-07-15 21:00:00,EDSA-North,NB,31.867,1085.0,28.183,2.0,3.975
2021-07-15 22:00:00,EDSA-Center,NB,31.757,1267.0,30.346,1.5,2.239
2021-07-15 23:00:00,EDSA-South,SB,37.258,1200.0,33.489,1.5,2.386
2021-07-16 00:00:00,EDSA-South,NB,30.486,1331.0,32.048,2.0,4.132
2021-07-16 01:00:00,EDSA-North,SB,36.718,1217.0,30.662,1.5,1.743
2021-07-16 02:00:00,EDSA-Center,NB,35.304,994.0,26.512,1.0,1.886
2021-07-16 03:00:00,EDSA-Center,NB,38.216,1060.0,26.32,1.5,2.572
2021-07-16 04:00:00,EDSA-South,SB,34.822,1049.0,29.825,2.0,3.234
2021-07-16 05:00:00,EDSA-Center,NB,35.168,1116.0,29.144,1.0,1.418
2021-07-16 06:00:00,EDSA-North,NB,23.528,2423.0,41.906,2.0,4.885
2021-07-16 07:00:00,EDSA-South,SB,20.012,2452.0,44.804,1.5,3.829
2021-07-16 08:00:00,EDSA-South,SB,19.881,2251.0,43.257,1.0,2.936
2021-07-16 09:00:00,EDSA-Center,NB,23.423,2121.0,35.904,1.5,3.897
2021-07-16 10:00:00,EDSA-North,SB,34.912,905.0,23.562,1.5,2.273
2021-07-16 11:00:00,EDSA-Center,SB,33.778,1190.0,29.406,2.0,3.796
2021-07-16 12:00:00,EDSA-South,SB,34.752,1008.0,22.741,1.0,1.752
2021-07-16 13:00:00,EDSA-South,NB,39.784,1443.0,28.068,1.0,1.573
2021-07-16 14:00:00,EDSA-Center,SB,33.671,861.0,24.359,1.0,1.681
2021-07-16 15:00:00,EDSA-North,NB,33.584,1219.0,30.004,1.5,2.866
2021-07-16 16:00:00,EDSA-Center,SB,16.878,1943.0,39.116,2.0,7.433
2021-07-16 17:00:00,EDSA-South,SB,21.873,2098.0,42.995,2.0,5.384
2021-07-16 18:00:00,EDSA-South,NB,23.971,2220.0,41.393,1.5,3.945
2021-07-16 19:00:00,EDSA-North,SB,24.509,2284.0,41.22,1.5,3.865
2021-07-16 20:00:00,EDSA-North,NB,22.325,2089.0,37.11,1.5,4.136
2021-07-16 21:00:00,EDSA-Center,NB,37.868,1287.0,29.031,1.0,2.004
2021-07-16 22:00:00,EDSA-North,SB,37.194,1031.0,28.269,1.5,2.238
2021-07-16 23:00:00,EDSA-South,SB,38.339,1194.0,30.239,2.0,3.025
2021-07-17 00:00:00,EDSA-North,SB,35.953,1080.0,27.954,1.5,2.309
2021-07-17 01:00:00,EDSA-Center,SB,37.71,960.0,27.132,1.0,1.772
2021-07-17 02:00:00,EDSA-South,SB,32.491,805.0,26.807,1.0,1.779
2021-07-17 03:00:00,EDSA-South,NB,29.019,850.0,24.923,2.0,3.961
2021-07-17 04:00:00,EDSA-South,SB,34.991,1083.0,30.187,2.0,3.845
2021-07-17 05:00:00,EDSA-North,NB,35.342,703.0,21.637,1.0,2.15
2021-07-17 06:00:00,EDSA-South,NB,24.71,1680.0,34.874,1.5,3.56
2021-07-17 07:00:00,EDSA-Center,NB,23.844,1958.0,37.259,2.0,4.691
2021-07-17 08:00:00,EDSA-North,NB,25.836,1771.0,37.651,1.0,2.788
2021-07-17 09:00:00,EDSA-Center,NB,21.86,1588.0,31.938,1.0,2.862
2021-07-17 10:00:00,EDSA-Center,SB,33.686,1143.0,27.503,1.5,2.777
2021-07-17 11:00:00,EDSA-Center,SB,28.845,702.0,19.354,1.5,3.146
2021-07-17 12:00:00,EDSA-North,NB,33.924,864.0,26.126,1.5,2.453
2021-07-17 13:00:00,EDSA-Center,NB,31.342,788.0,26.561,2.0,3.725
2021-07-17 14:00:00,EDSA-Center,SB,33.635,846.0,26.555,2.0,3.737
2021-07-17 15:00:00,EDSA-North,NB,33.164,741.0,25.144,1.5,2.602
2021-07-17 16:00:00,EDSA-South,SB,21.415,1979.0,40.132,1.0,2.91
2021-07-17 17:00:00,EDSA-North,SB,19.708,1870.0,38.604,1.0,3.048
2021-07-17 18:00:00,EDSA-South,NB,22.805,2027.0,40.24,1.0,2.367
2021-07-17 19:00:00,EDSA-North,SB,11.831,1740.0,37.072,1.0,5.477
2021-07-17 20:00:00,EDSA-South,SB,20.57,2234.0,40.079,1.5,4.524
2021-07-17 21:00:00,EDSA-Center,SB,36.607,557.0,21.007,1.0,1.722
2021-07-17 22:00:00,EDSA-North,NB,38.61,615.0,22.209,1.5,2.47
2021-07-17 23:00:00,EDSA-North,SB,35.196,1216.0,28.307,1.0,1.257
2021-07-18 00:00:00,EDSA-South,SB,38.055,985.0,23.199,2.0,3.03
2021-07-18 01:00:00,EDSA-South,NB,33.507,961.0,23.587,1.5,2.304
2021-07-18 02:00:00,EDSA-North,SB,33.009,978.0,26.703,2.0,3.667
2021-07-18 03:00:00,EDSA-Center,SB,34.588,1003.0,28.344,1.5,2.684
2021-07-18 04:00:00,EDSA-Center,NB,32.99,954.0,25.989,1.0,1.854
2021-07-18 05:00:00,EDSA-North,NB,30.653,726.0,28.88,2.0,4.209
2021-07-18 06:00:00,EDSA-Center,SB,18.454,1997.0,36.829,1.0,2.877
2021-07-18 07:00:00,EDSA-South,NB,16.664,1969.0,39.232,2.0,7.002
2021-07-18 08:00:00,EDSA-South,SB,21.585,2107.0,42.514,2.0,5.663
2021-07-18 09:00:00,EDSA-South,NB,20.034,2168.0,42.758,2.0,6.056
2021-07-18 10:00:00,EDSA-North,SB,31.919,959.0,27.344,1.5,2.491
2021-07-18 11:00:00,EDSA-North,SB,31.3,679.0,24.949,1.5,3.175
2021-07-18 12:00:00,EDSA-Center,SB,34.515,1219.0,29.13,1.5,2.993
2021-07-18 13:00:00,EDSA-North,SB,35.341,717.0,26.568,1.5,2.653
2021-07-18 14:00:00,EDSA-Center,NB,29.608,961.0,28.616,2.0,3.676
2021-07-18 15:00:00,EDSA-North,NB,29.137,854.0,23.114,1.5,3.129
2021-07-18 16:00:00,EDSA-North,SB,22.864,1772.0,36.727,1.0,2.709
2021-07-18 17:00:00,EDSA-North,SB,15.875,1988.0,35.463,1.5,5.601
2021-07-18 18:00:00,EDSA-North,NB,21.642,1894.0,40.525,2.0,5.881
2021-07-18 19:00:00,EDSA-South,SB,24.851,1942.0,38.486,1.0,2.385
2021-07-18 20:00:00,EDSA-North,SB,24.858,1703.0,37.984,1.5,4.147
2021-07-18 21:00:00,EDSA-South,NB,35.214,869.0,24.771,2.0,3.604
2021-07-18 22:00:00,EDSA-North,NB,35.126,761.0,20.045,1.0,1.777
2021-07-18 23:00:00,EDSA-North,SB,39.756,864.0,30.213,2.0,3.249
2021-07-19 00:00:00,EDSA-Center,SB,27.997,1129.0,28.241,2.0,4.669
2021-07-19 01:00:00,EDSA-South,NB,33.607,1482.0,30.042,1.0,2.01
2021-07-19 02:00:00,EDSA-North,SB,37.545,1103.0,29.98,2.0,3.177
2021-07-19 03:00:00,EDSA-North,SB,33.988,767.0,27.897,1.5,2.483
2021-07-19 04:00:00,EDSA-South,NB,38.719,1401.0,30.708,1.0,1.269
2021-07-19 05:00:00,EDSA-Center,NB,34.882,1231.0,28.956,1.0,1.11
2021-07-19 06:00:00,EDSA-Center,SB,22.395,2076.0,40.055,1.0,2.723
2021-07-19 07:00:00,EDSA-South,NB,21.176,2021.0,36.723,1.5,4.153
2021-07-19 08:00:00,EDSA-South,NB,20.432,1930.0,36.509,1.0,2.853
2021-07-19 09:00:00,EDSA-Center,NB,20.359,2449.0,47.426,1.5,4.678
2021-07-19 10:00:00,EDSA-Center,SB,35.813,1159.0,28.068,2.0,3.323
2021-07-19 11:00:00,EDSA-North,NB,32.676,837.0,22.953,2.0,4.146
2021-07-19 12:00:00,EDSA-North,SB,37.86,1209.0,27.999,2.0,3.026
2021-07-19 13:00:00,EDSA-Center,SB,36.96,1367.0,32.867,1.5,2.192
2021-07-19 14:00:00,EDSA-North,NB,38.298,1178.0,24.597,2.0,2.819
2021-07-19 15:00:00,EDSA-South,NB,31.613,988.0,26.868,1.5,3.028
2021-07-19 16:00:00,EDSA-South,NB,16.902,1922.0,42.723,1.0,3.838
2021-07-19 17:00:00,EDSA-North,NB,21.987,1935.0,42.013,2.0,5.309
2021-07-19 18:00:00,EDSA-Center,SB,30.696,2374.0,44.146,1.0,1.689
2021-07-19 19:00:00,EDSA-North,SB,25.799,2087.0,42.335,2.0,5.034
2021-07-19 20:00:00,EDSA-Center,SB,20.337,1798.0,38.989,1.5,4.063
2021-07-19 21:00:00,EDSA-North,SB,36.274,1219.0,28.768,2.0,3.561
2021-07-19 22:00:00,EDSA-Center,SB,37.183,1175.0,30.367,1.0,1.471
2021-07-19 23:00:00,EDSA-Center,SB,30.895,1069.0,30.873,1.5,3.012
2021-07-20 00:00:00,EDSA-Center,SB,39.109,966.0,23.585,1.5,2.57
2021-07-20 01:00:00,EDSA-Center,NB,34.498,958.0,27.176,1.5,2.728
2021-07-20 02:00:00,EDSA-North,SB,34.728,1346.0,31.197,1.5,2.518
2021-07-20 03:00:00,EDSA-South,NB,35.071,1195.0,28.944,1.5,2.915
2021-07-20 04:00:00,EDSA-South,SB,38.434,1236.0,29.245,2.0,3.195
2021-07-20 05:00:00,EDSA-South,NB,32.734,1194.0,29.195,2.0,4.586
2021-07-20 06:00:00,EDSA-Center,SB,16.879,2159.0,41.159,1.0,3.128
2021-07-20 07:00:00,EDSA-South,SB,22.969,2016.0,41.118,2.0,4.794
2021-07-20 08:00:00,EDSA-Center,NB,15.869,2063.0,40.377,1.5,5.92
2021-07-20 09:00:00,EDSA-South,SB,21.097,2310.0,41.906,1.5,4.258
2021-07-20 10:00:00,EDSA-North,SB,38.561,1405.0,29.473,1.0,1.754
2021-07-20 11:00:00,EDSA-North,SB,36.737,930.0,24.75,2.0,2.992
2021-07-20 12:00:00,EDSA-Center,NB,38.127,1113.0,28.316,2.0,3.161
2021-07-20 13:00:00,EDSA-Center,SB,36.861,1301.0,28.55,1.0,1.742
2021-07-20 14:00:00,EDSA-South,SB,42.231,1489.0,34.013,2.0,2.706
2021-07-20 15:00:00,EDSA-North,NB,33.235,1471.0,32.774,1.0,1.863
2021-07-20 16:00:00,EDSA-South,NB,23.194,1957.0,40.49,2.0,4.833
2021-07-20 17:00:00,EDSA-North,SB,20.686,2330.0,41.212,1.0,2.999
2021-07-20 18:00:00,EDSA-Center,NB,24.87,2111.0,38.309,1.5,3.98
2021-07-20 19:00:00,EDSA-South,NB,21.815,2288.0,44.284,1.0,2.441
2021-07-20 20:00:00,EDSA-Center,SB,27.157,2242.0,41.742,2.0,4.094
2021-07-20 21:00:00,EDSA-South,NB,33.408,922.0,25.204,1.5,2.991
2021-07-20 22:00:00,EDSA-South,NB,39.221,1249.0,30.761,2.0,2.731
2021-07-20 23:00:00,EDSA-South,NB,36.779,1331.0,31.63,1.5,2.657
2021-07-21 00:00:00,EDSA-Center,NB,34.903,1146.0,25.672,1.0,1.733
2021-07-21 01:00:00,EDSA-Center,NB,36.627,1106.0,30.484,2.0,3.172
2021-07-21 02:00:00,EDSA-North,SB,35.784,867.0,24.151,1.0,2.043
2021-07-21 03:00:00,EDSA-Center,SB,36.068,1273.0,33.04,1.5,2.727
2021-07-21 04:00:00,EDSA-South,SB,34.379,1188.0,25.99,1.0,1.815
2021-07-21 05:00:00,EDSA-Center,NB,32.895,984.0,26.951,1.0,1.286
2021-07-21 06:00:00,EDSA-Center,NB,20.995,2041.0,38.804,1.5,4.465
2021-07-21 07:00:00,EDSA-North,SB,16.951,2128.0,36.219,2.0,6.812
2021-07-21 08:00:00,EDSA-Center,NB,24.526,1999.0,40.01,1.0,2.391
2021-07-21 09:00:00,EDSA-North,SB,18.295,2100.0,36.008,1.0,3.282
2021-07-21 10:00:00,EDSA-South,NB,34.347,835.0,24.019,2.0,3.968
2021-07-21 11:00:00,EDSA-Center,SB,36.944,1393.0,33.227,1.0,1.561
2021-07-21 12:00:00,EDSA-North,SB,37.518,1153.0,27.198,1.0,1.244
2021-07-21 13:00:00,EDSA-North,SB,29.676,952.0,24.142,2.0,4.411
2021-07-21 14:00:00,EDSA-South,NB,34.724,707.0,24.734,1.5,2.773
2021-07-21 15:00:00,EDSA-South,NB,36.379,1335.0,29.856,1.0,1.84
2021-07-21 16:00:00,EDSA-South,SB,22.156,2200.0,40.195,2.0,5.788
2021-07-21 17:00:00,EDSA-North,NB,26.032,2138.0,42.836,1.5,3.888
2021-07-21 18:00:00,EDSA-North,SB,19.535,2255.0,39.303,2.0,5.92
2021-07-21 19:00:00,EDSA-North,NB,15.853,2255.0,40.713,1.5,5.329
2021-07-21 20:00:00,EDSA-South,SB,24.431,2135.0,41.985,1.5,3.894
2021-07-21 21:00:00,EDSA-South,NB,33.389,1104.0,25.235,1.5,2.63
2021-07-21 22:00:00,EDSA-South,SB,29.724,1075.0,30.912,1.5,2.985
2021-07-21 23:00:00,EDSA-North,SB,34.524,1226.0,28.663,1.5,2.326
2021-07-22 00:00:00,EDSA-North,SB,38.692,1401.0,32.866,1.0,1.697
2021-07-22 01:00:00,EDSA-South,NB,31.21,1131.0,29.757,2.0,3.945
2021-07-22 02:00:00,EDSA-South,NB,42.008,1416.0,30.977,2.0,2.818
2021-07-22 03:00:00,EDSA-South,NB,32.486,1217.0,28.039,1.5,2.423
2021-07-22 04:00:00,EDSA-North,SB,35.261,1219.0,28.927,2.0,3.705
2021-07-22 05:00:00,EDSA-North,NB,31.343,1583.0,34.629,1.5,2.935
2021-07-22 06:00:00,EDSA-North,SB,22.125,2397.0,41.298,2.0,5.703
2021-07-22 07:00:00,EDSA-South,NB,21.599,2402.0,40.918,2.0,5.03
2021-07-22 08:00:00,EDSA-South,NB,17.532,1956.0,41.167,2.0,6.859
2021-07-22 09:00:00,EDSA-Center,SB,30.477,2495.0,42.918,1.0,1.789
2021-07-22 10:00:00,EDSA-North,NB,33.514,1135.0,28.763,1.0,1.799
2021-07-22 11:00:00,EDSA-South,NB,33.517,1109.0,27.35,1.5,2.921
2021-07-22 12:00:00,EDSA-North,SB,37.907,761.0,23.44,2.0,3.258
2021-07-22 13:00:00,EDSA-South,SB,40.443,1209.0,31.761,1.0,1.488
2021-07-22 14:00:00,EDSA-South,SB,38.379,955.0,25.812,1.0,1.567
2021-07-22 15:00:00,EDSA-South,SB,31.396,1223.0,28.356,1.0,1.521
2021-07-22 16:00:00,EDSA-South,SB,22.642,1891.0,36.906,1.5,3.748
2021-07-22 17:00:00,EDSA-Center,SB,16.356,2424.0,42.564,2.0,7.617
2021-07-22 18:00:00,EDSA-Center,NB,24.705,2199.0,39.652,1.5,3.517
2021-07-22 19:00:00,EDSA-North,NB,17.094,2510.0,43.57,2.0,7.305
2021-07-22 20:00:00,EDSA-South,NB,19.59,1916.0,41.059,1.0,3.269
2021-07-22 21:00:00,EDSA-South,SB,34.99,1429.0,32.855,1.0,1.935
2021-07-22 22:00:00,EDSA-North,SB,36.335,826.0,23.803,2.0,3.386
2021-07-22 23:00:00,EDSA-South,NB,34.217,1187.0,30.619,1.5,2.521
2021-07-23 00:00:00,EDSA-North,SB,39.557,1036.0,23.743,1.0,1.479
2021-07-23 01:00:00,EDSA-Center,NB,37.17,1069.0,30.049,1.0,1.774
2021-07-23 02:00:00,EDSA-North,SB,36.934,1057.0,29.746,2.0,2.718
2021-07-23 03:00:00,EDSA-Center,SB,31.312,985.0,30.804,2.0,4.143
2021-07-23 04:00:00,EDSA-Center,SB,40.098,923.0,27.641,2.0,2.868
2021-07-23 05:00:00,EDSA-Center,SB,32.591,1070.0,28.184,1.5,2.74
2021-07-23 06:00:00,EDSA-South,SB,27.213,2121.0,42.672,2.0,4.39
2021-07-23 07:00:00,EDSA-South,NB,28.067,2309.0,41.007,2.0,4.266
2021-07-23 08:00:00,EDSA-Center,NB,23.538,2153.0,39.671,1.5,3.495
2021-07-23 09:00:00,EDSA-South,SB,25.096,2310.0,42.136,1.0,2.429
2021-07-23 10:00:00,EDSA-Center,NB,25.751,884.0,27.903,2.0,4.809
2021-07-23 11:00:00,EDSA-North,NB,34.415,1072.0,25.617,1.5,2.104
2021-07-23 12:00:00,EDSA-North,NB,38.306,1278.0,27.773,1.5,2.024
2021-07-23 13:00:00,EDSA-North,SB,37.774,1212.0,29.408,2.0,3.401
2021-07-23 14:00:00,EDSA-South,SB,31.341,995.0,27.877,1.0,2.092
2021-07-23 15:00:00,EDSA-Center,SB,34.119,1318.0,28.752,2.0,3.592
2021-07-23 16:00:00,EDSA-Center,SB,14.391,2004.0,40.091,1.0,3.999
2021-07-23 17:00:00,EDSA-Center,SB,23.239,1960.0,40.978,1.0,2.761
2021-07-23 18:00:00,EDSA-South,SB,16.35,2188.0,43.259,1.5,5.204
2021-07-23 19:00:00,EDSA-Center,SB,25.391,2101.0,40.569,1.5,3.51
2021-07-23 20:00:00,EDSA-North,NB,25.548,2006.0,38.586,1.0,2.022
2021-07-23 21:00:00,EDSA-North,SB,33.577,1050.0,30.544,2.0,3.533
2021-07-23 22:00:00,EDSA-Center,NB,36.564,957.0,26.041,1.5,2.204
2021-07-23 23:00:00,EDSA-Center,SB,34.349,1079.0,29.287,2.0,3.683
2021-07-24 00:00:00,EDSA-South,SB,33.726,1098.0,31.544,2.0,3.666
2021-07-24 01:00:00,EDSA-Center,SB,29.558,944.0,27.527,1.5,2.902
2021-07-24 02:00:00,EDSA-South,SB,34.867,1073.0,25.34,1.5,2.854
2021-07-24 03:00:00,EDSA-Center,SB,28.076,993.0,23.94,1.5,2.966
2021-07-24 04:00:00,EDSA-Center,SB,27.51,790.0,23.487,2.0,4.353
2021-07-24 05:00:00,EDSA-Center,NB,32.634,603.0,23.355,2.0,3.523
2021-07-24 06:00:00,EDSA-Center,NB,19.366,1683.0,35.946,1.0,3.284
2021-07-24 07:00:00,EDSA-South,SB,20.817,1729.0,40.0,1.5,4.484
2021-07-24 08:00:00,EDSA-North,SB,18.051,1715.0,36.296,1.0,3.649
2021-07-24 09:00:00,EDSA-Center,NB,25.657,2027.0,38.351,1.0,2.359
2021-07-24 10:00:00,EDSA-North,SB,33.482,1075.0,25.092,2.0,2.844
2021-07-24 11:00:00,EDSA-South,SB,33.699,1298.0,32.289,1.5,2.563
2021-07-24 12:00:00,EDSA-South,SB,33.592,763.0,23.757,2.0,3.964
2021-07-24 13:00:00,EDSA-Center,NB,36.009,1188.0,25.644,2.0,3.251
2021-07-24 14:00:00,EDSA-South,SB,34.728,1186.0,28.688,1.0,1.248
2021-07-24 15:00:00,EDSA-Center,NB,34.326,858.0,22.878,1.5,2.734
2021-07-24 16:00:00,EDSA-North,NB,22.208,1935.0,37.104,1.0,2.833
2021-07-24 17:00:00,EDSA-Center,SB,14.526,2073.0,39.556,1.0,3.949
2021-07-24 18:00:00,EDSA-South,SB,14.639,1839.0,35.043,1.0,4.037
2021-07-24 19:00:00,EDSA-North,NB,19.772,1825.0,35.717,1.5,4.34
2021-07-24 20:00:00,EDSA-North,NB,19.407,1737.0,34.188,1.0,3.222
2021-07-24 21:00:00,EDSA-North,NB,34.739,475.0,19.03,1.5,2.605
2021-07-24 22:00:00,EDSA-South,SB,33.06,913.0,23.48,1.0,1.523
2021-07-24 23:00:00,EDSA-Center,SB,34.746,772.0,22.915,2.0,3.451
2021-07-25 00:00:00,EDSA-South,NB,29.263,706.0,21.335,2.0,3.917
2021-07-25 01:00:00,EDSA-South,NB,32.968,976.0,27.397,1.5,3.095
2021-07-25 02:00:00,EDSA-Center,SB,28.977,639.0,22.747,1.0,2.294
2021-07-25 03:00:00,EDSA-South,NB,34.161,1045.0,29.408,2.0,3.482
2021-07-25 04:00:00,EDSA-North,NB,27.365,987.0,30.124,1.5,3.309
2021-07-25 05:00:00,EDSA-North,NB,34.045,828.0,25.876,1.5,2.897
2021-07-25 06:00:00,EDSA-Center,SB,15.593,1839.0,37.743,1.0,3.804
2021-07-25 07:00:00,EDSA-Center,NB,18.849,1636.0,35.992,1.0,3.373
2021-07-25 08:00:00,EDSA-North,NB,22.685,1985.0,39.461,1.5,4.337
2021-07-25 09:00:00,EDSA-North,NB,20.682,1884.0,37.463,1.5,4.229
2021-07-25 10:00:00,EDSA-North,NB,28.063,947.0,25.833,2.0,4.688
2021-07-25 11:00:00,EDSA-South,NB,30.983,990.0,24.346,1.0,2.275
2021-07-25 12:00:00,EDSA-South,NB,28.496,784.0,25.698,1.0,2.168
2021-07-25 13:00:00,EDSA-South,NB,27.916,627.0,22.143,2.0,4.188
2021-07-25 14:00:00,EDSA-Center,NB,33.353,1072.0,30.231,2.0,3.657
2021-07-25 15:00:00,EDSA-Center,NB,34.681,1024.0,28.606,2.0,3.399
2021-07-25 16:00:00,EDSA-South,SB,21.322,1754.0,34.615,1.0,2.616
2021-07-25 17:00:00,EDSA-Center,NB,21.808,1924.0,40.315,1.0,2.884
2021-07-25 18:00:00,EDSA-North,SB,19.964,2076.0,34.458,2.0,5.755
2021-07-25 19:00:00,EDSA-Center,SB,19.18,2055.0,43.193,1.5,4.608
2021-07-25 20:00:00,EDSA-South,SB,16.781,1748.0,33.129,1.5,5.282
2021-07-25 21:00:00,EDSA-Center,SB,31.68,632.0,23.258,2.0,3.447
2021-07-25 22:00:00,EDSA-South,SB,29.036,663.0,23.478,1.0,2.231
2021-07-25 23:00:00,EDSA-South,NB,30.465,844.0,26.952,1.0,1.912
2021-07-26 00:00:00,EDSA-North,NB,35.267,1413.0,30.595,2.0,3.727
2021-07-26 01:00:00,EDSA-South,NB,34.647,1019.0,22.426,2.0,3.402
2021-07-26 02:00:00,EDSA-Center,SB,44.194,1043.0,26.336,1.5,1.935
2021-07-26 03:00:00,EDSA-Center,SB,30.963,1039.0,26.51,1.0,1.712
2021-07-26 04:00:00,EDSA-North,SB,34.625,1054.0,23.026,1.0,1.743
2021-07-26 05:00:00,EDSA-Center,SB,30.729,1148.0,28.293,1.0,1.964
2021-07-26 06:00:00,EDSA-North,NB,20.837,1870.0,35.049,1.5,4.505
2021-07-26 07:00:00,EDSA-North,NB,20.959,2295.0,43.393,1.5,4.311
2021-07-26 08:00:00,EDSA-South,NB,24.535,2074.0,39.058,1.5,4.192
2021-07-26 09:00:00,EDSA-North,NB,20.651,2546.0,48.904,1.0,3.019
2021-07-26 10:00:00,EDSA-Center,SB,34.426,939.0,25.283,2.0,3.239
2021-07-26 11:00:00,EDSA-North,NB,33.709,1436.0,32.377,2.0,3.292
2021-07-26 12:00:00,EDSA-North,SB,30.797,1400.0,30.679,1.0,2.082
2021-07-26 13:00:00,EDSA-Center,SB,33.044,1076.0,24.126,2.0,3.377
2021-07-26 14:00:00,EDSA-South,NB,33.854,1079.0,26.998,1.5,2.807
2021-07-26 15:00:00,EDSA-South,SB,35.221,984.0,27.825,2.0,3.631
2021-07-26 16:00:00,EDSA-Center,NB,23.677,1936.0,39.171,1.0,2.764
2021-07-26 17:00:00,EDSA-Center,SB,21.296,2100.0,39.262,2.0,5.418
2021-07-26 18:00:00,EDSA-South,SB,21.243,2104.0,36.979,2.0,5.879
2021-07-26 19:00:00,EDSA-North,NB,16.838,1812.0,37.822,2.0,7.208
2021-07-26 20:00:00,EDSA-South,SB,23.619,2513.0,45.437,2.0,4.929
2021-07-26 21:00:00,EDSA-North,NB,32.912,1103.0,29.375,2.0,3.606
2021-07-26 22:00:00,EDSA-North,SB,37.241,1162.0,27.813,2.0,3.34
2021-07-26 23:00:00,EDSA-Center,NB,38.949,1037.0,23.56,2.0,2.913
2021-07-27 00:00:00,EDSA-North,NB,34.436,1102.0,28.74,1.5,2.689
2021-07-27 01:00:00,EDSA-South,NB,31.93,1086.0,27.466,2.0,4.12
2021-07-27 02:00:00,EDSA-South,NB,34.95,1149.0,31.002,2.0,3.674
2021-07-27 03:00:00,EDSA-Center,NB,36.046,1147.0,28.252,1.5,2.517
2021-07-27 04:00:00,EDSA-South,SB,34.053,1295.0,29.8,1.5,2.701
2021-07-27 05:00:00,EDSA-South,SB,33.308,1191.0,29.53,1.5,2.568
2021-07-27 06:00:00,EDSA-South,SB,23.691,2227.0,40.114,1.5,3.672
2021-07-27 07:00:00,EDSA-South,NB,23.493,2098.0,38.539,1.5,3.447
2021-07-27 08:00:00,EDSA-Center,NB,20.961,2142.0,40.133,1.0,2.925
2021-07-27 09:00:00,EDSA-North,SB,17.038,2057.0,37.51,1.5,5.453
2021-07-27 10:00:00,EDSA-South,NB,36.369,1331.0,29.843,2.0,3.282
2021-07-27 11:00:00,EDSA-Center,NB,32.698,1208.0,32.772,1.0,1.616
2021-07-27 12:00:00,EDSA-South,NB,35.643,1122.0,29.983,2.0,3.383
2021-07-27 13:00:00,EDSA-South,NB,35.453,1116.0,28.452,1.5,2.874
2021-07-27 14:00:00,EDSA-North,NB,29.333,1130.0,31.102,1.0,2.27
2021-07-27 15:00:00,EDSA-Center,SB,35.243,1155.0,26.638,1.5,2.546
2021-07-27 16:00:00,EDSA-North,NB,23.544,2090.0,44.714,2.0,5.609
2021-07-27 17:00:00,EDSA-North,SB,23.911,1999.0,37.772,1.0,3.184
2021-07-27 18:00:00,EDSA-South,NB,22.352,2238.0,45.441,2.0,5.249
2021-07-27 19:00:00,EDSA-South,NB,16.068,2249.0,45.563,2.0,7.407
2021-07-27 20:00:00,EDSA-South,SB,25.831,2421.0,40.036,1.0,2.496
2021-07-27 21:00:00,EDSA-South,SB,36.233,1041.0,29.91,2.0,3.084
2021-07-27 22:00:00,EDSA-Center,NB,31.39,1270.0,29.037,1.5,3.079
2021-07-27 23:00:00,EDSA-Center,NB,32.637,806.0,23.137,1.5,2.783
2021-07-28 00:00:00,EDSA-South,SB,35.694,1299.0,30.99,1.0,1.774
2021-07-28 01:00:00,EDSA-Center,NB,37.039,888.0,23.194,2.0,3.096
2021-07-28 02:00:00,EDSA-Center,SB,33.536,973.0,27.191,1.0,1.592
2021-07-28 03:00:00,EDSA-North,NB,37.477,1210.0,27.031,2.0,2.706
2021-07-28 04:00:00,EDSA-South,SB,29.622,1038.0,27.293,1.5,3.41
2021-07-28 05:00:00,EDSA-South,NB,31.873,1013.0,29.326,2.0,4.0
2021-07-28 06:00:00,EDSA-South,SB,15.807,2013.0,39.619,1.0,3.964
2021-07-28 07:00:00,EDSA-Center,SB,19.308,2231.0,40.641,1.0,3.195
